{
    "__comment": "Smoothcraft 2016",
    "variants": {
        "normal": [
            { "model": "crafting_table", "weight": 12.5 },
            { "model": "crafting_table1", "weight": 12.5 },
            { "model": "crafting_table2", "weight": 12.5 },
            { "model": "crafting_table3", "weight": 12.5 },
			{ "model": "crafting_table4", "weight": 12.5 },
            { "model": "crafting_table5", "weight": 12.5 },
            { "model": "crafting_table6", "weight": 12.5 },
            { "model": "crafting_table7", "weight": 12.5 }
        ]
    }
}
