{
    "__createdwith": "opl's Model Creator",
    "ambientocclusion": false,
    "textures": {
        "particle": "blocks/cactus_side",
        "side": "blocks/cactus_side",
        "bottom": "blocks/cactus_bottom",
        "top": "blocks/cactus_top"
    },
    "elements": [
        {
            "from": [0,0,0],
            "to": [16,16,16],
            "faces": {
                "up": {
                    "texture": "#top",
                    "cullface": "up"
                },
                "down": {
                    "texture": "#bottom",
                    "cullface": "down"
                }
            }
        },
        {
            "from": [0,0,1],
            "to": [16,16,15],
            "faces": {
                "north": {
                    "texture": "#side"
                },
                "south": {
                    "texture": "#side"
                }
            }
        },
        {
            "from": [1,0,0],
            "to": [15,16,16],
            "faces": {
                "west": {
                    "texture": "#side"
                },
                "east": {
                    "texture": "#side"
                }
            }
        },
        {
            "from": [-7,5,5],
            "to": [0,13,11],
            "faces": {
                "up": {
                    "uv": [5,5,12,11],
                    "texture": "#top"
                },
                "down": {
                    "uv": [5,5,12,11],
                    "texture": "#top"
                },
                "west": {
                    "uv": [4,8,10,16],
                    "texture": "#side"
                },
                "east": {
                    "texture": "#side"
                },
                "north": {
                    "uv": [9,2,2,10],
                    "texture": "#side"
                },
                "south": {
                    "uv": [13,2,6,10],
                    "texture": "#side"
                }
            }
        },
        {
            "from": [-5,2,6],
            "to": [1,7,10],
            "faces": {
                "up": {
                    "uv": [6,6,12,10],
                    "texture": "#top"
                },
                "down": {
                    "uv": [6,6,12,10],
                    "texture": "#top"
                },
                "west": {
                    "texture": "#side"
                },
                "east": {
                    "texture": "#side"
                },
                "north": {
                    "uv": [10,9,4,14],
                    "texture": "#side"
                },
                "south": {
                    "uv": [10,9,4,14],
                    "texture": "#side"
                }
            }
        }
    ]
}