{
    "__comment": "JimStoneCraft - 2014",
    "variants": {
        "half=bottom": [
            { "model": "half_slab_cobblestone", "weight": 25 },
            { "model": "half_slab_cobblestone1", "weight": 25 },
            { "model": "half_slab_cobblestone2", "weight": 25 },
            { "model": "half_slab_cobblestone3", "weight": 25 }
        ],
        "half=top": [
            { "model": "upper_slab_cobblestone", "weight": 25 },
            { "model": "upper_slab_cobblestone1", "weight": 25 },
            { "model": "upper_slab_cobblestone2", "weight": 25 },
            { "model": "upper_slab_cobblestone3", "weight": 25 }
        ]
    }
}
