{
    "__comment": "Smoothcraft 2016",
    "variants": {
        "normal": [
            { "model": "cobblestone", "weight": 12.5 },
            { "model": "cobblestone1", "weight": 12.5 },
            { "model": "cobblestone2", "weight": 12.5 },
            { "model": "cobblestone3", "weight": 12.5 },
			{ "model": "cobblestone4", "weight": 12.5 },
            { "model": "cobblestone5", "weight": 12.5 },
            { "model": "cobblestone6", "weight": 12.5 },
            { "model": "cobblestone7", "weight": 12.5 }
        ]
    }
}
