{
    "__comment": "Smoothcraft 2016",
	"variants": {
        "normal": [
			{ "model": "crafting_table" , "weight": 5 },
			{ "model": "crafting_table1" , "weight": 5 },
			{ "model": "crafting_table2" , "weight": 5 },
			{ "model": "crafting_table3" , "weight": 5 },
			{ "model": "crafting_table4" , "weight": 5 },
			{ "model": "crafting_table5" , "weight": 5 },
			{ "model": "crafting_table6" , "weight": 5 },
			{ "model": "crafting_table7" , "weight": 5 },
			{ "model": "crafting_table8" , "weight": 5 },
			{ "model": "crafting_table9" , "weight": 5 },
			{ "model": "crafting_table10" , "weight": 5 },
			{ "model": "crafting_table11" , "weight": 5 },
			{ "model": "crafting_table12" , "weight": 5 },
			{ "model": "crafting_table13" , "weight": 5 },
			{ "model": "crafting_table14" , "weight": 5 },
			{ "model": "crafting_table15" , "weight": 5 },
			{ "model": "crafting_table16" , "weight": 5 },
			{ "model": "crafting_table17" , "weight": 5 },
			{ "model": "crafting_table18" , "weight": 5 },
			{ "model": "crafting_table19" , "weight": 5 }
		]
    }
}
