{
    "__comment": "Smoothcraft 2016",
    "variants": {
        "normal": [
            { "model": "mossy_cobblestone", "weight": 12.5 },
            { "model": "mossy_cobblestone1", "weight": 12.5 },
            { "model": "mossy_cobblestone2", "weight": 12.5 },
            { "model": "mossy_cobblestone3", "weight": 12.5 },
			{ "model": "mossy_cobblestone4", "weight": 12.5 },
            { "model": "mossy_cobblestone5", "weight": 12.5 },
            { "model": "mossy_cobblestone6", "weight": 12.5 },
            { "model": "mossy_cobblestone7", "weight": 12.5 }
        ]
    }
}
