{
    "__comment": "Smoothcraft 2015",
    "variants": {
        "half=bottom": [
            { "model": "half_slab_red_sandstone", "weight": 25 },
            { "model": "half_slab_red_sandstone1", "weight": 25 },
            { "model": "half_slab_red_sandstone2", "weight": 25 },
            { "model": "half_slab_red_sandstone3", "weight": 25 }
        ],
        "half=top": [
            { "model": "upper_slab_red_sandstone", "weight": 25 },
            { "model": "upper_slab_red_sandstone1", "weight": 25 },
            { "model": "upper_slab_red_sandstone2", "weight": 25 },
            { "model": "upper_slab_red_sandstone3", "weight": 25 }
        ]
    }
}
