{
    "__comment": "Fair warning, this format is highly likely to change even more in the future!",
    "variants": {
        "normal": [
			{ "model": "stonebrick_normal", "weight": 15 },
			{ "model": "stonebrick/1", "weight": 15 },
            { "model": "stonebrick/2", "weight": 20 },
            { "model": "stonebrick/3", "weight": 10 },
			{ "model": "stonebrick/4", "weight": 10 },
            { "model": "stonebrick/5", "weight": 10 },
			{ "model": "stonebrick/6", "weight": 15 }
		]
    }
}
