{
    "variants": {
        "normal": [
            { "model": "foliage/waterlily/waterlily" },
            { "model": "foliage/waterlily/waterlily1" },
            { "model": "foliage/waterlily/waterlily2" },
            { "model": "foliage/waterlily/waterlily", "y": 90 },
            { "model": "foliage/waterlily/waterlily1", "y": 90 },
            { "model": "foliage/waterlily/waterlily2", "y": 90 },
            { "model": "foliage/waterlily/waterlily", "y": 180 },
            { "model": "foliage/waterlily/waterlily1", "y": 180 },
            { "model": "foliage/waterlily/waterlily2", "y": 180 },
            { "model": "foliage/waterlily/waterlily", "y": 270 },
            { "model": "foliage/waterlily/waterlily1", "y": 270 },
            { "model": "foliage/waterlily/waterlily2", "y": 270 }
        ]
    }
}
