{
    "variants": {
        "snowy=false,variant=smoldering": [
            { "model": "biomesoplenty:smoldering_grass_block" },
            { "model": "biomesoplenty:smoldering_grass_block", "y": 90 },
            { "model": "biomesoplenty:smoldering_grass_block", "y": 180 },
            { "model": "biomesoplenty:smoldering_grass_block", "y": 270 }
        	],
        "snowy=true,variant=smoldering": [
            { "model": "biomesoplenty:smoldering_grass_block" },
            { "model": "biomesoplenty:smoldering_grass_block", "y": 90 },
            { "model": "biomesoplenty:smoldering_grass_block", "y": 180 },
            { "model": "biomesoplenty:smoldering_grass_block", "y": 270 }
        	],
        	
        "snowy=false,variant=spectral_moss": [
            { "model": "biomesoplenty:spectral_moss" },
            { "model": "biomesoplenty:spectral_moss", "y": 90 },
            { "model": "biomesoplenty:spectral_moss", "y": 180 },
            { "model": "biomesoplenty:spectral_moss", "y": 270 }
        	],
        "snowy=true,variant=spectral_moss": [
            { "model": "biomesoplenty:spectral_moss" },
            { "model": "biomesoplenty:spectral_moss", "y": 90 },
            { "model": "biomesoplenty:spectral_moss", "y": 180 },
            { "model": "biomesoplenty:spectral_moss", "y": 270 }
        	],
        	
        "snowy=false,variant=loamy": [
            { "model": "biomesoplenty:loamy_grass_block" },
            { "model": "biomesoplenty:loamy_grass_block", "y": 90 },
            { "model": "biomesoplenty:loamy_grass_block", "y": 180 },
            { "model": "biomesoplenty:loamy_grass_block", "y": 270 }
        	],
        "snowy=true,variant=loamy": [
            { "model": "biomesoplenty:loamy_grass_block_snowed" },
            { "model": "biomesoplenty:loamy_grass_block_snowed", "y": 90 },
            { "model": "biomesoplenty:loamy_grass_block_snowed", "y": 180 },
            { "model": "biomesoplenty:loamy_grass_block_snowed", "y": 270 }
        	],
        	
        "snowy=false,variant=sandy": [
            { "model": "biomesoplenty:sandy_grass_block" },
            { "model": "biomesoplenty:sandy_grass_block", "y": 90 },
            { "model": "biomesoplenty:sandy_grass_block", "y": 180 },
            { "model": "biomesoplenty:sandy_grass_block", "y": 270 }
        	],
        "snowy=true,variant=sandy": [
            { "model": "biomesoplenty:sandy_grass_block_snowed" },
            { "model": "biomesoplenty:sandy_grass_block_snowed", "y": 90 },
            { "model": "biomesoplenty:sandy_grass_block_snowed", "y": 180 },
            { "model": "biomesoplenty:sandy_grass_block_snowed", "y": 270 }
        	],
        	
        "snowy=false,variant=silty": [
            { "model": "biomesoplenty:silty_grass_block" },
            { "model": "biomesoplenty:silty_grass_block", "y": 90 },
            { "model": "biomesoplenty:silty_grass_block", "y": 180 },
            { "model": "biomesoplenty:silty_grass_block", "y": 270 }
        	],
        "snowy=true,variant=silty": [
            { "model": "biomesoplenty:silty_grass_block_snowed" },
            { "model": "biomesoplenty:silty_grass_block_snowed", "y": 90 },
            { "model": "biomesoplenty:silty_grass_block_snowed", "y": 180 },
            { "model": "biomesoplenty:silty_grass_block_snowed", "y": 270 }
        	],
        	
        "snowy=false,variant=origin": [
            { "model": "biomesoplenty:origin_grass_block" },
            { "model": "biomesoplenty:origin_grass_block", "y": 90 },
            { "model": "biomesoplenty:origin_grass_block", "y": 180 },
            { "model": "biomesoplenty:origin_grass_block", "y": 270 }
        	],
        "snowy=true,variant=origin": [
            { "model": "biomesoplenty:origin_grass_block_snowed" },
            { "model": "biomesoplenty:origin_grass_block_snowed", "y": 90 },
            { "model": "biomesoplenty:origin_grass_block_snowed", "y": 180 },
            { "model": "biomesoplenty:origin_grass_block_snowed", "y": 270 }
        	],
        	
        "snowy=false,variant=overgrown_netherrack": [
            { "model": "biomesoplenty:overgrown_netherrack" },
            { "model": "biomesoplenty:overgrown_netherrack", "y": 90 },
            { "model": "biomesoplenty:overgrown_netherrack", "y": 180 },
            { "model": "biomesoplenty:overgrown_netherrack", "y": 270 }
        	],
        "snowy=true,variant=overgrown_netherrack":  [
            { "model": "biomesoplenty:overgrown_netherrack" },
            { "model": "biomesoplenty:overgrown_netherrack", "y": 90 },
            { "model": "biomesoplenty:overgrown_netherrack", "y": 180 },
            { "model": "biomesoplenty:overgrown_netherrack", "y": 270 }
        	],
        	
        "snowy=false,variant=daisy": [
            { "model": "biomesoplenty:daisy_grass_block" },
            { "model": "biomesoplenty:daisy_grass_block", "y": 90 },
            { "model": "biomesoplenty:daisy_grass_block", "y": 180 },
            { "model": "biomesoplenty:daisy_grass_block", "y": 270 }
        	],
        "snowy=true,variant=daisy": [
            { "model": "biomesoplenty:daisy_grass_block_snowed" },
            { "model": "biomesoplenty:daisy_grass_block_snowed", "y": 90 },
            { "model": "biomesoplenty:daisy_grass_block_snowed", "y": 180 },
            { "model": "biomesoplenty:daisy_grass_block_snowed", "y": 270 }
        	]
    }
}
