{
    "parent": "block/block",
    "__comment": "This file was created by Eleazzaar for Lithos:Core",
    "ambientocclusion": false,
    "textures": {
        "particle": "blocks/glass",
        "glass": "blocks/glass",
        "obsidian": "blocks/obsidian",
        "beacon": "blocks/beacon3d"
    },
    "elements": [
        {   "__comment": "Glass shell",
            "from": [ 0, 0, 0 ],
            "to": [ 16, 16, 16 ],
            "faces": {
                "down":  { "uv": [ 0, 0, 16, 16 ], "texture": "#glass" },
                "up":    { "uv": [ 0, 0, 16, 16 ], "texture": "#glass" },
                "north": { "uv": [ 0, 0, 16, 16 ], "texture": "#glass" },
                "south": { "uv": [ 0, 0, 16, 16 ], "texture": "#glass" },
                "west":  { "uv": [ 0, 0, 16, 16 ], "texture": "#glass" },
                "east":  { "uv": [ 0, 0, 16, 16 ], "texture": "#glass" }
            }
        },
        {   "__comment": "Obsidian base",
            "from": [ 2, 0.1, 2 ],
            "to": [ 14, 3, 14 ],
            "faces": {
                "down":  { "uv": [ 2,  2, 14, 14 ], "texture": "#obsidian" },
                "up":    { "uv": [ 0,  0, 16, 16 ], "texture": "#beacon" },
                "north": { "uv": [ 2, 13, 14, 16 ], "texture": "#obsidian" },
                "south": { "uv": [ 2, 13, 14, 16 ], "texture": "#obsidian" },
                "west":  { "uv": [ 2, 13, 14, 16 ], "texture": "#obsidian" },
                "east":  { "uv": [ 2, 13, 14, 16 ], "texture": "#obsidian" }
            }
        },
        {   "__comment": "Inner beacon texture",
            "from": [ 4, 4, 6.5 ],
            "to": [ 12, 12, 9.5 ],
            "rotation": { "origin": [ 8, 8, 8 ], "axis": "z", "angle": 45, "rescale": false },
            "shade": false,
            "faces": {
                "down":  { "uv": [ 3, 6, 13, 10 ], "texture": "#beacon" },
                "up":    { "uv": [ 3, 6, 13, 10 ], "texture": "#beacon" },
                "north": { "uv": [ 3, 3, 13, 13 ], "texture": "#beacon" },
                "south": { "uv": [ 3, 3, 13, 13 ], "texture": "#beacon" },
                "west":  { "uv": [ 6, 3, 10, 13 ], "texture": "#beacon" },
                "east":  { "uv": [ 6, 3, 10, 13 ], "texture": "#beacon" }
            }
        },
        {   "__comment": "Inner beacon texture",
            "from": [ 6.5, 4, 4 ],
            "to": [ 9.5, 12, 12 ],
            "rotation": { "origin": [ 8, 8, 8 ], "axis": "x", "angle": 45, "rescale": false },
            "shade": false,
            "faces": {
                "down":  { "uv": [ 6, 3, 10, 13 ], "texture": "#beacon" },
                "up":    { "uv": [ 6, 3, 10, 13 ], "texture": "#beacon" },
                "north": { "uv": [ 6, 3, 10, 13 ], "texture": "#beacon" },
                "south": { "uv": [ 6, 3, 10, 13 ], "texture": "#beacon" },
                "west":  { "uv": [ 3, 3, 13, 13 ], "texture": "#beacon" },
                "east":  { "uv": [ 3, 3, 13, 13 ], "texture": "#beacon" }
            }
        }
    ]
}
