{"__createdwith":"opl's Model Maker",
"ambientocclusion":true,
"textures":{"particle":"blocks/bed_head_top",
"side":"blocks/bed_head_side",
"bottom":"blocks/planks_oak",
"end":"blocks/bed_head_end",
"top":"blocks/bed_head_top"},

"elements":[

{"from":[0,3,0],"to":[16,9,8],
"faces":{
"up":{"uv":[0,0,8,16],"texture":"#top", "rotation": 90 },
"down":{"uv":[0,0,16,8],"texture":"#bottom"},
"west":{"uv":[0,7,8,13],"texture":"#side"},
"east":{"uv":[0,7,8,13],"texture":"#side"}}},

{"from":[0,3,8],"to":[16,10,16],
"faces":{
"up":{"uv":[8,0,16,16],"texture":"#top", "rotation": 90 },
"down":{"uv":[0,8,16,16],"texture":"#bottom"},
"west":{"uv":[8,7,16,13],"texture":"#side"},
"east":{"uv":[16,7,8,13],"texture":"#side"},
"north":{"uv":[0,7,16,13],"texture":"#end"},
"south":{"uv":[0,7,16,13],"texture":"#end"}}},

{"from":[0,0,13.5],"to":[2.5,3,16],
"faces":{
"down":{"uv":[13.5,13.75,16,16],"texture":"#end"},
"west":{"uv":[13.5,13,16,16],"texture":"#side"},
"east":{"uv":[16,13,13.5,16],"texture":"#side"},
"north":{"uv":[13.5,13,16,16],"texture":"#end"},
"south":{"uv":[0,13,2.5,16],"texture":"#end"}}},

{"from":[13.5,0,13.5],"to":[16,3,16],
"faces":{
"down":{"uv":[0,13.5,2.5,16],"texture":"#end"},
"west":{"uv":[13.5,13,16,16],"texture":"#side"},
"east":{"uv":[16,13,13.5,16],"texture":"#side"},
"north":{"uv":[0,13,2.5,16],"texture":"#end"},
"south":{"uv":[13.5,13,16,16],"texture":"#end"}}}]}