{"__createdwith":"opl's Model Maker"
,"ambientocclusion":true,
"textures":{
"books1":"blocks/bookshelf",
"books2":"blocks/bookshelf2",
"books3":"blocks/bookshelf3",
"books4":"blocks/bookshelf4",
"particle":"blocks/bookshelf",
"wood":"blocks/planks_oak",
"shelf-edge":"blocks/bookshelf3d",
"shelf-edge-up":"blocks/bookshelf3d2",
"shelf-edge-down":"blocks/bookshelf3d3"},

"elements":[
{
"from":[0,15.5,0],"to":[16,16,16],
"shade": false,
"faces":{

"up":{"uv":[0,0,16,16],"texture":"#wood"},
"down":{"uv":[0,0,16,16],"texture":"#shelf-edge-down"},
"west":{"uv":[0,0,16,0.5],"texture":"#books1"},
"east":{"uv":[0,0,16,0.5],"texture":"#books1"},
"north":{"uv":[0,0,16,0.5],"texture":"#books1"},
"south":{"uv":[0,0,16,0.5],"texture":"#books1"}}},

{"from":[0,0,0],"to":[16,0.5,16],
"shade": false,
"faces":{

"up":{"uv":[0,0,16,16],"texture":"#shelf-edge-up"},
"down":{"uv":[0,0,16,16],"texture":"#wood"},
"west":{"uv":[0,15.5,16,16],"texture":"#books1"},
"east":{"uv":[0,15.5,16,16],"texture":"#books1"},
"north":{"uv":[0,15.5,16,16],"texture":"#books1"},
"south":{"uv":[0,15.5,16,16],"texture":"#books1"}}},

{"from":[1,0.5,1],"to":[15,15.5,15],
"shade": false,
"faces":{

"west":{"uv":[1,0.5,15,15.5],"texture":"#books4"},
"east":{"uv":[1,0.5,15,15.5],"texture":"#books2"},
"north":{"uv":[1,0.5,15,15.5],"texture":"#books3"},
"south":{"uv":[1,0.5,15,15.5],"texture":"#books1"}}},

{"from":[0,0.5,0],"to":[1,15.5,1],
"shade": false,
"faces":{

"west":{"uv":[0,0.5,1,15.5],"texture":"#books4"},
"east":{"uv":[1,0.5,2,15.5],"texture":"#shelf-edge"},
"north":{"uv":[15,0.5,16,15.5],"texture":"#books3"},
"south":{"uv":[0,0.5,1,15.5],"texture":"#shelf-edge"}}},

{"from":[15,0.5,15],"to":[16,15.5,16],
"shade": false,
"faces":{

"west":{"uv":[1,0.5,2,15.5],"texture":"#shelf-edge"},
"east":{"uv":[0,0.5,1,15.5],"texture":"#books2"},
"north":{"uv":[0,0.5,1,15.5],"texture":"#shelf-edge"},
"south":{"uv":[15,0.5,16,15.5],"texture":"#books1"}}},

{"from":[0,0.5,15],"to":[1,15.5,16],
"shade": false,
"faces":{

"west":{"uv":[15,0.5,16,15.5],"texture":"#books4"},
"east":{"uv":[0,0.5,1,15.5],"texture":"#shelf-edge"},
"north":{"uv":[1,0.5,2,15.5],"texture":"#shelf-edge"},
"south":{"uv":[0,0.5,1,15.5],"texture":"#books1"}}},

{"from":[15,0.5,0],"to":[16,15.5,1],
"shade": false,
"faces":{

"west":{"uv":[0,0.5,1,15.5],"texture":"#shelf-edge"},
"east":{"uv":[15,0.5,16,15.5],"texture":"#books2"},
"north":{"uv":[0,0.5,1,15.5],"texture":"#books3"},
"south":{"uv":[1,0.5,2,15.5],"texture":"#shelf-edge"}}},

{"from":[0,7.5,0],"to":[16,8.5,16],
"shade": false,
"faces":{

"up":{"uv":[0,0,16,16],"texture":"#shelf-edge-up"},
"down":{"uv":[0,0,16,16],"texture":"#shelf-edge-down"},
"west":{"uv":[0,7.5,16,8.5],"texture":"#books3"},
"east":{"uv":[0,7.5,16,8.5],"texture":"#books2"},
"north":{"uv":[0,7.5,16,8.5],"texture":"#books3"},
"south":{"uv":[0,7.5,16,8.5],"texture":"#books1"}}}]}