{
    "__comment": "Created in part with opl's Model Creator",
    "ambientocclusion": false,
    "textures": {
        "side": "blocks/cauldron_side",
        "top": "blocks/cauldron_top",
        "bottom": "blocks/cauldron_bottom",
        "particle": "blocks/cauldron_side",
        "inside": "blocks/cauldron_inner",
        "water": "blocks/water_still"
    },
    "elements": [
        {
            "from": [0,3,0],
            "to": [2,16,16],
            "faces": {
                "up": {
                    "texture": "#top",
                    "cullface": "up"
                },
                "down": {
                    "texture": "#inside",
                    "cullface": "down"
                },
                "west": {
                    "uv": [ 0, 0, 16, 13 ],
                    "texture": "#side",
                    "cullface": "west"
                },
                "east": {
                	"uv": [ 0, 0, 16, 13 ],
                    "texture": "#side"
                },
                "north": {
                    "uv": [2,0,0,13],
                    "texture": "#side",
                    "cullface": "north"
                },
                "south": {
                    "texture": "#side",
                    "cullface": "south"
                }
            }
        },
        {
            "from": [2,3,2],
            "to": [14,4,14],
            "faces": {
                "up": {
                    "texture": "#inside",
                    "cullface": "up"
                },
                "down": {
                    "texture": "#inside",
                    "cullface": "down"
                }
            }
        },
        {
            "from": [14,3,0],
            "to": [16,16,16],
            "faces": {
                "up": {
                    "texture": "#top",
                    "cullface": "up"
                },
                "down": {
                    "texture": "#inside",
                    "cullface": "down"
                },
                "west": {
                	"uv": [ 0, 0, 16, 13 ],
                    "texture": "#side"
                },
                "east": {
                    "uv": [ 0, 0, 16, 13 ],
                    "texture": "#side",
                    "cullface": "east"
                },
                "north": {
                    "uv": [16,0,14,13],
                    "texture": "#side",
                    "cullface": "north"
                },
                "south": {
                    "texture": "#side",
                    "cullface": "south"
                }
            }
        },
        {
            "from": [2,3,0],
            "to": [14,16,2],
            "faces": {
                "up": {
                    "texture": "#top",
                    "cullface": "up"
                },
                "down": {
                    "texture": "#inside",
                    "cullface": "down"
                },
                "north": {
                    "texture": "#side",
                    "cullface": "north"
                },
                "south": {
                    "texture": "#side"
                }
            }
        },
        {
            "from": [2,3,14],
            "to": [14,16,16],
            "faces": {
                "up": {
                    "texture": "#top",
                    "cullface": "up"
                },
                "down": {
                    "texture": "#inside",
                    "cullface": "down"
                },
                "north": {
                    "texture": "#side"
                },
                "south": {
                    "texture": "#side",
                    "cullface": "south"
                }
            }
        },
        {
            "from": [1,0,1],
            "to": [4,2,4],
            "faces": {
                "down": {
                    "uv": [1,4,4,1],
                    "texture": "#inside",
                    "cullface": "down"
                },
                "west": {
                    "uv": [0.5,14,3.5,16],
                    "texture": "#side",
                    "cullface": "west"
                },
                "east": {
                    "texture": "#inside",
                    "cullface": "east"
                },
                "north": {
                    "uv": [3.5,14,0.5,16],
                    "texture": "#side",
                    "cullface": "north"
                },
                "south": {
                    "texture": "#inside",
                    "cullface": "south"
                }
            }
        },
        {
            "from": [12,0,1],
            "to": [15,2,4],
            "faces": {
                "down": {
                    "uv": [4,12,1,15],
                    "texture": "#inside",
                    "cullface": "down"
                },
                "west": {
                    "texture": "#inside",
                    "cullface": "west"
                },
                "east": {
                    "uv": [0.5,14,3.5,16],
                    "texture": "#side",
                    "cullface": "east"
                },
                "north": {
                    "uv": [15.5,14,12.5,16],
                    "texture": "#side",
                    "cullface": "north"
                },
                "south": {
                    "texture": "#inside",
                    "cullface": "south"
                }
            }
        },
        {
            "from": [12,0,12],
            "to": [15,2,15],
            "faces": {
                "down": {
                    "uv": [12,15,15,12],
                    "texture": "#inside"
                },
                "west": {
                    "texture": "#inside"
                },
                "east": {
                    "uv": [12.5,14,15.5,16],
                    "texture": "#side"
                },
                "north": {
                    "uv": [16,13,12,16],
                    "texture": "#inside"
                },
                "south": {
                    "uv": [12.5,14,15.5,16],
                    "texture": "#side"
                }
            }
        },
        {
            "from": [2,15,2],
            "to": [14,15,14],
            "faces": {
                "up": {
                    "texture": "#water"
                }
            }
        },
        {
            "from": [1,0,12],
            "to": [4,2,15],
            "faces": {
                "down": {
                    "uv": [15,1,12,4],
                    "texture": "#inside"
                },
                "west": {
                    "uv": [12.5,14,15.5,16],
                    "texture": "#side"
                },
                "east": {
                    "texture": "#inside"
                },
                "north": {
                    "uv": [16,13,12,16],
                    "texture": "#inside"
                },
                "south": {
                    "uv": [0.5,14,3.5,16],
                    "texture": "#side"
                }
            }
        },
        {
            "from": [1,2,1],
            "to": [5,3,5],
            "faces": {
                "down": {
                    "uv": [1,4,4,1],
                    "texture": "#inside"
                },
                "west": {
                    "uv": [0.5,13,4.5,14],
                    "texture": "#side"
                },
                "east": {
                    "texture": "#inside"
                },
                "north": {
                    "uv": [15.5,13,11.5,14],
                    "texture": "#side"
                },
                "south": {
                    "texture": "#inside"
                }
            }
        },
        {
            "from": [1,2,11],
            "to": [5,3,15],
            "faces": {
                "down": {
                    "uv": [15,1,12,4],
                    "texture": "#inside"
                },
                "west": {
                    "uv": [11.5,13,15.5,14],
                    "texture": "#side"
                },
                "east": {
                    "texture": "#inside"
                },
                "north": {
                    "uv": [16,13,12,16],
                    "texture": "#inside"
                },
                "south": {
                    "uv": [0.5,13,4.5,14],
                    "texture": "#side"
                }
            }
        },
        {
            "from": [11,2,11],
            "to": [15,3,15],
            "faces": {
                "down": {
                    "uv": [12,15,15,12],
                    "texture": "#inside"
                },
                "west": {
                    "texture": "#inside"
                },
                "east": {
                    "uv": [11.5,13,15.5,14],
                    "texture": "#side"
                },
                "north": {
                    "uv": [16,13,12,16],
                    "texture": "#inside"
                },
                "south": {
                    "uv": [11.5,13,15.5,14],
                    "texture": "#side"
                }
            }
        },
        {
            "from": [11,2,1],
            "to": [15,3,5],
            "faces": {
                "down": {
                    "uv": [4,12,1,15],
                    "texture": "#inside",
                    "cullface": "down"
                },
                "west": {
                    "texture": "#inside",
                    "cullface": "west"
                },
                "east": {
                    "uv": [0.5,13,4.5,14],
                    "texture": "#side",
                    "cullface": "east"
                },
                "north": {
                    "uv": [15.5,13,11.5,14],
                    "texture": "#side",
                    "cullface": "north"
                },
                "south": {
                    "texture": "#inside",
                    "cullface": "south"
                }
            }
        }
    ]
}