{
    "__comment": "Created in part with opl's Model Creator",
    "ambientocclusion": false,
    "textures": {
        "edge": "blocks/door_iron3d-edge",
        "back": "blocks/door_iron_lower3d",
        "particle": "blocks/door_iron_lower3d",
        "front": "blocks/door_iron_lower3d-rh"
    },
    "elements": [
        {
            "from": [0,0,14],
            "to": [3,16,16],
            "faces": {
                "down": {
                    "uv": [16,0,14,3],
                    "texture": "#edge",
                    "rotation": 90
                },
                "west": {
                    "texture": "#front",
                    "cullface": "west"
                },
                "east": {
                    "uv": [0,0,2,16],
                    "texture": "#back"
                },
                "north": {
                    "uv": [15.5,0,12.5,16],
                    "texture": "#edge"
                },
                "south": {
                    "texture": "#edge"
                }
            }
        },
        {
            "from": [0,13,2],
            "to": [3,15,14],
            "faces": {
                "up": {
                    "uv": [2,0,14,3],
                    "texture": "#edge",
                    "cullface": "up",
                    "rotation": 90
                },
                "down": {
                    "uv": [14,0,2,3],
                    "texture": "#edge",
                    "rotation": 90
                },
                "west": {
                    "uv": [2,1,14,3],
                    "texture": "#front",
                    "cullface": "west"
                },
                "east": {
                    "uv": [2,1,14,3],
                    "texture": "#back"
                }
            }
        },
        {
            "from": [0,0,2],
            "to": [3,3,14],
            "faces": {
                "up": {
                    "uv": [4,0,12,3],
                    "texture": "#edge",
                    "rotation": 90
                },
                "down": {
                    "uv": [14,0,2,3],
                    "texture": "#edge",
                    "rotation": 90
                },
                "west": {
                    "uv": [2,13,14,16],
                    "texture": "#front"
                },
                "east": {
                    "uv": [2,13,14,16],
                    "texture": "#back"
                }
            }
        },
        {
            "from": [0,0,0],
            "to": [3,16,2],
            "faces": {
                "down": {
                    "uv": [2,0,0,3],
                    "texture": "#edge",
                    "rotation": 90
                },
                "west": {
                    "texture": "#front"
                },
                "east": {
                    "uv": [14,0,16,16],
                    "texture": "#back"
                },
                "north": {
                    "texture": "#edge"
                },
                "south": {
                    "uv": [0.5,0,3.5,16],
                    "texture": "#edge"
                }
            }
        },
        {
            "from": [0,3,6.5],
            "to": [3,7,9.5],
            "faces": {
                "west": {
                    "uv": [6.5,9,9.5,13],
                    "texture": "#front"
                },
                "east": {
                    "uv": [6.5,9,9.5,13],
                    "texture": "#back"
                },
                "north": {
                    "uv": [8.5,4,11.5,8],
                    "texture": "#edge"
                },
                "south": {
                    "texture": "#edge"
                }
            }
        },
        {
            "from": [1,3,2],
            "to": [2,7,6.5],
            "faces": {
                "west": {
                    "uv": [2,9,6.5,13],
                    "texture": "#front"
                },
                "east": {
                    "uv": [9.5,9,14,13],
                    "texture": "#back"
                }
            }
        },
        {
            "from": [1,3,9.5],
            "to": [2,7,14],
            "faces": {
                "west": {
                    "uv": [9.5,9,14,13],
                    "texture": "#front"
                },
                "east": {
                    "uv": [2,9,6.5,13],
                    "texture": "#back"
                }
            }
        },
        {
            "from": [1,9,9.5],
            "to": [2,13,14],
            "faces": {
                "west": {
                    "uv": [9.5,3,14,7],
                    "texture": "#front"
                },
                "east": {
                    "uv": [2,3,6.5,7],
                    "texture": "#back"
                }
            }
        },
        {
            "from": [0,9,6.5],
            "to": [3,13,9.5],
            "faces": {
                "west": {
                    "uv": [6.5,3,9.5,7],
                    "texture": "#front"
                },
                "east": {
                    "uv": [6.5,3,9.5,7],
                    "texture": "#back"
                },
                "north": {
                    "uv": [8.5,0.5,11.5,4.5],
                    "texture": "#edge"
                },
                "south": {
                    "texture": "#edge"
                }
            }
        },
        {
            "from": [1,9,2],
            "to": [2,13,6.5],
            "faces": {
                "west": {
                    "uv": [2,3,6.5,7],
                    "texture": "#front"
                },
                "east": {
                    "uv": [9.5,3,14,7],
                    "texture": "#back"
                }
            }
        },
        {
            "from": [0,7,2],
            "to": [3,9,14],
            "faces": {
                "up": {
                    "uv": [2,0,14,3],
                    "texture": "#edge",
                    "cullface": "up",
                    "rotation": 90
                },
                "down": {
                    "uv": [14,0,2,3],
                    "texture": "#edge",
                    "rotation": 90
                },
                "west": {
                    "uv": [2,7,14,9],
                    "texture": "#front",
                    "cullface": "west"
                },
                "east": {
                    "uv": [2,7,14,9],
                    "texture": "#back"
                }
            }
        },
        {
            "from": [1,15,2],
            "to": [2,16,6.5],
            "faces": {
                "west": {
                    "uv": [2,0,6.5,1],
                    "texture": "#front"
                },
                "east": {
                    "uv": [9.5,0,14,1],
                    "texture": "#back"
                }
            }
        },
        {
            "from": [1,15,9.5],
            "to": [2,16,14],
            "faces": {
                "west": {
                    "uv": [9.5,0,14,1],
                    "texture": "#front"
                },
                "east": {
                    "uv": [2,0,6.5,1],
                    "texture": "#back"
                }
            }
        },
        {
            "from": [0,15,6.5],
            "to": [3,16,9.5],
            "faces": {
                "west": {
                    "uv": [6.5,0,9.5,1],
                    "texture": "#front"
                },
                "east": {
                    "uv": [6.5,0,9.5,1],
                    "texture": "#back"
                },
                "north": {
                    "texture": "#edge"
                },
                "south": {
                    "texture": "#edge"
                }
            }
        }
    ]
}