{
    "__comment": "Created in part with opl's Model Creator",
    "ambientocclusion": false,
    "textures": {
        "side": "blocks/endframe_side",
        "top": "blocks/endframe_top",
        "bottom": "blocks/end_stone",
        "particle": "blocks/endframe_side",
        "inside": "blocks/hardened_clay_stained_blue"
    },
    "elements": [
        {
            "from": [0,0,0],
            "to": [16,8.5,16],
            "faces": {
                "up": {
                    "texture": "#top"
                },
                "down": {
                    "texture": "#bottom",
                    "cullface": "down"
                },
                "west": {
                    "uv": [0, 7.5, 16, 16],
                    "texture": "#side",
                    "cullface":"west"
                },
                "east": {
                    "uv": [0, 7.5, 16, 16],
                    "texture": "#side",
                    "cullface":"east"
                },
                "north": {
                    "texture": "#side",
                    "cullface":"north"
                },
                "south": {
                    "texture": "#side",
                    "cullface":"south"
                }
            }
        },
        {
            "from": [0,8.5,0],
            "to": [4.5,13,16],
            "faces": {
                "up": {
                    "texture": "#top"
                },
                "down": {
                    "texture": "#bottom"
                },
                "west": {
                    "uv": [0, 3, 16, 8],
                    "texture": "#side",
                    "cullface":"west"
                },
                "east": {
                	"uv": [0, 3, 16, 8],
                    "texture": "#inside"
                },
                "north": {
                    "uv": [11.5,3,16,8],
                    "texture": "#side",
                    "cullface":"north"
                },
                "south": {
                    "uv": [0,3,4.5,8],
                    "texture": "#side",
                    "cullface":"south"
                }
            }
        },
        {
            "from": [11.5,8.5,0],
            "to": [16,13,16],
            "faces": {
                "up": {
                    "texture": "#top"
                },
                "down": {
                    "texture": "#bottom"
                },
                "west": {
                    "uv": [0,10,16,16],
                    "texture": "#inside"
                },
                "east": {
                    "uv": [0, 3, 16, 8],
                    "texture": "#side",
                    "cullface":"east"
                },
                "north": {
                    "uv": [0,3,4.5,8],
                    "texture": "#side",
                    "cullface":"north"
                },
                "south": {
                    "uv": [11.5,3,16,8],
                    "texture": "#side",
                    "cullface":"south"
                }
            }
        },
        {
            "from": [4.5,8.5,0],
            "to": [11.5,13,4.5],
            "faces": {
                "up": {
                    "texture": "#top"
                },
                "down": {
                    "texture": "#bottom"
                },
                "west": {
                    "texture": "#side"
                },
                "east": {
                    "texture": "#inside"
                },
                "north": {
                    "texture": "#side",
                    "cullface":"north"
                },
                "south": {
                    "uv": [9,10,16,16],
                    "texture": "#inside"
                }
            }
        },
        {
            "from": [4.5,8.5,11.5],
            "to": [11.5,13,16],
            "faces": {
                "up": {
                    "texture": "#top"
                },
                "down": {
                    "texture": "#bottom"
                },
                "west": {
                    "texture": "#side"
                },
                "east": {
                    "texture": "#inside"
                },
                "north": {
                    "uv": [0,0,7,6],
                    "texture": "#inside"
                },
                "south": {
                    "texture": "#side",
                    "cullface":"south"
                }
            }
        }
    ]
}