{
    "__comment": "Created in part with opl's Model Creator",
    "ambientocclusion": false,
    "textures": {
        "bars_v": "blocks/iron_bars_v",
        "bars_h": "blocks/iron_bars_h"
    },
    "elements": [
        {
            "from": [7,15.5,9],
            "to": [9,16.5,16],
            "faces": {
                "up": {
                    "uv": [9.0,0.0,16.0,2.0],
                    "texture": "#bars_h",
                    "rotation": 90
                },
                "down": {
                    "uv": [9.0,3.0,16.0,5.0],
                    "texture": "#bars_h",
                    "rotation": 90
                },
                "west": {
                    "uv": [9.0,2.0,16.0,3.0],
                    "texture": "#bars_h"
                },
                "east": {
                    "uv": [9.0,5.0,16.0,6.0],
                    "texture": "#bars_h"
                },
                "south": {
                    "uv": [7.0,2.0,9.0,3.0],
                    "texture": "#bars_h"
                }
            }
        },
        {
            "from": [7,-0.5,9],
            "to": [9,0.5,16],
            "faces": {
                "up": {
                    "uv": [9.0,6.0,16.0,8.0],
                    "texture": "#bars_h",
                    "rotation": 90
                },
                "down": {
                    "uv": [9.0,9.0,16.0,11.0],
                    "texture": "#bars_h",
                    "rotation": 90
                },
                "west": {
                    "uv": [9.0,8.0,16.0,9.0],
                    "texture": "#bars_h"
                },
                "east": {
                    "uv": [9.0,11.0,16.0,12.0],
                    "texture": "#bars_h"
                },
                "south": {
                    "uv": [7.0,8.0,9.0,9.0],
                    "texture": "#bars_h"
                }
            }
        },
        {
            "from": [7.25,0,12.5],
            "to": [8.75,16,14],
            "faces": {
                "west": {
                    "uv": [7.5,0.0,9.0,16.0],
                    "texture": "#bars_v"
                },
                "east": {
                    "uv": [10.5,0.0,12.0,16.0],
                    "texture": "#bars_v"
                },
                "north": {
                    "uv": [6.0,0.0,7.5,16.0],
                    "texture": "#bars_v"
                },
                "south": {
                    "uv": [10.5,0.0,9.0,16.0],
                    "texture": "#bars_v"
                }
            }
        }
    ]
}