{   "parent": "block/block",
    "display": {
        "gui": {
            "rotation": [ 30, 135, 0 ],
            "translation": [ 0, 0, 0],
            "scale":[ 0.625, 0.625, 0.625 ]
        }
    },
    "ambientocclusion": false,
    "textures": {
        "bars_v": "blocks/iron_bars_v",
        "particle": "blocks/iron_bars_v",
        "bars_h": "blocks/iron_bars_h"
    },
    "elements": [
        {
            "from": [7,15.5,0],
            "to": [9,16.5,16],
            "faces": {
                "up": {
                    "uv": [0,0,7,2],
                    "texture": "#bars_h",
                    "rotation": 90
                },
                "down": {
                    "uv": [0,3,7,5],
                    "texture": "#bars_h",
                    "rotation": 90
                },
                "west": {
                    "uv": [0,2,7,3],
                    "texture": "#bars_h"
                },
                "east": {
                    "uv": [0,5,7,6],
                    "texture": "#bars_h"
                },
                "north": {
                    "uv": [7,5,9,6],
                    "texture": "#bars_h"
                },
                "south": {
                    "uv": [7,2,9,3],
                    "texture": "#bars_h"
                }
            }
        },
        {
            "from": [7,-0.5,0],
            "to": [9,0.5,16],
            "faces": {
                "up": {
                    "uv": [0,6,7,8],
                    "texture": "#bars_h",
                    "rotation": 90
                },
                "down": {
                    "uv": [0,9,7,11],
                    "texture": "#bars_h",
                    "rotation": 90
                },
                "west": {
                    "uv": [0,8,7,9],
                    "texture": "#bars_h"
                },
                "east": {
                    "uv": [0,11,7,12],
                    "texture": "#bars_h"
                },
                "north": {
                    "uv": [7,11,9,12],
                    "texture": "#bars_h"
                },
                "south": {
                    "uv": [7,11,9,12],
                    "texture": "#bars_h"
                }
            }
        },
        {
            "from": [7.25,0,1.75],
            "to": [8.75,16,3.25],
            "faces": {
                "west": {
                    "uv": [7.5,0.0,9.0,16.0],
                    "texture": "#bars_v"
                },
                "east": {
                    "uv": [10.5,0.0,12.0,16.0],
                    "texture": "#bars_v"
                },
                "north": {
                    "uv": [6.0,0.0,7.5,16.0],
                    "texture": "#bars_v"
                },
                "south": {
                    "uv": [10.5,0.0,9.0,16.0],
                    "texture": "#bars_v"
                }
            }
        },
        {
            "from": [7.25,0,7.25],
            "to": [8.75,16,8.75],
            "faces": {
                "west": {
                    "uv": [7.5,0.0,9.0,16.0],
                    "texture": "#bars_v"
                },
                "east": {
                    "uv": [10.5,0.0,12.0,16.0],
                    "texture": "#bars_v"
                },
                "north": {
                    "uv": [6.0,0.0,7.5,16.0],
                    "texture": "#bars_v"
                },
                "south": {
                    "uv": [10.5,0.0,9.0,16.0],
                    "texture": "#bars_v"
                }
            }
        },
        {
            "from": [7.25,0,12.75],
            "to": [8.75,16,14.25],
            "faces": {
                "west": {
                    "uv": [7.5,0.0,9.0,16.0],
                    "texture": "#bars_v"
                },
                "east": {
                    "uv": [10.5,0.0,12.0,16.0],
                    "texture": "#bars_v"
                },
                "north": {
                    "uv": [6.0,0.0,7.5,16.0],
                    "texture": "#bars_v"
                },
                "south": {
                    "uv": [10.5,0.0,9.0,16.0],
                    "texture": "#bars_v"
                }
            }
        }
    ]
}