{"__createdwith":"opl's Model Maker","ambientocclusion":false,"textures":{"particle":"blocks/ladder3d","pole":"blocks/ladder3d","rung":"blocks/ladder3d2"},"elements":[{"from":[2,0,14.5],"to":[3.5,16,16],"faces":{"up":{"uv":[6,0,7.5,1.5],"texture":"#pole"},"down":{"uv":[6,1.5,7.5,3],"texture":"#pole"},"west":{"uv":[0,0,1.5,16],"texture":"#pole"},"east":{"uv":[4.5,0,6,16],"texture":"#pole"},"north":{"uv":[3,0,4.5,16],"texture":"#pole"},"south":{"uv":[1.5,0,3,16],"texture":"#pole"}}},{"from":[12.5,0,14.5],"to":[14,16,16],"faces":{"up":{"uv":[6,1.5,7.5,3],"texture":"#pole"},"down":{"uv":[6,0,7.5,1.5],"texture":"#pole"},"west":{"uv":[0,0,1.5,16],"texture":"#pole"},"east":{"uv":[4.5,0,6,16],"texture":"#pole"},"north":{"uv":[3,0,4.5,16],"texture":"#particle"},"south":{"uv":[1.5,0,3,16],"texture":"#pole"}}},{"from":[1,13.5,13],"to":[15,15,14.5],"faces":{"up":{"uv":[0,0,14,1.5],"texture":"#rung"},"down":{"uv":[0,3,14,4.5],"texture":"#rung"},"west":{"uv":[14,7.5,15.5,9],"texture":"#rung"},"east":{"uv":[14,1.5,15.5,3],"texture":"#rung"},"north":{"uv":[0,1.5,14,3],"texture":"#rung"},"south":{"uv":[0,4.5,14,6],"texture":"#rung"}}},{"from":[1,1.5,13],"to":[15,3,14.5],"faces":{"up":{"uv":[0,6,14,7.5],"texture":"#rung"},"down":{"uv":[0,9,14,10.5],"texture":"#rung"},"west":{"uv":[14,1.5,15.5,3],"texture":"#rung"},"east":{"uv":[14,7.5,15.5,9],"texture":"#rung"},"north":{"uv":[0,7.5,14,9],"texture":"#rung"},"south":{"uv":[0,4.5,14,6],"texture":"#rung"}}},{"from":[1,9.5,13],"to":[15,11,14.5],"faces":{"up":{"uv":[0,6,14,7.5],"texture":"#rung"},"down":{"uv":[0,9,14,10.5],"texture":"#rung"},"west":{"uv":[14,1.5,15.5,3],"texture":"#rung"},"east":{"uv":[14,7.5,15.5,9],"texture":"#rung"},"north":{"uv":[0,7.5,14,9],"texture":"#rung"},"south":{"uv":[0,4.5,14,6],"texture":"#rung"}}},{"from":[1,5.5,13],"to":[15,7,14.5],"faces":{"up":{"uv":[0,10.5,14,12],"texture":"#rung"},"down":{"uv":[0,13.5,14,15],"texture":"#rung"},"west":{"uv":[14,12,15.5,13.5],"texture":"#rung"},"east":{"uv":[14,12,15.5,13.5],"texture":"#rung"},"north":{"uv":[0,12,14,13.5],"texture":"#rung"},"south":{"uv":[0,4.5,14,6],"texture":"#rung"}}}]}