{
    "__comment": "Created in part with opl's Model Creator",
    "ambientocclusion": false,
    "textures": {
        "particle": "blocks/lever-3d",
        "lever": "blocks/lever",
        "base": "blocks/lever-3d"
    },
    "elements": [
        {
            "from": [5,0,10.5],
            "to": [11,3,13],
            "faces": {
                "up": {
                    "uv": [3,10.5,9,13],
                    "texture": "#base"
                },
                "down": {
                    "uv": [3,3,9,5],
                    "texture": "#base"
                },
                "west": {
                    "uv": [3,11,0,13],
                    "texture": "#base",
                    "rotation": 90
                },
                "east": {
                    "uv": [3,3,0,5],
                    "texture": "#base",
                    "rotation": 90
                },
                "north": {
                    "uv": [14,14,16,16],
                    "texture": "#base"
                },
                "south": {
                    "uv": [3,13,9,16],
                    "texture": "#base"
                }
            }
        },
        {
            "from": [7,1,7],
            "to": [9,11,9],
             "rotation": { "origin": [ 8, 2, 8 ], "axis": "x", "angle": -45 },
            "faces": {
                "up": {
                    "uv": [7,6,9,8],
                    "texture": "#lever"
                },
                "west": {
                    "uv": [7,6,9,16],
                    "texture": "#lever"
                },
                "east": {
                    "uv": [7,6,9,16],
                    "texture": "#lever"
                },
                "north": {
                    "uv": [7,6,9,16],
                    "texture": "#lever"
                },
                "south": {
                    "uv": [7,6,9,16],
                    "texture": "#lever"
                }
            }
        },
        {
            "from": [5,0,3],
            "to": [11,3,5.5],
            "faces": {
                "up": {
                    "uv": [3,3,9,5.5],
                    "texture": "#base"
                },
                "down": {
                    "uv": [3,11,9,13],
                    "texture": "#base"
                },
                "west": {
                    "uv": [3,3,0,5],
                    "texture": "#base",
                    "rotation": 90
                },
                "east": {
                    "uv": [3,11,0,13],
                    "texture": "#base",
                    "rotation": 90
                },
                "north": {
                    "uv": [3,3,9,0],
                    "texture": "#base"
                },
                "south": {
                    "uv": [11,14,13,16],
                    "texture": "#base"
                }
            }
        },
        {
            "from": [5,0,5.5],
            "to": [7,3,10.5],
            "faces": {
                "up": {
                    "uv": [3,5.5,5,10.5],
                    "texture": "#base"
                },
                "down": {
                    "uv": [4,5,6,11],
                    "texture": "#base"
                },
                "west": {
                    "uv": [3,5,0,11],
                    "texture": "#base",
                    "rotation": 90
                },
                "east": {
                    "uv": [16,14,11,16],
                    "texture": "#base"
                }
            }
        },
        {
            "from": [9,0,5.5],
            "to": [11,3,10.5],
            "faces": {
                "up": {
                    "uv": [7,5.5,9,10.5],
                    "texture": "#base"
                },
                "down": {
                    "uv": [6,5,8,11],
                    "texture": "#base"
                },
                "west": {
                    "uv": [16,14,11,16],
                    "texture": "#base"
                },
                "east": {
                    "uv": [3,5,0,11],
                    "texture": "#base",
                    "rotation": 90
                }
            }
        },
        {
            "from": [7,0,5.5],
            "to": [9,1,10.5],
            "faces": {
                "up": {
                    "uv": [5,5.5,7,10.5],
                    "texture": "#base"
                },
                "down": {
                    "uv": [5,5,7,11],
                    "texture": "#base"
                }
            }
        }
    ]
}