{
    "__comment": "Created in part with opl's Model Creator",
    "ambientocclusion": false,
    "textures": {
        "particle": "blocks/lever-3d",
        "lever": "blocks/lever",
        "base": "blocks/lever-3d"
    },
    "elements": [
        {
            "from": [5,0,10.5],
            "to": [11,3,13],
            "faces": {
                "up": {
                    "uv": [9,10.5,15,13],
                    "texture": "#base"
                },
                "down": {
                    "uv": [9,3,15,5],
                    "texture": "#base"
                },
                "west": {
                    "uv": [3,11,0,13],
                    "texture": "#base",
                    "rotation": 90
                },
                "east": {
                    "uv": [3,3,0,5],
                    "texture": "#base",
                    "rotation": 90
                },
                "north": {
                    "uv": [14,2,16,0],
                    "texture": "#base"
                },
                "south": {
                    "uv": [3,13,9,16],
                    "texture": "#base"
                }
            }
        },
        {
            "from": [7,1,7],
            "to": [9,11,9],
            "rotation": { "origin": [ 8, 2, 8 ], "axis": "x", "angle": 45 },
            "faces": {
                "up": {
                    "uv": [7,6,9,8],
                    "texture": "#lever"
                },
                "west": {
                    "uv": [7,6,9,16],
                    "texture": "#lever"
                },
                "east": {
                    "uv": [7,6,9,16],
                    "texture": "#lever"
                },
                "north": {
                    "uv": [7,6,9,16],
                    "texture": "#lever"
                },
                "south": {
                    "uv": [7,6,9,16],
                    "texture": "#lever"
                }
            }
        },
        {
            "from": [5,0,3],
            "to": [11,3,5.5],
            "faces": {
                "up": {
                    "uv": [9,3,15,5.5],
                    "texture": "#base"
                },
                "down": {
                    "uv": [9,10.5,15,12.5],
                    "texture": "#base"
                },
                "west": {
                    "uv": [3,3,0,5],
                    "texture": "#base",
                    "rotation": 90
                },
                "east": {
                    "uv": [3,11,0,13],
                    "texture": "#base",
                    "rotation": 90
                },
                "north": {
                    "uv": [3,3,9,0],
                    "texture": "#base"
                },
                "south": {
                    "uv": [11,2,13,0],
                    "texture": "#base"
                }
            }
        },
        {
            "from": [5,0,5.5],
            "to": [7,3,10.5],
            "faces": {
                "up": {
                    "uv": [9,5.5,11,10.5],
                    "texture": "#base"
                },
                "down": {
                    "uv": [9.5,5,11.5,11],
                    "texture": "#base"
                },
                "west": {
                    "uv": [3,5,0,11],
                    "texture": "#base",
                    "rotation": 90
                },
                "east": {
                    "uv": [11,2,16,0],
                    "texture": "#base"
                }
            }
        },
        {
            "from": [9,0,5.5],
            "to": [11,3,10.5],
            "faces": {
                "up": {
                    "uv": [13,5.5,15,10.5],
                    "texture": "#base"
                },
                "down": {
                    "uv": [12.5,5,14.5,11],
                    "texture": "#base"
                },
                "west": {
                    "uv": [11,2,16,0],
                    "texture": "#base"
                },
                "east": {
                    "uv": [3,5,0,11],
                    "texture": "#base",
                    "rotation": 90
                }
            }
        },
        {
            "from": [7,0,5.5],
            "to": [9,1,10.5],
            "faces": {
                "up": {
                    "uv": [11,5.5,13,10.5],
                    "texture": "#base"
                },
                "down": {
                    "uv": [11,5,13,11],
                    "texture": "#base"
                }
            }
        }
    ]
}