{   "parent": "block/block",
    "display": {
        "gui": {
            "rotation": [ 30, 135, 0 ],
            "translation": [ 0, 0, 0],
            "scale":[ 0.625, 0.625, 0.625 ]
        }
    },
    "ambientocclusion": false,
    "textures": {
        "particle": "#wall"
    },
    "elements": [
        {   "from": [ 4, 0, 4 ],
            "to": [ 12, 16, 12 ],
            "faces": {
                "down":  { "uv": [ 4, 4, 12, 12 ], "texture": "#wall", "cullface": "down" },
                "up":    { "uv": [ 4, 4, 12, 12 ], "texture": "#wall" },
                "north": { "uv": [ 4, 0, 12, 16 ], "texture": "#wall" },
                "south": { "uv": [ 4, 0, 12, 16 ], "texture": "#wall" },
                "west":  { "uv": [ 4, 0, 12, 16 ], "texture": "#wall" },
                "east":  { "uv": [ 4, 0, 12, 16 ], "texture": "#wall" }
            },
            "__comment": "Center post"
        },
        {   "from": [ 5, 0, 0 ],
            "to": [ 11, 13, 16 ],
            "faces": {
                "down":  { "uv": [ 5, 0, 11, 16 ], "texture": "#wall", "cullface": "down" },
                "up":    { "uv": [ 5, 0, 11, 16 ], "texture": "#wall" },
                "north": { "uv": [ 5, 3, 11, 16 ], "texture": "#wall", "cullface": "north" },
                "south": { "uv": [ 5, 3, 11, 16 ], "texture": "#wall", "cullface": "south" },
                "west":  { "uv": [ 0, 3, 16, 16 ], "texture": "#wall" },
                "east":  { "uv": [ 0, 3, 16, 16 ], "texture": "#wall" }
            },
            "__comment": "Full wall"
        },
  		{
            "from": [5,16,5],
            "to": [11,18,11],
            "faces": {
                "up": {
                    "texture": "#wall",
                    "cullface": "up"
                },
                "west": {
                    "uv": [5,5,3,11],
                    "texture": "#wall",
                    "cullface": "up",
                    "rotation": 90
                },
                "east": {
                    "uv": [11,5,13,11],
                    "texture": "#wall",
                    "cullface": "up",
                    "rotation": 90
                },
                "north": {
                    "uv": [5,5,11,3],
                    "texture": "#wall",
                    "cullface": "up"
                },
                "south": {
                    "uv": [5,11,11,13],
                    "texture": "#wall",
                    "cullface": "up"
                }
            }
        }
    ]
}