{
    "__comment": "Created in part with opl's Model Creator",
    "ambientocclusion": false,
    "textures": {
        "wallb": "#wallb",
        "particle": "#walla",
        "walla": "#walla"
    },
    "elements": [
        {
            "from": [4,0,4],
            "to": [12,16,12],
            "faces": {
                "up": {
                    "texture": "#walla",
                    "cullface": "up"
                },
                "down": {
                    "texture": "#walla",
                    "cullface": "down"
                },
                "west": {
                    "uv": [8,0,16,16],
                    "texture": "#walla"
                },
                "east": {
                    "uv": [8,0,16,16],
                    "texture": "#wallb"
                },
                "north": {
                    "uv": [0,0,8,16],
                    "texture": "#walla"
                },
                "south": {
                    "uv": [0,0,8,16],
                    "texture": "#wallb"
                }
            }
        },
        {
            "from": [5.25,16,5.25],
            "to": [10.75,18,10.75],
            "faces": {
                "up": {
                    "texture": "#walla",
                    "cullface": "up"
                },
                "west": {
                    "uv": [5,5,3,11],
                    "texture": "#walla",
                    "cullface": "up",
                    "rotation": 90
                },
                "east": {
                    "uv": [11,5,13,11],
                    "texture": "#walla",
                    "cullface": "up",
                    "rotation": 90
                },
                "north": {
                    "uv": [5,5,11,3],
                    "texture": "#walla",
                    "cullface": "up"
                },
                "south": {
                    "uv": [5,11,11,13],
                    "texture": "#walla",
                    "cullface": "up"
                }
            }
        }
    ]
}