{
    "pools": [
        {
            "rolls": {
                "min": 2,
                "max": 10
            },
            "items": [
                {
                    "item": "minecraft:book",
                    "functions": [
                        {
                            "function": "set_count",
                            "count": {
                                "min": 1,
                                "max": 3
                            }
                        }
                    ],
                    "weight": 20
                },
                {
                    "item": "minecraft:paper",
                    "functions": [
                        {
                            "function": "set_count",
                            "count": {
                                "min": 2,
                                "max": 7
                            }
                        }
                    ],
                    "weight": 20
                },
                {
                    "item": "minecraft:map",
                    "weight": 1
                },
                {
                    "item": "minecraft:compass",
                    "weight": 1
                },
                {
                    "item": "minecraft:book",
                    "weight": 10,
                    "functions": [
                        {
                            "function": "enchant_with_levels",
                            "levels": 30,
                            "treasure": true
                        }
                    ]
                }
            ]
        }
    ]
}