{
    "__comment": "Model generated using MrCrayfish's Model Creator (http://mrcrayfish.com/modelcreator/)",
    "textures": {
        "0": "blocks/fence_acacia",
        "1": "blocks/fence_acacia_top"
    },
    "elements": [
        {
            "name": "Element",
            "from": [ 7.0, 12.0, 0.0 ], 
            "to": [ 9.0, 15.0, 9.0 ], 
            "faces": {
                "north": { "texture": "#0", "uv": [ 7.0, 1.0, 9.0, 4.0 ], "cullface": "north" },
                "east": { "texture": "#0", "uv": [ 7.0, 1.0, 16.0, 4.0 ] },
                "west": { "texture": "#0", "uv": [ 0.0, 1.0, 9.0, 4.0 ] },
                "up": { "texture": "#1", "uv": [ 7.0, 0.0, 9.0, 9.0 ] },
                "down": { "texture": "#1", "uv": [ 7.0, 7.0, 9.0, 16.0 ] }
            }
        },
        {
            "name": "Element",
            "from": [ 7.0, 1.0, 0.0 ], 
            "to": [ 9.0, 3.0, 9.0 ], 
            "faces": {
                "north": { "texture": "#0", "uv": [ 7.0, 13.0, 9.0, 15.0 ], "cullface": "north" },
                "east": { "texture": "#0", "uv": [ 7.0, 13.0, 16.0, 15.0 ] },
                "west": { "texture": "#0", "uv": [ 0.0, 13.0, 9.0, 15.0 ] },
                "up": { "texture": "#1", "uv": [ 7.0, 0.0, 9.0, 9.0 ] },
                "down": { "texture": "#1", "uv": [ 7.0, 7.0, 9.0, 16.0 ] }
            }
        },
        {
            "name": "Cube",
            "from": [ 7.5, 3.0, 2.0 ], 
            "to": [ 8.5, 12.0, 4.0 ], 
            "faces": {
                "north": { "texture": "#0", "uv": [ 3.0, 4.0, 4.0, 13.0 ], "cullface": "north" },
                "east": { "texture": "#0", "uv": [ 12.0, 13.0, 14.0, 4.0 ] },
                "south": { "texture": "#0", "uv": [ 13.0, 4.0, 14.0, 13.0 ] },
                "west": { "texture": "#0", "uv": [ 2.0, 13.0, 4.0, 4.0 ] }
            }
        }
    ]
}