{
    "__createdwith": "opl's Model Creator",
    "ambientocclusion": false,
	"parent": "block/block",
    "textures": {
        "particle": "blocks/glass",
        "beacon": "blocks/beacon_model",
        "glass": "blocks/glass",
        "top_bottom": "blocks/beacon_top"
    },
    "elements": [
        {
            "from": [3,13,3],
            "to": [13,15,13],
            "faces": {
                "up": {
                    "uv": [13,3,3,2],
                    "texture": "#beacon"
                },
                "down": {
                    "uv": [3,3,13,13],
                    "texture": "#top_bottom"
                },
                "west": {
                    "texture": "#beacon"
                },
                "east": {
                    "texture": "#beacon"
                },
                "north": {
                    "texture": "#beacon"
                },
                "south": {
                    "texture": "#beacon"
                }
            }
        },
        {
            "from": [3,0.1,3],
            "to": [13,2,13],
            "faces": {
                "up": {
                    "uv": [3,1,13,2],
                    "texture": "#beacon"
                },
                "down": {
                    "uv": [3,3,13,13],
                    "texture": "#top_bottom"
                },
                "west": {
                    "texture": "#beacon"
                },
                "east": {
                    "texture": "#beacon"
                },
                "north": {
                    "texture": "#beacon"
                },
                "south": {
                    "uv": [2,14,14,16],
                    "texture": "#particle"
                }
            }
        },
        {
            "from": [4,2,4],
            "to": [12,13,12],
            "faces": {
                "up": {
                    "texture": "#beacon"
                },
                "down": {
                    "texture": "#beacon"
                },
                "west": {
                    "uv": [4,3,12,14],
                    "texture": "#beacon"
                },
                "east": {
                    "texture": "#beacon"
                },
                "north": {
                    "texture": "#beacon"
                },
                "south": {
                    "uv": [4,3,12,14],
                    "texture": "#beacon"
                }
            }
        },
        {
            "from": [4,15,4],
            "to": [12,16,12],
            "faces": {
                "up": {
                    "uv": [12,12,4,4],
                    "texture": "#top_bottom"
                },
                "down": {
                    "uv": [3,3,13,13],
                    "texture": "#beacon"
                },
                "west": {
                    "texture": "#beacon"
                },
                "east": {
                    "texture": "#beacon"
                },
                "north": {
                    "texture": "#beacon"
                },
                "south": {
                    "texture": "#beacon"
                }
            }
        }
    ]
}