{
    "__comment": "Model generated using MrCrayfish's Model Creator (http://mrcrayfish.com/modelcreator/)",
    "textures": {
        "particle": "blocks/planks_birch",
        "0": "blocks/fence_birch"
    },
    "elements": [
        {
            "name": "Element",
            "from": [ 7.5, -2.0, 3.0 ], 
            "to": [ 8.5, 14.0, 5.0 ], 
            "faces": {
                "north": { "texture": "#0", "uv": [ 9.0, 0.001, 10.0, 15.999 ] },
                "east": { "texture": "#0", "uv": [ 10.0, 0.001, 12.0, 15.999 ] },
                "south": { "texture": "#0", "uv": [ 9.0, 16.000999999999998, 8.0, 0.0 ] },
                "west": { "texture": "#0", "uv": [ 4.0, 0.001, 6.0, 15.999 ] },
                "up": { "texture": "#0", "uv": [ 8.0, 1.0, 9.0, 2.0 ], "cullface": "up" },
                "down": { "texture": "#0", "uv": [ 10.0, 7.0, 9.0, 6.0 ], "cullface": "down" }
            }
        },
        {
            "name": "Element",
            "from": [ 7.5, -2.0, -1.0 ], 
            "to": [ 8.5, 14.0, 1.0 ], 
            "faces": {
                "north": { "texture": "#0", "uv": [ 14.0, 0.001, 15.0, 15.999 ] },
                "east": { "texture": "#0", "uv": [ 15.0, 0.0, 13.0, 15.999 ] },
                "south": { "texture": "#0", "uv": [ 14.0, 0.001, 15.0, 15.999 ] },
                "west": { "texture": "#0", "uv": [ 15.0, 9.999999999998899E-4, 13.0, 15.999 ] },
                "up": { "texture": "#0", "uv": [ 8.0, 1.0, 9.0, 2.0 ], "cullface": "up" },
                "down": { "texture": "#0", "uv": [ 10.0, 3.0, 9.0, 2.0 ], "cullface": "down" }
            }
        },
        {
            "name": "Top",
            "from": [ 7.8, 10.0, 0.0 ], 
            "to": [ 8.2, 12.0, 6.0 ], 
            "faces": {
                "north": { "texture": "#0", "uv": [ 15.0, 3.0, 16.0, 4.999 ], "cullface": "north" },
                "east": { "texture": "#0", "uv": [ 15.001, 3.0, 15.999, 4.999 ] },
                "south": { "texture": "#0", "uv": [ 15.0, 3.0, 16.0, 4.999 ] },
                "west": { "texture": "#0", "uv": [ 15.001, 3.0, 15.998999999999999, 4.999 ] },
                "up": { "texture": "#0", "uv": [ 12.0, 4.0009999999999994, 13.0, 4.999 ] },
                "down": { "texture": "#0", "uv": [ 13.0, 4.999, 12.0, 4.0009999999999994 ] }
            }
        },
        {
            "name": "Bottom",
            "from": [ 7.8, 2.0, 0.0 ], 
            "to": [ 8.2, 4.0, 6.0 ], 
            "faces": {
                "north": { "texture": "#0", "uv": [ 1.0, 10.001, 0.0, 12.0 ], "cullface": "north" },
                "east": { "texture": "#0", "uv": [ 1.0009999999999994, 10.001, -9.999999999976694E-4, 12.0 ] },
                "south": { "texture": "#0", "uv": [ 0.0, 10.0, 1.0, 12.0 ] },
                "west": { "texture": "#0", "uv": [ 9.999999999994458E-4, 10.001, 0.9989999999999988, 12.0 ] },
                "up": { "texture": "#0", "uv": [ 12.0, 11.001, 13.0, 11.998999999999999 ] },
                "down": { "texture": "#0", "uv": [ 13.0, 11.998999999999999, 12.0, 11.001 ] }
            }
        }
    ]
}