{
    "__createdwith": "opl's Model Creator",
    "ambientocclusion": true,
	"parent": "block/block",	
    "textures": {
        "particle": "blocks/bookshelf",
        "side": "blocks/bookshelf",
        "top": "blocks/bookshelf_top"
    },
    "elements": [
        {
            "from": [1,0,1],
            "to": [15,16,15],
            "faces": {
                "up": {
                    "texture": "#top"
                },
                "down": {
                    "texture": "#top"
                },
                "west": {
                    "texture": "#side"
                },
                "east": {
                    "texture": "#side"
                },
                "north": {
                    "texture": "#side"
                },
                "south": {
                    "texture": "#side"
                }
            }
        },
        {
            "from": [0,0,0],
            "to": [16,2,16],
            "faces": {
                "up": {
                    "uv": [0,0,16,16],
                    "texture": "#side"
                },
                "down": {
                    "texture": "#top"
                },
                "west": {
                    "texture": "#side"
                },
                "east": {
                    "texture": "#side"
                },
                "north": {
                    "texture": "#side"
                },
                "south": {
                    "texture": "#side"
                }
            }
        },
        {
            "from": [0,15,0],
            "to": [16,16,16],
            "faces": {
                "up": {
                    "texture": "#top"
                },
                "down": {
                    "texture": "#top"
                },
                "west": {
                    "texture": "#side"
                },
                "east": {
                    "texture": "#side"
                },
                "north": {
                    "texture": "#side"
                },
                "south": {
                    "texture": "#side"
                }
            }
        },
        {
            "from": [0,8,0],
            "to": [16,9,16],
            "faces": {
                "up": {
                    "uv": [0,0,16,16],
                    "texture": "#side"
                },
                "down": {
                    "texture": "#top"
                },
                "west": {
                    "texture": "#side"
                },
                "east": {
                    "texture": "#side"
                },
                "north": {
                    "texture": "#side"
                },
                "south": {
                    "texture": "#side"
                }
            }
        },
        {
            "from": [0,0,15],
            "to": [1,16,16],
            "faces": {
                "west": {
                    "texture": "#side"
                },
                "east": {
                    "texture": "#top"
                },
                "north": {
                    "texture": "#top"
                },
                "south": {
                    "texture": "#side"
                }
            }
        },
        {
            "from": [15,0,0],
            "to": [16,16,1],
            "faces": {
                "west": {
                    "texture": "#top"
                },
                "east": {
                    "uv": [15,0,16,16],
                    "texture": "#side"
                },
                "north": {
                    "uv": [0,0,1,16],
                    "texture": "#side"
                },
                "south": {
                    "texture": "#top"
                }
            }
        },
        {
            "from": [15,0,15],
            "to": [16,16,16],
            "faces": {
                "west": {
                    "texture": "#top"
                },
                "east": {
                    "uv": [0,0,1,16],
                    "texture": "#side"
                },
                "north": {
                    "texture": "#top"
                },
                "south": {
                    "texture": "#side"
                }
            }
        },
        {
            "from": [0,0,0],
            "to": [1,16,1],
            "faces": {
                "west": {
                    "texture": "#side"
                },
                "east": {
                    "texture": "#top"
                },
                "north": {
                    "uv": [15,0,16,16],
                    "texture": "#side"
                },
                "south": {
                    "texture": "#top"
                }
            }
        }
    ]
}