{
    "__comment": "Model generated using MrCrayfish's Model Creator (http://mrcrayfish.com/modelcreator/)",
    "textures": {
        "particle": "blocks/fence_gate_dark_oak",
        "0": "blocks/fence_dark_oak",
        "1": "blocks/fence_dark_oak_top"
    },
    "elements": [
        {
            "name": "Top",
            "from": [ 7.0, 10.0, 0.0 ], 
            "to": [ 9.0, 13.0, 6.0 ], 
            "faces": {
                "north": { "texture": "#0", "uv": [ 4.0, 3.0, 6.0, 6.0 ], "cullface": "north" },
                "east": { "texture": "#0", "uv": [ 0.0, 3.0, 6.0, 6.0 ] },
                "south": { "texture": "#0", "uv": [ 6.0, 3.0, 4.0, 6.0 ], "cullface": "south" },
                "west": { "texture": "#0", "uv": [ 10.0, 3.0, 16.0, 6.0 ] },
                "up": { "texture": "#1", "uv": [ 7.0, 16.0, 9.0, 10.0 ] },
                "down": { "texture": "#1", "uv": [ 7.0, 16.0, 9.0, 10.0 ] }
            }
        },
        {
            "name": "Stud",
            "from": [ 7.1, 10.1, 10.0 ], 
            "to": [ 8.9, 12.899999999999999, 12.0 ], 
            "faces": {
                "north": { "texture": "#0", "uv": [ 4.0, 3.0, 6.0, 6.0 ], "cullface": "north" },
                "east": { "texture": "#0", "uv": [ 4.0, 3.0, 6.0, 6.0 ] },
                "south": { "texture": "#0", "uv": [ 6.0, 3.0, 4.0, 6.0 ], "cullface": "south" },
                "west": { "texture": "#0", "uv": [ 14.0, 3.0, 16.0, 6.0 ] },
                "up": { "texture": "#1", "uv": [ 7.0, 13.0, 9.0, 11.0 ] },
                "down": { "texture": "#1", "uv": [ 7.0, 12.0, 9.0, 10.0 ] }
            }
        }
    ]
}