{   "parent": "block/block",
    "display": {
        "gui": {
            "rotation": [ 30, 45, 0 ],
            "translation": [ 0, -1, 0],
            "scale":[ 0.8, 0.8, 0.8 ]
        },
        "head": {
            "rotation": [ 0, 0, 0 ],
            "translation": [ 0, -3, -6],
            "scale":[ 1, 1, 1]
        }
    },
    "textures": {
        "particle": "blocks/fence_gate_jungle",
        "0": "blocks/fence_gate_jungle"
    },
    "elements": [
        {
            "name": "Element",
            "from": [ 0.0, 2.0, 7.0 ], 
            "to": [ 2.0, 13.0, 9.0 ], 
            "faces": {
                "north": { "texture": "#0", "uv": [ 0.0, 0.0, 2.0, 11.0 ] },
                "east": { "texture": "#0", "uv": [ 7.0, 0.0, 9.0, 11.0 ] },
                "south": { "texture": "#0", "uv": [ 0.0, 0.0, 2.0, 11.0 ] },
                "west": { "texture": "#0", "uv": [ 7.0, 0.0, 9.0, 11.0 ], "cullface": "west" },
                "up": { "texture": "#0", "uv": [ 0.0, 7.0, 2.0, 9.0 ] },
                "down": { "texture": "#0", "uv": [ 0.0, 7.0, 2.0, 9.0 ] }
            }
        },
        {
            "name": "Element",
            "from": [ 14.0, 2.0, 7.0 ], 
            "to": [ 16.0, 13.0, 9.0 ], 
            "faces": {
                "north": { "texture": "#0", "uv": [ 14.0, 0.0, 16.0, 11.0 ] },
                "east": { "texture": "#0", "uv": [ 7.0, 0.0, 9.0, 11.0 ], "cullface": "east" },
                "south": { "texture": "#0", "uv": [ 14.0, 0.0, 16.0, 11.0 ] },
                "west": { "texture": "#0", "uv": [ 7.0, 0.0, 9.0, 11.0 ] },
                "up": { "texture": "#0", "uv": [ 14.0, 7.0, 16.0, 9.0 ] },
                "down": { "texture": "#0", "uv": [ 14.0, 7.0, 16.0, 9.0 ] }
            }
        },
        {
            "name": "Element",
            "from": [ 6.0, 2.0, 7.0 ], 
            "to": [ 8.0, 12.0, 9.0 ], 
            "faces": {
                "north": { "texture": "#0", "uv": [ 6.0, 1.0, 8.0, 11.0 ] },
                "east": { "texture": "#0", "uv": [ 7.0, 1.0, 9.0, 11.0 ] },
                "south": { "texture": "#0", "uv": [ 6.0, 1.0, 8.0, 11.0 ] },
                "west": { "texture": "#0", "uv": [ 7.0, 1.0, 9.0, 11.0 ] },
                "up": { "texture": "#0", "uv": [ 6.0, 7.0, 8.0, 9.0 ] },
                "down": { "texture": "#0", "uv": [ 6.0, 7.0, 8.0, 9.0 ] }
            }
        },
        {
            "name": "Element",
            "from": [ 8.0, 2.0, 7.0 ], 
            "to": [ 10.0, 12.0, 9.0 ], 
            "faces": {
                "north": { "texture": "#0", "uv": [ 8.0, 1.0, 10.0, 11.0 ] },
                "east": { "texture": "#0", "uv": [ 7.0, 1.0, 9.0, 11.0 ] },
                "south": { "texture": "#0", "uv": [ 8.0, 1.0, 10.0, 11.0 ] },
                "west": { "texture": "#0", "uv": [ 7.0, 1.0, 9.0, 11.0 ] },
                "up": { "texture": "#0", "uv": [ 8.0, 7.0, 10.0, 9.0 ] },
                "down": { "texture": "#0", "uv": [ 8.0, 7.0, 10.0, 9.0 ] }
            }
        },
        {
            "name": "Element",
            "from": [ 2.0, 3.0, 7.0 ], 
            "to": [ 6.0, 5.0, 9.0 ], 
            "faces": {
                "north": { "texture": "#0", "uv": [ 2.0, 8.0, 6.0, 10.0 ] },
                "south": { "texture": "#0", "uv": [ 2.0, 8.0, 6.0, 10.0 ] },
                "up": { "texture": "#0", "uv": [ 2.0, 8.0, 6.0, 10.0 ] },
                "down": { "texture": "#0", "uv": [ 2.0, 8.0, 6.0, 10.0 ] }
            }
        },
        {
            "name": "Element",
            "from": [ 2.0, 9.0, 7.0 ], 
            "to": [ 6.0, 11.0, 9.0 ], 
            "faces": {
                "north": { "texture": "#0", "uv": [ 2.0, 2.0, 6.0, 4.0 ] },
                "south": { "texture": "#0", "uv": [ 2.0, 2.0, 6.0, 4.0 ] },
                "up": { "texture": "#0", "uv": [ 2.0, 8.0, 6.0, 10.0 ] },
                "down": { "texture": "#0", "uv": [ 2.0, 8.0, 6.0, 10.0 ] }
            }
        },
        {
            "name": "Element",
            "from": [ 10.0, 3.0, 7.0 ], 
            "to": [ 14.0, 5.0, 9.0 ], 
            "faces": {
                "north": { "texture": "#0", "uv": [ 10.0, 8.0, 14.0, 10.0 ] },
                "south": { "texture": "#0", "uv": [ 10.0, 8.0, 14.0, 10.0 ] },
                "up": { "texture": "#0", "uv": [ 10.0, 8.0, 14.0, 10.0 ] },
                "down": { "texture": "#0", "uv": [ 10.0, 8.0, 14.0, 10.0 ] }
            }
        },
        {
            "name": "Element",
            "from": [ 10.0, 9.0, 7.0 ], 
            "to": [ 14.0, 11.0, 9.0 ], 
            "faces": {
                "north": { "texture": "#0", "uv": [ 10.0, 2.0, 14.0, 4.0 ] },
                "south": { "texture": "#0", "uv": [ 10.0, 2.0, 14.0, 4.0 ] },
                "up": { "texture": "#0", "uv": [ 10.0, 8.0, 14.0, 10.0 ] },
                "down": { "texture": "#0", "uv": [ 10.0, 8.0, 14.0, 10.0 ] }
            }
        }
    ]
}