{
    "__comment": "Model generated using MrCrayfish's Model Creator (http://mrcrayfish.com/modelcreator/)",
    "textures": {
        "particle": "blocks/blocks/blocks/blocks/blocks/blocks/planks_jungle",
        "0": "blocks/fence_jungle",
        "1": "blocks/fence_jungle_top"
    },
    "elements": [
        {
            "name": "Element",
            "from": [ 7.0, 11.0, 3.0 ], 
            "to": [ 9.0, 13.0, 6.0 ], 
            "faces": {
                "north": { "texture": "#0", "uv": [ 10.0, 2.0, 12.0, 4.0 ], "cullface": "north" },
                "east": { "texture": "#0", "uv": [ 10.0, 2.0, 13.0, 4.0 ] },
                "south": { "texture": "#0", "uv": [ 10.0, 2.0, 12.0, 4.0 ], "cullface": "south" },
                "west": { "texture": "#0", "uv": [ 3.0, 2.0, 6.0, 4.0 ] },
                "up": { "texture": "#1", "uv": [ 7.0, 3.0, 9.0, 6.0 ] },
                "down": { "texture": "#1", "uv": [ 7.0, 3.0, 9.0, 6.0 ] }
            }
        },
        {
            "name": "Cube",
            "from": [ 7.0, 10.0, 0.0 ], 
            "to": [ 9.0, 12.0, 4.0 ], 
            "faces": {
                "north": { "texture": "#0", "uv": [ 14.0, 3.0, 16.0, 5.0 ], "cullface": "north" },
                "east": { "texture": "#0", "uv": [ 12.0, 3.0, 16.0, 5.0 ] },
                "south": { "texture": "#0", "uv": [ 14.0, 3.0, 16.0, 5.0 ], "cullface": "south" },
                "west": { "texture": "#0", "uv": [ 0.0, 3.0, 4.0, 5.0 ] },
                "up": { "texture": "#1", "uv": [ 7.0, 16.0, 9.0, 12.0 ] },
                "down": { "texture": "#1", "uv": [ 7.0, 12.0, 9.0, 16.0 ] }
            }
        },
        {
            "name": "Cube",
            "from": [ 7.0, 4.0, 0.0 ], 
            "to": [ 9.0, 6.0, 4.0 ], 
            "faces": {
                "north": { "texture": "#0", "uv": [ 14.0, 9.0, 16.0, 11.0 ], "cullface": "north" },
                "east": { "texture": "#0", "uv": [ 12.0, 9.0, 16.0, 11.0 ] },
                "south": { "texture": "#0", "uv": [ 14.0, 9.0, 16.0, 11.0 ], "cullface": "south" },
                "west": { "texture": "#0", "uv": [ 0.0, 9.0, 4.0, 11.0 ] },
                "up": { "texture": "#1", "uv": [ 7.0, 16.0, 9.0, 12.0 ] },
                "down": { "texture": "#1", "uv": [ 7.0, 12.0, 9.0, 16.0 ] }
            }
        },
        {
            "name": "Cube",
            "from": [ 7.0, 5.0, 3.0 ], 
            "to": [ 9.0, 7.0, 6.0 ], 
            "faces": {
                "north": { "texture": "#0", "uv": [ 10.0, 8.0, 12.0, 10.0 ], "cullface": "north" },
                "east": { "texture": "#0", "uv": [ 10.0, 8.0, 13.0, 10.0 ] },
                "south": { "texture": "#0", "uv": [ 10.0, 8.0, 12.0, 10.0 ], "cullface": "south" },
                "west": { "texture": "#0", "uv": [ 3.0, 8.0, 6.0, 10.0 ] },
                "up": { "texture": "#1", "uv": [ 7.0, 3.0, 9.0, 6.0 ] },
                "down": { "texture": "#1", "uv": [ 7.0, 3.0, 9.0, 6.0 ] }
            }
        }
    ]
}