{
    "__createdwith": "opl's Model Creator",
    "ambientocclusion": false,
    "textures": {
	    "particle": "blocks/ladder",
        "ladder": "blocks/ladder"
    },
    "elements": [
        {
            "from": [2,0,15],
            "to": [4,16,16],
            "faces": {
                "up": {
                    "uv": [13,0,14,1],
                    "texture": "#ladder"
                },
                "down": {
                    "uv": [13,15,14,16],
                    "texture": "#ladder"
                },
                "west": {
                    "uv": [3,0,4,16],
                    "texture": "#ladder"
                },
                "east": {
                    "uv": [2,0,3,16],
                    "texture": "#ladder"
                },
                "north": {
                    "uv": [12,0,14,16],
                    "texture": "#ladder"
                },
                "south": {
                    "uv": [12,0,14,16],
                    "texture": "#ladder"
                }
            }
        },
        {
            "from": [12,0,15],
            "to": [14,16,16],
            "faces": {
                "up": {
                    "uv": [3,0,4,1],
                    "texture": "#ladder"
                },
                "down": {
                    "uv": [3,15,4,16],
                    "texture": "#ladder"
                },
                "west": {
                    "uv": [13,0,14,16],
                    "texture": "#ladder"
                },
                "east": {
                    "uv": [12,0,13,16],
                    "texture": "#ladder"
                },
                "north": {
                    "uv": [2,0,4,16],
                    "texture": "#ladder"
                },
                "south": {
                    "uv": [12,0,14,16],
                    "texture": "#ladder"
                }
            }
        },
        {
            "from": [1,11,14],
            "to": [15,13,15],
            "faces": {
                "up": {
                    "uv": [1,11,15,12],
                    "texture": "#ladder"
                },
                "down": {
                    "uv": [1,12,15,13],
                    "texture": "#ladder"
                },
                "west": {
                    "uv": [14,11,15,13],
                    "texture": "#ladder"
                },
                "east": {
                    "uv": [1,11,2,13],
                    "texture": "#ladder"
                },
                "north": {
                    "uv": [1,3,15,5],
                    "texture": "#ladder"
                },
                "south": {
                    "uv": [1,11,15,13],
                    "texture": "#ladder"
                }
            }
        },
        {
            "from": [1,3,14],
            "to": [15,5,15],
            "faces": {
                "up": {
                    "uv": [1,3,15,4],
                    "texture": "#ladder"
                },
                "down": {
                    "uv": [1,4,15,5],
                    "texture": "#ladder"
                },
                "west": {
                    "uv": [14,3,15,5],
                    "texture": "#ladder"
                },
                "east": {
                    "uv": [1,3,2,5],
                    "texture": "#ladder"
                },
                "north": {
                    "uv": [1,11,15,13],
                    "texture": "#ladder"
                },
                "south": {
                    "uv": [1,3,15,5],
                    "texture": "#ladder"
                }
            }
        }
    ]
}