{
    "__createdwith": "opl's Model Creator",
    "ambientocclusion": false,
    "textures": {
        "particle": "blocks/cobblestone",
        "base": "blocks/cobblestone",
        "lever": "blocks/lever"
    },
    "elements": [
        {
            "from": [5,0,4],
            "to": [11,3,12],
            "faces": {
                "up": {
                    "uv": [0,7,6,15],
                    "texture": "#base"
                },
                "down": {
                    "texture": "#base"
                },
                "west": {
                    "uv": [4,3,12,6],
                    "texture": "#base"
                },
                "east": {
                    "uv": [4,3,12,6],
                    "texture": "#base"
                },
                "north": {
                    "uv": [3,0,9,3],
                    "texture": "#base"
                },
                "south": {
                    "uv": [3,0,9,3],
                    "texture": "#base"
                }
            }
        },
        {
            "from": [7,1,7],
            "to": [9,14,9],
            "rotation": { "origin": [ 8, 0, 8 ], "axis": "x", "angle": -22.5 },			
            "faces": {
                "up": {
                    "uv": [7,4,9,6],
                    "texture": "#lever"
                },
                "down": {
                    "uv": [7,6,9,8],
                    "texture": "#lever"
                },
                "west": {
                    "uv": [7,2,9,16],
                    "texture": "#lever"
                },
                "east": {
                    "uv": [7,2,9,16],
                    "texture": "#lever"
                },
                "north": {
                    "uv": [7,2,9,16],
                    "texture": "#lever"
                },
                "south": {
                    "uv": [7,2,9,16],
                    "texture": "#lever"
                }
            }
        }
    ]
}