{
    "__comment": "Model generated using MrCrayfish's Model Creator (http://mrcrayfish.com/modelcreator/)",
"ambientocclusion": false,
    "textures": {
		"particle": "#rail",	
        "rail": "blocks/rail_normal"
    },
    "elements": [
		{	"from": [0, 8.25, 1],
			"to": [16, 8.25, 14.5],
			"rotation": {
                "origin": [ 8, 8.25, 8 ],
                "axis": "x",
                "angle": -45,
                "rescale": true
            },
			"faces": {
				"up": {"uv": [0, 0, 16, 16],"texture": "#rail"}
			}
		}, 	
        {
            "name": "Element",
            "from": [ 2.0, 7.5, 0 ], 
            "to": [ 5.0, 8.3, 16.75 ], 
            "rotation": { "origin": [ 8.0, 7.25, 8.0 ], "axis": "x", "angle": -45.0, "rescale": true },
            "faces": {
                "north": { "texture": "#rail", "uv": [ 2.0, 1.0, 5.0, 0.0 ] },
                "east": { "texture": "#rail", "uv": [ 5.0, 15.0, 4.0, 14.0 ] },
                "south": { "texture": "#rail", "uv": [ 2.0, 15.0, 5.0, 15.8 ] },
                "west": { "texture": "#rail", "uv": [ 2.0, 16.0, 3.0, 15.0 ] },
                "up": { "texture": "#rail", "uv": [ 2.0, 0.0, 5.0, 16.0 ] },
                "down": { "texture": "#rail", "uv": [ 2.0, 0.0, 5.0, 16.0 ] }
            }
        },
        {
            "name": "Element",
            "from": [ 11.0, 7.5, 0 ], 
            "to": [ 14.0, 8.3, 16.75 ], 
            "rotation": { "origin": [ 8.0, 7.25, 8.0 ], "axis": "x", "angle": -45.0, "rescale": true },
            "faces": {
                "north": { "texture": "#rail", "uv": [ 11.0, 15.0, 14.0, 16.0 ] },
                "east": { "texture": "#rail", "uv": [ 13.0, 15.0, 14.0, 16.0 ] },
                "south": { "texture": "#rail", "uv": [ 11.0, 15.0, 14.0, 16.0 ] },
                "west": { "texture": "#rail", "uv": [ 11.0, 14.0, 12.0, 15.0 ] },
                "up": { "texture": "#rail", "uv": [ 11.0, 0.0, 14.0, 16.0 ] },
                "down": { "texture": "#rail", "uv": [ 11.0, 0.0, 14.0, 16.0 ] }
            }
        }
    ]
}