{
    "__comment": "Model generated using MrCrayfish's Model Creator (http://mrcrayfish.com/modelcreator/)",
"ambientocclusion": false,
    "textures": {
		"particle": "#rail",		
        "0": "blocks/rail_normal_turned"
    },
    "elements": [
        {
            "name": "Element",
            "from": [ 0.0, 0.0, 0.0 ], 
            "to": [ 16.0, 0.25, 16.0 ], 
            "faces": {
                "up": { "texture": "#0", "uv": [ 0.0, 0.0, 16.0, 16.0 ] },
                "down": { "texture": "#0", "uv": [ 0.0, 16.0, 16.0, 0.0 ] }
            }
        },
        {
            "name": "Element",
            "from": [ 2.0, 0.0, 12.0 ], 
            "to": [ 5.0, 1.0, 16.0 ], 
            "faces": {
                "north": { "texture": "#0", "uv": [ 3.0, 15.0, 2.0, 16.0 ] },
                "east": { "texture": "#0", "uv": [ 15.0, 4.0, 16.0, 5.0 ] },
                "south": { "texture": "#0", "uv": [ 4.0, 15.0, 5.0, 16.0 ] },
                "west": { "texture": "#0", "uv": [ 15.0, 2.0, 16.0, 3.0 ] },
                "up": { "texture": "#0", "uv": [ 2.0, 12.0, 5.0, 16.0 ] }
            }
        },
        {
            "name": "Cube",
            "from": [ 3.0, 0.0, 10.0 ], 
            "to": [ 6.0, 1.0, 12.0 ], 
            "faces": {
                "north": { "texture": "#0", "uv": [ 2.0, 12.0, 5.0, 13.0 ] },
                "east": { "texture": "#0", "uv": [ 15.0, 4.0, 16.0, 5.0 ] },
                "south": { "texture": "#0", "uv": [ 2.0, 15.0, 5.0, 16.0 ] },
                "west": { "texture": "#0", "uv": [ 15.0, 2.0, 16.0, 3.0 ] },
                "up": { "texture": "#0", "uv": [ 3.0, 10.0, 6.0, 12.0 ] }
            }
        },
        {
            "name": "Cube",
            "from": [ 4.0, 0.0, 8.0 ], 
            "to": [ 7.0, 1.0, 10.0 ], 
            "faces": {
                "north": { "texture": "#0", "uv": [ 2.0, 12.0, 5.0, 13.0 ] },
                "east": { "texture": "#0", "uv": [ 15.0, 4.0, 16.0, 5.0 ] },
                "south": { "texture": "#0", "uv": [ 2.0, 15.0, 5.0, 16.0 ] },
                "west": { "texture": "#0", "uv": [ 15.0, 2.0, 16.0, 3.0 ] },
                "up": { "texture": "#0", "uv": [ 4.0, 8.0, 7.0, 10.0 ] }
            }
        },
        {
            "name": "Cube",
            "from": [ 5.0, 0.0, 7.0 ], 
            "to": [ 8.0, 1.0, 8.0 ], 
            "faces": {
                "north": { "texture": "#0", "uv": [ 2.0, 12.0, 5.0, 13.0 ] },
                "east": { "texture": "#0", "uv": [ 15.0, 4.0, 16.0, 5.0 ] },
                "south": { "texture": "#0", "uv": [ 2.0, 15.0, 5.0, 16.0 ] },
                "west": { "texture": "#0", "uv": [ 15.0, 2.0, 16.0, 3.0 ] },
                "up": { "texture": "#0", "uv": [ 5.0, 7.0, 8.0, 8.0 ] }
            }
        },
        {
            "name": "Cube",
            "from": [ 7.0, 0.0, 5.0 ], 
            "to": [ 8.0, 1.0, 7.0 ], 
            "faces": {
                "north": { "texture": "#0", "uv": [ 2.0, 12.0, 3.0, 13.0 ] },
                "east": { "texture": "#0", "uv": [ 15.0, 4.0, 16.0, 5.0 ] },
                "south": { "texture": "#0", "uv": [ 2.0, 15.0, 3.0, 16.0 ] },
                "west": { "texture": "#0", "uv": [ 15.0, 2.0, 16.0, 3.0 ] },
                "up": { "texture": "#0", "uv": [ 7.0, 5.0, 8.0, 7.0 ] }
            }
        },
        {
            "name": "Cube",
            "from": [ 6.0, 0.0, 6.0 ], 
            "to": [ 7.0, 1.0, 7.0 ], 
            "faces": {
                "north": { "texture": "#0", "uv": [ 2.0, 12.0, 3.0, 13.0 ] },
                "east": { "texture": "#0", "uv": [ 15.0, 4.0, 16.0, 5.0 ] },
                "south": { "texture": "#0", "uv": [ 2.0, 15.0, 3.0, 16.0 ] },
                "west": { "texture": "#0", "uv": [ 15.0, 2.0, 16.0, 3.0 ] },
                "up": { "texture": "#0", "uv": [ 6.0, 6.0, 7.0, 7.0 ] }
            }
        },
        {
            "name": "Cube",
            "from": [ 8.0, 0.0, 4.0 ], 
            "to": [ 10.0, 1.0, 7.0 ], 
            "faces": {
                "north": { "texture": "#0", "uv": [ 2.0, 15.0, 3.0, 16.0 ] },
                "east": { "texture": "#0", "uv": [ 15.0, 4.0, 16.0, 5.0 ] },
                "south": { "texture": "#0", "uv": [ 4.0, 15.0, 5.0, 16.0 ] },
                "west": { "texture": "#0", "uv": [ 15.0, 4.0, 16.0, 5.0 ] },
                "up": { "texture": "#0", "uv": [ 8.0, 4.0, 10.0, 7.0 ] }
            }
        },
        {
            "name": "Cube",
            "from": [ 10.0, 0.0, 3.0 ], 
            "to": [ 12.0, 1.0, 6.0 ], 
            "faces": {
                "north": { "texture": "#0", "uv": [ 2.0, 15.0, 3.0, 16.0 ] },
                "east": { "texture": "#0", "uv": [ 15.0, 4.0, 16.0, 5.0 ] },
                "south": { "texture": "#0", "uv": [ 4.0, 15.0, 5.0, 16.0 ] },
                "west": { "texture": "#0", "uv": [ 15.0, 4.0, 16.0, 5.0 ] },
                "up": { "texture": "#0", "uv": [ 10.0, 3.0, 12.0, 6.0 ] }
            }
        },
        {
            "name": "Cube",
            "from": [ 12.0, 0.0, 2.0 ], 
            "to": [ 16.0, 1.0, 5.0 ], 
            "faces": {
                "north": { "texture": "#0", "uv": [ 2.0, 15.0, 3.0, 16.0 ] },
                "east": { "texture": "#0", "uv": [ 15.0, 4.0, 16.0, 5.0 ] },
                "south": { "texture": "#0", "uv": [ 4.0, 15.0, 5.0, 16.0 ] },
                "west": { "texture": "#0", "uv": [ 15.0, 4.0, 16.0, 5.0 ] },
                "up": { "texture": "#0", "uv": [ 12.0, 2.0, 16.0, 5.0 ] }
            }
        },
        {
            "name": "Cube",
            "from": [ 14.0, 0.0, 11.0 ], 
            "to": [ 16.0, 1.0, 14.0 ], 
            "faces": {
                "north": { "texture": "#0", "uv": [ 2.0, 15.0, 3.0, 16.0 ] },
                "east": { "texture": "#0", "uv": [ 15.0, 4.0, 16.0, 5.0 ] },
                "south": { "texture": "#0", "uv": [ 4.0, 15.0, 5.0, 16.0 ] },
                "west": { "texture": "#0", "uv": [ 15.0, 4.0, 16.0, 5.0 ] },
                "up": { "texture": "#0", "uv": [ 14.0, 11.0, 16.0, 14.0 ] }
            }
        },
        {
            "name": "Cube",
            "from": [ 11.0, 0.0, 14.0 ], 
            "to": [ 14.0, 1.0, 16.0 ], 
            "faces": {
                "north": { "texture": "#0", "uv": [ 2.0, 15.0, 3.0, 16.0 ] },
                "east": { "texture": "#0", "uv": [ 15.0, 4.0, 16.0, 5.0 ] },
                "south": { "texture": "#0", "uv": [ 4.0, 15.0, 5.0, 16.0 ] },
                "west": { "texture": "#0", "uv": [ 15.0, 4.0, 16.0, 5.0 ] },
                "up": { "texture": "#0", "uv": [ 11.0, 14.0, 14.0, 16.0 ] }
            }
        },
        {
            "name": "Cube",
            "from": [ 13.0, 0.0, 12.0 ], 
            "to": [ 14.0, 1.0, 14.0 ], 
            "faces": {
                "north": { "texture": "#0", "uv": [ 2.0, 15.0, 3.0, 16.0 ] },
                "east": { "texture": "#0", "uv": [ 15.0, 4.0, 16.0, 5.0 ] },
                "south": { "texture": "#0", "uv": [ 4.0, 15.0, 5.0, 16.0 ] },
                "west": { "texture": "#0", "uv": [ 15.0, 4.0, 16.0, 5.0 ] },
                "up": { "texture": "#0", "uv": [ 13.0, 12.0, 14.0, 14.0 ] }
            }
        },
        {
            "name": "Cube",
            "from": [ 12.0, 0.0, 13.0 ], 
            "to": [ 13.0, 1.0, 14.0 ], 
            "faces": {
                "north": { "texture": "#0", "uv": [ 2.0, 15.0, 3.0, 16.0 ] },
                "east": { "texture": "#0", "uv": [ 15.0, 4.0, 16.0, 5.0 ] },
                "south": { "texture": "#0", "uv": [ 4.0, 15.0, 5.0, 16.0 ] },
                "west": { "texture": "#0", "uv": [ 15.0, 4.0, 16.0, 5.0 ] },
                "up": { "texture": "#0", "uv": [ 12.0, 13.0, 13.0, 14.0 ] }
            }
        }
    ]
}