{
    "__comment": "Model generated using MrCrayfish's Model Creator (http://mrcrayfish.com/modelcreator/)",
"ambientocclusion": false,
    "textures": {
		"particle": "#rail",	
        "rail": "blocks/rail_normal"
    },
    "elements": [
        {
            "name": "Element",
            "from": [ 0.0, 0.0, 0.0 ], 
            "to": [ 16.0, 0.25, 16.0 ], 
            "faces": {
                "up": { "texture": "#rail", "uv": [ 0.0, 0.0, 16.0, 16.0 ] },
                "down": { "texture": "#rail", "uv": [ 0.0, 0.0, 16.0, 16.0 ] }
            }
        },
        {
            "name": "Element",
            "from": [ 2.0, 0.0, -0.25 ], 
            "to": [ 5.0, 1.0, 16.25 ], 
            "faces": {
                "north": { "texture": "#rail", "uv": [ 2.0, 0.0, 5.0, 1.0 ] },
                "east": { "texture": "#rail", "uv": [ 4.0, 15.0, 5.0, 16.0 ] },
                "south": { "texture": "#rail", "uv": [ 2.0, 15.0, 5.0, 16.0 ] },
                "west": { "texture": "#rail", "uv": [ 2.0, 15.0, 3.0, 16.0 ] },
                "up": { "texture": "#rail", "uv": [ 2.0, 0.0, 5.0, 16.0 ] },
                "down": { "texture": "#rail", "uv": [ 2.0, 0.0, 5.0, 16.0 ] }
            }
        },
        {
            "name": "Element",
            "from": [ 11.0, 0.0, -0.25 ], 
            "to": [ 14.0, 1.0, 16.25 ], 
            "faces": {
                "north": { "texture": "#rail", "uv": [ 11.0, 0.0, 14.0, 1.0 ] },
                "east": { "texture": "#rail", "uv": [ 13.0, 15.0, 14.0, 16.0 ] },
                "south": { "texture": "#rail", "uv": [ 11.0, 15.0, 14.0, 16.0 ] },
                "west": { "texture": "#rail", "uv": [ 11.0, 15.0, 12.0, 16.0 ] },
                "up": { "texture": "#rail", "uv": [ 11.0, 0.0, 14.0, 16.0 ] },
                "down": { "texture": "#rail", "uv": [ 11.0, 0.0, 14.0, 16.0 ] }
            }
        }
    ]
}