{
    "variants": {
        "age=0":  [
        	{ "model": "plants/beet-stage0" },
        	{ "model": "plants/beet-stage0", "y": 90 },
            { "model": "plants/beet-stage0", "y": 180 },
            { "model": "plants/beet-stage0", "y": 270 }
        	],
        "age=1": [
        	{ "model": "plants/beet-stage1" },
        	{ "model": "plants/beet-stage1", "y": 90 },
            { "model": "plants/beet-stage1", "y": 180 },
            { "model": "plants/beet-stage1", "y": 270 }
        	],
        "age=2": [
        	{ "model": "plants/beet-stage2" },
        	{ "model": "plants/beet-stage2", "y": 90 },
            { "model": "plants/beet-stage2", "y": 180 },
            { "model": "plants/beet-stage2", "y": 270 }
        	],
        "age=3": [
        	{ "model": "plants/beet-stage3" },
        	{ "model": "plants/beet-stage3", "y": 90 },
            { "model": "plants/beet-stage3", "y": 180 },
            { "model": "plants/beet-stage3", "y": 270 }
        	]
    }
}
