{
    "variants": {
        "normal": [
            { "model": "plants/mushroom_brown_1" },
            { "model": "plants/mushroom_brown_1", "y": 90 },
            { "model": "plants/mushroom_brown_1", "y": 180 },
            { "model": "plants/mushroom_brown_1", "y": 270 },
            { "model": "plants/mushroom_brown_2" },
            { "model": "plants/mushroom_brown_2", "y": 90 },
            { "model": "plants/mushroom_brown_2", "y": 180 },
            { "model": "plants/mushroom_brown_2", "y": 270 },
            { "model": "plants/mushroom_brown_3" },
            { "model": "plants/mushroom_brown_3", "y": 90 },
            { "model": "plants/mushroom_brown_3", "y": 180 },
            { "model": "plants/mushroom_brown_3", "y": 270 }
        ]
    }
}
