{
    "variants": {
        "normal": [ 
            { "model": "end/end_stone",  "weight": 7 },
            { "model": "end/end_stone2", "weight": 7 },
            { "model": "end/end_stone3", "weight": 7 },            
            { "model": "end/end_stone4", "weight": 1 },
            { "model": "end/end_stone5", "weight": 1 },
            { "model": "end/end_stone6", "weight": 1 },
            { "model": "end/end_stone7", "weight": 1 },
            { "model": "end/end_stone8", "weight": 1 },
            { "model": "end/end_stone9", "weight": 1 }
        ]
    }
}
