{
    "variants": {
        "axis=y":  [
        	{ "model": "wood/jungle_log_1", "weight": 1      },
        	{ "model": "wood/jungle_log_2", "weight": 1      }
        	],
        "axis=z":   [
        	{ "model": "wood/jungle_log_side_z1", "weight": 1       },
        	{ "model": "wood/jungle_log_side_z2", "weight": 1       }
        	],
        "axis=x":   [
        	{ "model": "wood/jungle_log_side_x1", "weight": 1     },
        	{ "model": "wood/jungle_log_side_x2", "weight": 1    }
        	],
        "axis=none": [
        	{ "model": "wood/jungle_bark_1", "weight": 1       },
        	{ "model": "wood/jungle_bark_2", "weight": 1       }
        	]
    }
}
