{
    "variants": {
        "facing=north": [
        					{ "model": "pumpkins/lit_1" },
        					{ "model": "pumpkins/lit_2" },
        					{ "model": "pumpkins/lit_3" },
        					{ "model": "pumpkins/lit_4" },
        					{ "model": "pumpkins/lit_5" },
        					{ "model": "pumpkins/lit_6" },
        					{ "model": "pumpkins/lit_7" },
        					{ "model": "pumpkins/lit_8" },
        					{ "model": "pumpkins/lit_9" },
        					{ "model": "pumpkins/lit_10" }
        				],
        					
        "facing=south": [
        					{ "model": "pumpkins/lit_1", "y": 180 },
        					{ "model": "pumpkins/lit_2", "y": 180 },
        					{ "model": "pumpkins/lit_3", "y": 180 },
        					{ "model": "pumpkins/lit_4", "y": 180 },
        					{ "model": "pumpkins/lit_5", "y": 180 },
        					{ "model": "pumpkins/lit_6", "y": 180 },
        					{ "model": "pumpkins/lit_7", "y": 180 },
        					{ "model": "pumpkins/lit_8", "y": 180 },
        					{ "model": "pumpkins/lit_9", "y": 180 },
        					{ "model": "pumpkins/lit_10", "y": 180 }
        				],
        				
        "facing=west":  [
        					{ "model": "pumpkins/lit_1", "y": 270 },
        					{ "model": "pumpkins/lit_2", "y": 270 },
        					{ "model": "pumpkins/lit_3", "y": 270 },
        					{ "model": "pumpkins/lit_4", "y": 270 },
        					{ "model": "pumpkins/lit_5", "y": 270 },
        					{ "model": "pumpkins/lit_6", "y": 270 },
        					{ "model": "pumpkins/lit_7", "y": 270 },
        					{ "model": "pumpkins/lit_8", "y": 270 },
        					{ "model": "pumpkins/lit_9", "y": 270 },
        					{ "model": "pumpkins/lit_10", "y": 270 }
        				],
        				
        "facing=east":  [
        					{ "model": "pumpkins/lit_1", "y": 90 },
        					{ "model": "pumpkins/lit_2", "y": 90 },
        					{ "model": "pumpkins/lit_3", "y": 90 },
        					{ "model": "pumpkins/lit_4", "y": 90 },
        					{ "model": "pumpkins/lit_5", "y": 90 },
        					{ "model": "pumpkins/lit_6", "y": 90 },
        					{ "model": "pumpkins/lit_7", "y": 90 },
        					{ "model": "pumpkins/lit_8", "y": 90 },
        					{ "model": "pumpkins/lit_9", "y": 90 },
        					{ "model": "pumpkins/lit_10", "y": 90 }
        				]
    }
}