{
    "variants": {
        "age=0": [
        
        	{ "model": "plants/nether-wart-0" },
            { "model": "plants/nether-wart-0", "y": 90 },
            { "model": "plants/nether-wart-0", "y": 180 },
            { "model": "plants/nether-wart-0", "y": 270 }
            
        	],
        
        "age=1": [
        
        	{ "model": "plants/nether-wart-1" },
            { "model": "plants/nether-wart-1", "y": 90 },
            { "model": "plants/nether-wart-1", "y": 180 },
            { "model": "plants/nether-wart-1", "y": 270 }
            
        	],
        
        "age=2": [
        
        	{ "model": "plants/nether-wart-2" },
            { "model": "plants/nether-wart-2", "y": 90 },
            { "model": "plants/nether-wart-2", "y": 180 },
            { "model": "plants/nether-wart-2", "y": 270 }
            
        	],
        	
        "age=3": [
        
        	{ "model": "plants/nether-wart-3a" },
            { "model": "plants/nether-wart-3a", "y": 90 },
            { "model": "plants/nether-wart-3a", "y": 180 },
            { "model": "plants/nether-wart-3a", "y": 270 },
            
            { "model": "plants/nether-wart-3b" },
            { "model": "plants/nether-wart-3b", "y": 90 },
            { "model": "plants/nether-wart-3b", "y": 180 },
            { "model": "plants/nether-wart-3b", "y": 270 }
        	
        	]
    }
}
