{
    "variants": {
    	"normal": [ 
            { "model": "plants/poppy_1" },
            { "model": "plants/poppy_1", "y": 90 },
            { "model": "plants/poppy_1", "y": 180 },
            { "model": "plants/poppy_1", "y": 270 },
            { "model": "plants/poppy_2" },
            { "model": "plants/poppy_2", "y": 90 },
            { "model": "plants/poppy_2", "y": 180 },
            { "model": "plants/poppy_2", "y": 270 },
            { "model": "plants/poppy_3" },
            { "model": "plants/poppy_3", "y": 90 },
            { "model": "plants/poppy_3", "y": 180 },
            { "model": "plants/poppy_3", "y": 270 },
            { "model": "plants/poppy_4" },
            { "model": "plants/poppy_4", "y": 90 },
            { "model": "plants/poppy_4", "y": 180 },
            { "model": "plants/poppy_4", "y": 270 }
        ]
    }
}