{
    "variants": {
        "age=0": [
        	{ "model": "plants/potatoes_stage0" },
        	{ "model": "plants/potatoes_stage0", "y": 90 },
            { "model": "plants/potatoes_stage0", "y": 180 },
            { "model": "plants/potatoes_stage0", "y": 270 }
            
        	],
        	
        "age=1": [
        	{ "model": "plants/potatoes_stage0" },
        	{ "model": "plants/potatoes_stage0", "y": 90 },
            { "model": "plants/potatoes_stage0", "y": 180 },
            { "model": "plants/potatoes_stage0", "y": 270 }
            
        	],
        	
        "age=2": [
        	{ "model": "plants/potatoes_stage1" },
        	{ "model": "plants/potatoes_stage1", "y": 90 },
            { "model": "plants/potatoes_stage1", "y": 180 },
            { "model": "plants/potatoes_stage1", "y": 270 }
            
        	],
        	
        "age=3": [
        	{ "model": "plants/potatoes_stage1" },
        	{ "model": "plants/potatoes_stage1", "y": 90 },
            { "model": "plants/potatoes_stage1", "y": 180 },
            { "model": "plants/potatoes_stage1", "y": 270 }
            
        	],
        	
        "age=4": [
        	{ "model": "plants/potatoes_stage2" },
        	{ "model": "plants/potatoes_stage2", "y": 90 },
            { "model": "plants/potatoes_stage2", "y": 180 },
            { "model": "plants/potatoes_stage2", "y": 270 }
            
        	],
        	
        "age=5": [
        	{ "model": "plants/potatoes_stage2" },
        	{ "model": "plants/potatoes_stage2", "y": 90 },
            { "model": "plants/potatoes_stage2", "y": 180 },
            { "model": "plants/potatoes_stage2", "y": 270 }
            
        	],
        	
        "age=6": [
        	{ "model": "plants/potatoes_stage2" },
        	{ "model": "plants/potatoes_stage2", "y": 90 },
            { "model": "plants/potatoes_stage2", "y": 180 },
            { "model": "plants/potatoes_stage2", "y": 270 }
            
        	],
        	
        "age=7": [
        	{ "model": "plants/potatoes_stage3" },
        	{ "model": "plants/potatoes_stage3", "y": 90 },
            { "model": "plants/potatoes_stage3", "y": 180 },
            { "model": "plants/potatoes_stage3", "y": 270 }
            
        	]
        	
    }
}

