{
    "variants": {
        "facing=east,half=bottom,shape=straight":  [
        	{ "model": "stairs/quartz_1" },
        	{ "model": "stairs/quartz_2" },
        	{ "model": "stairs/quartz_3" }
        	],
        "facing=west,half=bottom,shape=straight":  [
        	{ "model": "stairs/quartz_1", "y": 180, "uvlock": true },
        	{ "model": "stairs/quartz_2", "y": 180, "uvlock": true },
        	{ "model": "stairs/quartz_3", "y": 180, "uvlock": true }
        	],
        "facing=south,half=bottom,shape=straight": [
        	{ "model": "stairs/quartz_1", "y": 90, "uvlock": true },
        	{ "model": "stairs/quartz_2", "y": 90, "uvlock": true },
        	{ "model": "stairs/quartz_3", "y": 90, "uvlock": true }
        	],
        "facing=north,half=bottom,shape=straight": [
        	{ "model": "stairs/quartz_1", "y": 270, "uvlock": true },
        	{ "model": "stairs/quartz_2", "y": 270, "uvlock": true },
        	{ "model": "stairs/quartz_3", "y": 270, "uvlock": true }
        	],
        "facing=east,half=bottom,shape=outer_right":  [
        	{ "model": "stairs/quartz_outer_1" },
        	{ "model": "stairs/quartz_outer_2" },
        	{ "model": "stairs/quartz_outer_3" }
        	],
        "facing=west,half=bottom,shape=outer_right":  [
        	{ "model": "stairs/quartz_outer_1", "y": 180, "uvlock": true },
        	{ "model": "stairs/quartz_outer_2", "y": 180, "uvlock": true },
        	{ "model": "stairs/quartz_outer_3", "y": 180, "uvlock": true }
        	],
        "facing=south,half=bottom,shape=outer_right": [
        	{ "model": "stairs/quartz_outer_1", "y": 90, "uvlock": true },
        	{ "model": "stairs/quartz_outer_2", "y": 90, "uvlock": true },
        	{ "model": "stairs/quartz_outer_3", "y": 90, "uvlock": true }
        	],
        "facing=north,half=bottom,shape=outer_right": [
        	{ "model": "stairs/quartz_outer_1", "y": 270, "uvlock": true },
        	{ "model": "stairs/quartz_outer_2", "y": 270, "uvlock": true },
        	{ "model": "stairs/quartz_outer_3", "y": 270, "uvlock": true }
        	],
        "facing=east,half=bottom,shape=outer_left":  [
        	{ "model": "stairs/quartz_outer_1", "y": 270, "uvlock": true },
        	{ "model": "stairs/quartz_outer_2", "y": 270, "uvlock": true },
        	{ "model": "stairs/quartz_outer_3", "y": 270, "uvlock": true }
        	],
        "facing=west,half=bottom,shape=outer_left":  [
        	{ "model": "stairs/quartz_outer_1", "y": 90, "uvlock": true },
        	{ "model": "stairs/quartz_outer_2", "y": 90, "uvlock": true },
        	{ "model": "stairs/quartz_outer_3", "y": 90, "uvlock": true }
        	],
        "facing=south,half=bottom,shape=outer_left": [
        	{ "model": "stairs/quartz_outer_1" },
        	{ "model": "stairs/quartz_outer_2" },
        	{ "model": "stairs/quartz_outer_3" }
        	],
        "facing=north,half=bottom,shape=outer_left": [
        	{ "model": "stairs/quartz_outer_1", "y": 180, "uvlock": true },
        	{ "model": "stairs/quartz_outer_2", "y": 180, "uvlock": true },
        	{ "model": "stairs/quartz_outer_3", "y": 180, "uvlock": true }
        	],
        "facing=east,half=bottom,shape=inner_right":  [
        	{ "model": "stairs/quartz_inner_1" },
        	{ "model": "stairs/quartz_inner_2" },
        	{ "model": "stairs/quartz_inner_3" }
        	],
        "facing=west,half=bottom,shape=inner_right":  [
        	{ "model": "stairs/quartz_inner_1", "y": 180, "uvlock": true },
        	{ "model": "stairs/quartz_inner_2", "y": 180, "uvlock": true },
        	{ "model": "stairs/quartz_inner_3", "y": 180, "uvlock": true }
        	],
        "facing=south,half=bottom,shape=inner_right": [
        	{ "model": "stairs/quartz_inner_1", "y": 90, "uvlock": true },
        	{ "model": "stairs/quartz_inner_2", "y": 90, "uvlock": true },
        	{ "model": "stairs/quartz_inner_3", "y": 90, "uvlock": true }
        	],
        "facing=north,half=bottom,shape=inner_right": [
        	{ "model": "stairs/quartz_inner_1", "y": 270, "uvlock": true },
        	{ "model": "stairs/quartz_inner_2", "y": 270, "uvlock": true },
        	{ "model": "stairs/quartz_inner_3", "y": 270, "uvlock": true }
        	],
        "facing=east,half=bottom,shape=inner_left":  [
        	{ "model": "stairs/quartz_inner_1", "y": 270, "uvlock": true },
        	{ "model": "stairs/quartz_inner_2", "y": 270, "uvlock": true },
        	{ "model": "stairs/quartz_inner_3", "y": 270, "uvlock": true }
        	],
        "facing=west,half=bottom,shape=inner_left":  [
        	{ "model": "stairs/quartz_inner_1", "y": 90, "uvlock": true },
        	{ "model": "stairs/quartz_inner_2", "y": 90, "uvlock": true },
        	{ "model": "stairs/quartz_inner_3", "y": 90, "uvlock": true }
        	],
        "facing=south,half=bottom,shape=inner_left": [
        	{ "model": "stairs/quartz_inner_1" },
        	{ "model": "stairs/quartz_inner_2" },
        	{ "model": "stairs/quartz_inner_3" }
        	],
        "facing=north,half=bottom,shape=inner_left": [
        	{ "model": "stairs/quartz_inner_1", "y": 180, "uvlock": true },
        	{ "model": "stairs/quartz_inner_2", "y": 180, "uvlock": true },
        	{ "model": "stairs/quartz_inner_3", "y": 180, "uvlock": true }
        	],
        "facing=east,half=top,shape=straight":  [
        	{ "model": "stairs/quartz_upsidedown_1", "x": 180, "uvlock": true },
        	{ "model": "stairs/quartz_upsidedown_2", "x": 180, "uvlock": true },
        	{ "model": "stairs/quartz_upsidedown_3", "x": 180, "uvlock": true }
        	],
        "facing=west,half=top,shape=straight":  [
        	{ "model": "stairs/quartz_upsidedown_1", "x": 180, "y": 180, "uvlock": true },
        	{ "model": "stairs/quartz_upsidedown_2", "x": 180, "y": 180, "uvlock": true },
        	{ "model": "stairs/quartz_upsidedown_3", "x": 180, "y": 180, "uvlock": true }
        	],
        "facing=south,half=top,shape=straight": [
        	{ "model": "stairs/quartz_upsidedown_1", "x": 180, "y": 90, "uvlock": true },
        	{ "model": "stairs/quartz_upsidedown_2", "x": 180, "y": 90, "uvlock": true },
        	{ "model": "stairs/quartz_upsidedown_3", "x": 180, "y": 90, "uvlock": true }
        	],
        "facing=north,half=top,shape=straight": [	
        	{ "model": "stairs/quartz_upsidedown_1", "x": 180, "y": 270, "uvlock": true },
        	{ "model": "stairs/quartz_upsidedown_2", "x": 180, "y": 270, "uvlock": true },
        	{ "model": "stairs/quartz_upsidedown_3", "x": 180, "y": 270, "uvlock": true }
        	],
        "facing=east,half=top,shape=outer_right":  [
        	{ "model": "stairs/quartz_upsidedown_outer_1", "x": 180, "y": 90, "uvlock": true },
        	{ "model": "stairs/quartz_upsidedown_outer_2", "x": 180, "y": 90, "uvlock": true },
        	{ "model": "stairs/quartz_upsidedown_outer_3", "x": 180, "y": 90, "uvlock": true }
        	],
        "facing=west,half=top,shape=outer_right":  [
        	{ "model": "stairs/quartz_upsidedown_outer_1", "x": 180, "y": 270, "uvlock": true },
        	{ "model": "stairs/quartz_upsidedown_outer_2", "x": 180, "y": 270, "uvlock": true },
        	{ "model": "stairs/quartz_upsidedown_outer_3", "x": 180, "y": 270, "uvlock": true }
        	],
        "facing=south,half=top,shape=outer_right": [
        	{ "model": "stairs/quartz_upsidedown_outer_1", "x": 180, "y": 180, "uvlock": true },
        	{ "model": "stairs/quartz_upsidedown_outer_2", "x": 180, "y": 180, "uvlock": true },
        	{ "model": "stairs/quartz_upsidedown_outer_3", "x": 180, "y": 180, "uvlock": true }
        	],
        "facing=north,half=top,shape=outer_right": [
        	{ "model": "stairs/quartz_upsidedown_outer_1", "x": 180, "uvlock": true },
        	{ "model": "stairs/quartz_upsidedown_outer_2", "x": 180, "uvlock": true },
        	{ "model": "stairs/quartz_upsidedown_outer_3", "x": 180, "uvlock": true }
        	],
        "facing=east,half=top,shape=outer_left":  [
        	{ "model": "stairs/quartz_upsidedown_outer_1", "x": 180, "uvlock": true },
        	{ "model": "stairs/quartz_upsidedown_outer_2", "x": 180, "uvlock": true },
        	{ "model": "stairs/quartz_upsidedown_outer_3", "x": 180, "uvlock": true }
        	],
        "facing=west,half=top,shape=outer_left":  [
        	{ "model": "stairs/quartz_upsidedown_outer_1", "x": 180, "y": 180, "uvlock": true },
        	{ "model": "stairs/quartz_upsidedown_outer_2", "x": 180, "y": 180, "uvlock": true },
        	{ "model": "stairs/quartz_upsidedown_outer_3", "x": 180, "y": 180, "uvlock": true }
        	],
        "facing=south,half=top,shape=outer_left": [
        	{ "model": "stairs/quartz_upsidedown_outer_1", "x": 180, "y": 90, "uvlock": true },
        	{ "model": "stairs/quartz_upsidedown_outer_2", "x": 180, "y": 90, "uvlock": true },
        	{ "model": "stairs/quartz_upsidedown_outer_3", "x": 180, "y": 90, "uvlock": true }
        	],
        "facing=north,half=top,shape=outer_left": [
        	{ "model": "stairs/quartz_upsidedown_outer_1", "x": 180, "y": 270, "uvlock": true },
        	{ "model": "stairs/quartz_upsidedown_outer_2", "x": 180, "y": 270, "uvlock": true },
        	{ "model": "stairs/quartz_upsidedown_outer_3", "x": 180, "y": 270, "uvlock": true }
        	],
        "facing=east,half=top,shape=inner_right":  [
        	{ "model": "stairs/quartz_upsidedown_inner_1", "x": 180, "y": 90, "uvlock": true },
        	{ "model": "stairs/quartz_upsidedown_inner_2", "x": 180, "y": 90, "uvlock": true },
        	{ "model": "stairs/quartz_upsidedown_inner_3", "x": 180, "y": 90, "uvlock": true }
        	],
        "facing=west,half=top,shape=inner_right":  [
        	{ "model": "stairs/quartz_upsidedown_inner_1", "x": 180, "y": 270, "uvlock": true },
        	{ "model": "stairs/quartz_upsidedown_inner_2", "x": 180, "y": 270, "uvlock": true },
        	{ "model": "stairs/quartz_upsidedown_inner_3", "x": 180, "y": 270, "uvlock": true }
        	],
        "facing=south,half=top,shape=inner_right": [
        	{ "model": "stairs/quartz_upsidedown_inner_1", "x": 180, "y": 180, "uvlock": true },
        	{ "model": "stairs/quartz_upsidedown_inner_2", "x": 180, "y": 180, "uvlock": true },
        	{ "model": "stairs/quartz_upsidedown_inner_3", "x": 180, "y": 180, "uvlock": true }
        	],
        "facing=north,half=top,shape=inner_right": [
        	{ "model": "stairs/quartz_upsidedown_inner_1", "x": 180, "uvlock": true },
        	{ "model": "stairs/quartz_upsidedown_inner_2", "x": 180, "uvlock": true },
        	{ "model": "stairs/quartz_upsidedown_inner_3", "x": 180, "uvlock": true }
        	],
        "facing=east,half=top,shape=inner_left":  [
        	{ "model": "stairs/quartz_upsidedown_inner_1", "x": 180, "uvlock": true },
        	{ "model": "stairs/quartz_upsidedown_inner_2", "x": 180, "uvlock": true },
        	{ "model": "stairs/quartz_upsidedown_inner_3", "x": 180, "uvlock": true }
        	],
        "facing=west,half=top,shape=inner_left":  [
        	{ "model": "stairs/quartz_upsidedown_inner_1", "x": 180, "y": 180, "uvlock": true },
        	{ "model": "stairs/quartz_upsidedown_inner_2", "x": 180, "y": 180, "uvlock": true },
        	{ "model": "stairs/quartz_upsidedown_inner_3", "x": 180, "y": 180, "uvlock": true }
        	],
        "facing=south,half=top,shape=inner_left": [
        	{ "model": "stairs/quartz_upsidedown_inner_1", "x": 180, "y": 90, "uvlock": true },
        	{ "model": "stairs/quartz_upsidedown_inner_2", "x": 180, "y": 90, "uvlock": true },
        	{ "model": "stairs/quartz_upsidedown_inner_3", "x": 180, "y": 90, "uvlock": true }
        	],
        "facing=north,half=top,shape=inner_left": [
        	{ "model": "stairs/quartz_upsidedown_inner_1", "x": 180, "y": 270, "uvlock": true },
        	{ "model": "stairs/quartz_upsidedown_inner_2", "x": 180, "y": 270, "uvlock": true },
        	{ "model": "stairs/quartz_upsidedown_inner_3", "x": 180, "y": 270, "uvlock": true }
        	]
    }
}
