{
    "variants": {
        "axis=y":  [
        	{ "model": "nether/quartz_pillar_1", "weight": 1      },
        	{ "model": "nether/quartz_pillar_2", "weight": 1      },
        	{ "model": "nether/quartz_pillar_3", "weight": 1      }
        	],
        "axis=z":   [
        	{ "model": "nether/quartz_pillar_side_z1", "weight": 1       },
        	{ "model": "nether/quartz_pillar_side_z2", "weight": 1       },
        	{ "model": "nether/quartz_pillar_side_z3", "weight": 1       }
        	],
        "axis=x":   [
        	{ "model": "nether/quartz_pillar_side_x1", "weight": 1    },
        	{ "model": "nether/quartz_pillar_side_x2", "weight": 1    },
        	{ "model": "nether/quartz_pillar_side_x3", "weight": 1    }
        	]
    }
}
