{
    "variants": {
        "normal": [
            { "model": "sand/sand_1" },
            { "model": "sand/sand_1", "y": 90 },
            { "model": "sand/sand_1", "y": 180 },
            { "model": "sand/sand_1", "y": 270 },
            { "model": "sand/sand_2" },
            { "model": "sand/sand_2", "y": 90 },
            { "model": "sand/sand_2", "y": 180 },
            { "model": "sand/sand_2", "y": 270 },
            { "model": "sand/sand_3" },
            { "model": "sand/sand_3", "y": 90 },
            { "model": "sand/sand_3", "y": 180 },
            { "model": "sand/sand_3", "y": 270 }
        ]
    }
}
