{
    "variants": {
        "extended=false,facing=down": { "model": "redstone/piston_sticky", "x": 90 },
        "extended=false,facing=up": { "model": "redstone/piston_sticky", "x": 270 },
        "extended=false,facing=north": { "model": "redstone/piston_sticky" },
        "extended=false,facing=south": { "model": "redstone/piston_sticky", "y": 180 },
        "extended=false,facing=west": { "model": "redstone/piston_sticky", "y": 270 },
        "extended=false,facing=east": { "model": "redstone/piston_sticky", "y": 90 },
        "extended=true,facing=down": { "model": "redstone/piston_extended_normal", "x": 90 },
        "extended=true,facing=up": { "model": "redstone/piston_extended_normal", "x": 270 },
        "extended=true,facing=north": { "model": "redstone/piston_extended_normal" },
        "extended=true,facing=south": { "model": "redstone/piston_extended_normal", "y": 180 },
        "extended=true,facing=west": { "model": "redstone/piston_extended_normal", "y": 270 },
        "extended=true,facing=east": { "model": "redstone/piston_extended_normal", "y": 90 }
    }
}
