{
    "variants": {
        "facing=east,half=bottom,shape=straight":  [
        	{ "model": "stairs/stonebrick_1" },
        	{ "model": "stairs/stonebrick_2" },
        	{ "model": "stairs/stonebrick_3" }
        	],
        "facing=west,half=bottom,shape=straight":  [
        	{ "model": "stairs/stonebrick_1", "y": 180, "uvlock": true },
        	{ "model": "stairs/stonebrick_2", "y": 180, "uvlock": true },
        	{ "model": "stairs/stonebrick_3", "y": 180, "uvlock": true }
        	],
        "facing=south,half=bottom,shape=straight": [
        	{ "model": "stairs/stonebrick_ns_1", "y": 90, "uvlock": true },
        	{ "model": "stairs/stonebrick_ns_2", "y": 90, "uvlock": true },
        	{ "model": "stairs/stonebrick_ns_3", "y": 90, "uvlock": true }
        	],
        "facing=north,half=bottom,shape=straight": [
        	{ "model": "stairs/stonebrick_ns_1", "y": 270, "uvlock": true },
        	{ "model": "stairs/stonebrick_ns_2", "y": 270, "uvlock": true },
        	{ "model": "stairs/stonebrick_ns_3", "y": 270, "uvlock": true }
        	],
        "facing=east,half=bottom,shape=outer_right":  [
        	{ "model": "stairs/stonebrick_outer_1" },
        	{ "model": "stairs/stonebrick_outer_2" },
        	{ "model": "stairs/stonebrick_outer_3" }
        	],
        "facing=west,half=bottom,shape=outer_right":  [
        	{ "model": "stairs/stonebrick_outer_1", "y": 180, "uvlock": true },
        	{ "model": "stairs/stonebrick_outer_2", "y": 180, "uvlock": true },
        	{ "model": "stairs/stonebrick_outer_3", "y": 180, "uvlock": true }
        	],
        "facing=south,half=bottom,shape=outer_right": [
        	{ "model": "stairs/stonebrick_outer_ns_1", "y": 90, "uvlock": true },
        	{ "model": "stairs/stonebrick_outer_ns_2", "y": 90, "uvlock": true },
        	{ "model": "stairs/stonebrick_outer_ns_3", "y": 90, "uvlock": true }
        	],
        "facing=north,half=bottom,shape=outer_right": [
        	{ "model": "stairs/stonebrick_outer_ns_1", "y": 270, "uvlock": true },
        	{ "model": "stairs/stonebrick_outer_ns_2", "y": 270, "uvlock": true },
        	{ "model": "stairs/stonebrick_outer_ns_3", "y": 270, "uvlock": true }
        	],
        "facing=east,half=bottom,shape=outer_left":  [
        	{ "model": "stairs/stonebrick_outer_ns_1", "y": 270, "uvlock": true },
        	{ "model": "stairs/stonebrick_outer_ns_2", "y": 270, "uvlock": true },
        	{ "model": "stairs/stonebrick_outer_ns_3", "y": 270, "uvlock": true }
        	],
        "facing=west,half=bottom,shape=outer_left":  [
        	{ "model": "stairs/stonebrick_outer_ns_1", "y": 90, "uvlock": true },
        	{ "model": "stairs/stonebrick_outer_ns_2", "y": 90, "uvlock": true },
        	{ "model": "stairs/stonebrick_outer_ns_3", "y": 90, "uvlock": true }
        	],
        "facing=south,half=bottom,shape=outer_left": [
        	{ "model": "stairs/stonebrick_outer_1" },
        	{ "model": "stairs/stonebrick_outer_2" },
        	{ "model": "stairs/stonebrick_outer_3" }
        	],
        "facing=north,half=bottom,shape=outer_left": [
        	{ "model": "stairs/stonebrick_outer_1", "y": 180, "uvlock": true },
        	{ "model": "stairs/stonebrick_outer_2", "y": 180, "uvlock": true },
        	{ "model": "stairs/stonebrick_outer_3", "y": 180, "uvlock": true }
        	],
        "facing=east,half=bottom,shape=inner_right":  [
        	{ "model": "stairs/stonebrick_inner_ew_1" },
        	{ "model": "stairs/stonebrick_inner_ew_2" },
        	{ "model": "stairs/stonebrick_inner_ew_3" }
        	],
        "facing=west,half=bottom,shape=inner_right":  [
        	{ "model": "stairs/stonebrick_inner_ew_1", "y": 180, "uvlock": true },
        	{ "model": "stairs/stonebrick_inner_ew_2", "y": 180, "uvlock": true },
        	{ "model": "stairs/stonebrick_inner_ew_3", "y": 180, "uvlock": true }
        	],
        "facing=south,half=bottom,shape=inner_right": [
        	{ "model": "stairs/stonebrick_inner_1", "y": 90, "uvlock": true },
        	{ "model": "stairs/stonebrick_inner_2", "y": 90, "uvlock": true },
        	{ "model": "stairs/stonebrick_inner_3", "y": 90, "uvlock": true }
        	],
        "facing=north,half=bottom,shape=inner_right": [
        	{ "model": "stairs/stonebrick_inner_1", "y": 270, "uvlock": true },
        	{ "model": "stairs/stonebrick_inner_2", "y": 270, "uvlock": true },
        	{ "model": "stairs/stonebrick_inner_3", "y": 270, "uvlock": true }
        	],
        "facing=east,half=bottom,shape=inner_left":  [
        	{ "model": "stairs/stonebrick_inner_ew_1", "y": 270, "uvlock": true },
        	{ "model": "stairs/stonebrick_inner_ew_2", "y": 270, "uvlock": true },
        	{ "model": "stairs/stonebrick_inner_ew_3", "y": 270, "uvlock": true }
        	],
        "facing=west,half=bottom,shape=inner_left":  [
        	{ "model": "stairs/stonebrick_inner_ew_1", "y": 90, "uvlock": true },
        	{ "model": "stairs/stonebrick_inner_ew_2", "y": 90, "uvlock": true },
        	{ "model": "stairs/stonebrick_inner_ew_3", "y": 90, "uvlock": true }
        	],
        "facing=south,half=bottom,shape=inner_left": [
        	{ "model": "stairs/stonebrick_inner_1" },
        	{ "model": "stairs/stonebrick_inner_2" },
        	{ "model": "stairs/stonebrick_inner_3" }
        	],
        "facing=north,half=bottom,shape=inner_left": [
        	{ "model": "stairs/stonebrick_inner_1", "y": 180, "uvlock": true },
        	{ "model": "stairs/stonebrick_inner_2", "y": 180, "uvlock": true },
        	{ "model": "stairs/stonebrick_inner_3", "y": 180, "uvlock": true }
        	],
        "facing=east,half=top,shape=straight":  [
        	{ "model": "stairs/stonebrick_1", "x": 180, "uvlock": true },
        	{ "model": "stairs/stonebrick_2", "x": 180, "uvlock": true },
        	{ "model": "stairs/stonebrick_3", "x": 180, "uvlock": true }
        	],
        "facing=west,half=top,shape=straight":  [
        	{ "model": "stairs/stonebrick_1", "x": 180, "y": 180, "uvlock": true },
        	{ "model": "stairs/stonebrick_2", "x": 180, "y": 180, "uvlock": true },
        	{ "model": "stairs/stonebrick_3", "x": 180, "y": 180, "uvlock": true }
        	],
        "facing=south,half=top,shape=straight": [
        	{ "model": "stairs/stonebrick_ns_1", "x": 180, "y": 90, "uvlock": true },
        	{ "model": "stairs/stonebrick_ns_2", "x": 180, "y": 90, "uvlock": true },
        	{ "model": "stairs/stonebrick_ns_3", "x": 180, "y": 90, "uvlock": true }
        	],
        "facing=north,half=top,shape=straight": [	
        	{ "model": "stairs/stonebrick_ns_1", "x": 180, "y": 270, "uvlock": true },
        	{ "model": "stairs/stonebrick_ns_2", "x": 180, "y": 270, "uvlock": true },
        	{ "model": "stairs/stonebrick_ns_3", "x": 180, "y": 270, "uvlock": true }
        	],
        "facing=east,half=top,shape=outer_right":  [
        	{ "model": "stairs/stonebrick_outer_ns_1", "x": 180, "y": 90, "uvlock": true },
        	{ "model": "stairs/stonebrick_outer_ns_2", "x": 180, "y": 90, "uvlock": true },
        	{ "model": "stairs/stonebrick_outer_ns_3", "x": 180, "y": 90, "uvlock": true }
        	],
        "facing=west,half=top,shape=outer_right":  [
        	{ "model": "stairs/stonebrick_outer_ns_1", "x": 180, "y": 270, "uvlock": true },
        	{ "model": "stairs/stonebrick_outer_ns_2", "x": 180, "y": 270, "uvlock": true },
        	{ "model": "stairs/stonebrick_outer_ns_3", "x": 180, "y": 270, "uvlock": true }
        	],
        "facing=south,half=top,shape=outer_right": [
        	{ "model": "stairs/stonebrick_outer_1", "x": 180, "y": 180, "uvlock": true },
        	{ "model": "stairs/stonebrick_outer_2", "x": 180, "y": 180, "uvlock": true },
        	{ "model": "stairs/stonebrick_outer_3", "x": 180, "y": 180, "uvlock": true }
        	],
        "facing=north,half=top,shape=outer_right": [
        	{ "model": "stairs/stonebrick_outer_1", "x": 180, "uvlock": true },
        	{ "model": "stairs/stonebrick_outer_2", "x": 180, "uvlock": true },
        	{ "model": "stairs/stonebrick_outer_3", "x": 180, "uvlock": true }
        	],
        "facing=east,half=top,shape=outer_left":  [
        	{ "model": "stairs/stonebrick_outer_1", "x": 180, "uvlock": true },
        	{ "model": "stairs/stonebrick_outer_2", "x": 180, "uvlock": true },
        	{ "model": "stairs/stonebrick_outer_3", "x": 180, "uvlock": true }
        	],
        "facing=west,half=top,shape=outer_left":  [
        	{ "model": "stairs/stonebrick_outer_1", "x": 180, "y": 180, "uvlock": true },
        	{ "model": "stairs/stonebrick_outer_2", "x": 180, "y": 180, "uvlock": true },
        	{ "model": "stairs/stonebrick_outer_3", "x": 180, "y": 180, "uvlock": true }
        	],
        "facing=south,half=top,shape=outer_left": [
        	{ "model": "stairs/stonebrick_outer_1", "x": 180, "y": 90, "uvlock": true },
        	{ "model": "stairs/stonebrick_outer_2", "x": 180, "y": 90, "uvlock": true },
        	{ "model": "stairs/stonebrick_outer_3", "x": 180, "y": 90, "uvlock": true }
        	],
        "facing=north,half=top,shape=outer_left": [
        	{ "model": "stairs/stonebrick_outer_1", "x": 180, "y": 270, "uvlock": true },
        	{ "model": "stairs/stonebrick_outer_2", "x": 180, "y": 270, "uvlock": true },
        	{ "model": "stairs/stonebrick_outer_3", "x": 180, "y": 270, "uvlock": true }
        	],
        "facing=east,half=top,shape=inner_right":  [
        	{ "model": "stairs/stonebrick_inner_ew_1", "x": 180, "y": 90, "uvlock": true },
        	{ "model": "stairs/stonebrick_inner_ew_2", "x": 180, "y": 90, "uvlock": true },
        	{ "model": "stairs/stonebrick_inner_ew_3", "x": 180, "y": 90, "uvlock": true }
        	],
        "facing=west,half=top,shape=inner_right":  [
        	{ "model": "stairs/stonebrick_inner_ew_1", "x": 180, "y": 270, "uvlock": true },
        	{ "model": "stairs/stonebrick_inner_ew_2", "x": 180, "y": 270, "uvlock": true },
        	{ "model": "stairs/stonebrick_inner_ew_3", "x": 180, "y": 270, "uvlock": true }
        	],
        "facing=south,half=top,shape=inner_right": [
        	{ "model": "stairs/stonebrick_inner_1", "x": 180, "y": 180, "uvlock": true },
        	{ "model": "stairs/stonebrick_inner_2", "x": 180, "y": 180, "uvlock": true },
        	{ "model": "stairs/stonebrick_inner_3", "x": 180, "y": 180, "uvlock": true }
        	],
        "facing=north,half=top,shape=inner_right": [
        	{ "model": "stairs/stonebrick_inner_1", "x": 180, "uvlock": true },
        	{ "model": "stairs/stonebrick_inner_2", "x": 180, "uvlock": true },
        	{ "model": "stairs/stonebrick_inner_3", "x": 180, "uvlock": true }
        	],
        "facing=east,half=top,shape=inner_left":  [
        	{ "model": "stairs/stonebrick_inner_1", "x": 180, "uvlock": true },
        	{ "model": "stairs/stonebrick_inner_2", "x": 180, "uvlock": true },
        	{ "model": "stairs/stonebrick_inner_3", "x": 180, "uvlock": true }
        	],
        "facing=west,half=top,shape=inner_left":  [
        	{ "model": "stairs/stonebrick_inner_1", "x": 180, "y": 180, "uvlock": true },
        	{ "model": "stairs/stonebrick_inner_2", "x": 180, "y": 180, "uvlock": true },
        	{ "model": "stairs/stonebrick_inner_3", "x": 180, "y": 180, "uvlock": true }
        	],
        "facing=south,half=top,shape=inner_left": [
        	{ "model": "stairs/stonebrick_inner_1", "x": 180, "y": 90, "uvlock": true },
        	{ "model": "stairs/stonebrick_inner_2", "x": 180, "y": 90, "uvlock": true },
        	{ "model": "stairs/stonebrick_inner_3", "x": 180, "y": 90, "uvlock": true }
        	],
        "facing=north,half=top,shape=inner_left": [
        	{ "model": "stairs/stonebrick_inner_1", "x": 180, "y": 270, "uvlock": true },
        	{ "model": "stairs/stonebrick_inner_2", "x": 180, "y": 270, "uvlock": true },
        	{ "model": "stairs/stonebrick_inner_3", "x": 180, "y": 270, "uvlock": true }
        	]
    }
}
