{
    "variants": {
        "snowy=false": [
            { "model": "grass_normal", "weight": 5 },
            { "model": "grass_normal", "weight": 5, "y": 90 },
            { "model": "grass_normal", "weight": 5, "y": 180 },
            { "model": "grass_normal", "weight": 5, "y": 270 },
            { "model": "grass_normal_1", "weight": 5 },
            { "model": "grass_normal_1", "weight": 5, "y": 90 },
            { "model": "grass_normal_1", "weight": 5, "y": 180 },
            { "model": "grass_normal_1", "weight": 5, "y": 270 },
            { "model": "grass_normal_2", "weight": 5 },
            { "model": "grass_normal_2", "weight": 5, "y": 90 },
            { "model": "grass_normal_2", "weight": 5, "y": 180 },
            { "model": "grass_normal_2", "weight": 5, "y": 270 },
            { "model": "grass_normal_3" },
            { "model": "grass_normal_3", "y": 90 },
            { "model": "grass_normal_3", "y": 180 },
            { "model": "grass_normal_3", "y": 270 },
            { "model": "grass_normal_4" },
            { "model": "grass_normal_4", "y": 90 },
            { "model": "grass_normal_4", "y": 180 },
            { "model": "grass_normal_4", "y": 270 }
        ],
        "snowy=true":  { "model": "grass_snowed" }
    }
}
