 {
 "variants": {
 "normal": [
 { "model": "grass_path" },
 { "model": "grass_path", "y": 90 },
 { "model": "grass_path", "y": 180 },
 { "model": "grass_path", "y": 270 },
 { "model": "grass_path_1" },
 { "model": "grass_path_1", "y": 90 },
 { "model": "grass_path_1", "y": 180 },
 { "model": "grass_path_1", "y": 270 },
 { "model": "grass_path_2" },
 { "model": "grass_path_2", "y": 90 },
 { "model": "grass_path_2", "y": 180 },
 { "model": "grass_path_2", "y": 270 },
 { "model": "grass_path_3" },
 { "model": "grass_path_3", "y": 90 },
 { "model": "grass_path_3", "y": 180 },
 { "model": "grass_path_3", "y": 270 },
 { "model": "grass_path_4" },
 { "model": "grass_path_4", "y": 90 },
 { "model": "grass_path_4", "y": 180 },
 { "model": "grass_path_4", "y": 270 }
 ]
 }
}