{
    "variants": {
        "normal": [
            { "model": "waterlily" },
            { "model": "waterlily", "y": 90 },
            { "model": "waterlily", "y": 180 },
            { "model": "waterlily", "y": 270 },
            { "model": "waterlily_1" },
            { "model": "waterlily_1", "y": 90 },
            { "model": "waterlily_1", "y": 180 },
            { "model": "waterlily_1", "y": 270 },
            { "model": "waterlily_2" },
            { "model": "waterlily_2", "y": 90 },
            { "model": "waterlily_2", "y": 180 },
            { "model": "waterlily_2", "y": 270 },
            { "model": "waterlily_3" },
            { "model": "waterlily_3", "y": 90 },
            { "model": "waterlily_3", "y": 180 },
            { "model": "waterlily_3", "y": 270 },
            { "model": "waterlily_4" },
            { "model": "waterlily_4", "y": 90 },
            { "model": "waterlily_4", "y": 180 },
            { "model": "waterlily_4", "y": 270 }
        ]
    }
}
