{
"__comment":"Made by Know2Good, part of the 'Default 3D™' resource pack || Official download page: http://www.planetminecraft.com/texture_pack/default-3d-2985741/ || © Know2Good. All rights reserved. ",
"__comment":"No UV-bleed, OK coordinate, OK texture, OK cullface",

"textures": {
    "glass": 	"blocks/glass",
    "obsidian": "blocks/obsidian",
    "beacon": 	"blocks/beacon",
    "star": 	"custom/nether_star",
    "particle": "blocks/glass"
},
"elements":[
	{
		"__comment":"Leg north-west",
		"from":[0,0,0],
		"to":[3,4,3],
		"faces": {
			"up":{"uv":		[0.01,0.01,2.99,2.99],"texture":"#obsidian","cullface":"Know2Good"},
			"down":{"uv":	[0.01,0.01,2.99,2.99],"texture":"#obsidian","cullface":"down","rotation": 270},
			"north":{"uv":	[7.99,7.01,5.01,10.99],"texture":"#obsidian","cullface":"Know2Good","rotation": 180},
			"south":{"uv":	[5.01,10.99,7.99,7.01],"texture":"#obsidian","cullface":"Know2Good"},
			"west":{"uv":	[5.01,7.01,7.99,10.99],"texture":"#obsidian","cullface":"Know2Good","rotation": 180},
			"east":{"uv":	[5.01,7.01,7.99,10.99],"texture":"#obsidian","cullface":"Know2Good","rotation": 180}
		}
	},
	{
		"__comment":"Leg north-east",
		"from":[13,0,0],
		"to":[16,4,3],
		"faces": {
			"up":{"uv":		[0.01,0.01,2.99,2.99],"texture":"#obsidian","cullface":"Know2Good","rotation": 90},
			"down":{"uv":	[0.01,0.01,2.99,2.99],"texture":"#obsidian","cullface":"down","rotation": 180},
			"north":{"uv":	[5.01,7.01,7.99,10.99],"texture":"#obsidian","cullface":"Know2Good","rotation": 180},
			"south":{"uv":	[7.99,10.99,5.01,7.01],"texture":"#obsidian","cullface":"Know2Good"},
			"west":{"uv":	[8.01,7.01,4.99,10.99],"texture":"#obsidian","cullface":"Know2Good","rotation": 180},
			"east":{"uv":	[8.01,7.01,4.99,10.99],"texture":"#obsidian","cullface":"Know2Good","rotation": 180}
		}
	},
	{
		"__comment":"Leg south-east",
		"from":[13,0,13],
		"to":[16,4,16],
		"faces": {
			"up":{"uv":		[0.01,0.01,2.99,2.99],"texture":"#obsidian","cullface":"Know2Good","rotation": 180},
			"down":{"uv":	[0.01,0.01,2.99,2.99],"texture":"#obsidian","cullface":"down","rotation": 90},
			"north":{"uv":	[7.99,7.01,5.01,10.99],"texture":"#obsidian","cullface":"Know2Good","rotation": 180},
			"south":{"uv":	[5.01,10.99,7.99,7.01],"texture":"#obsidian","cullface":"Know2Good"},
			"west":{"uv":	[5.01,7.01,7.99,10.99],"texture":"#obsidian","cullface":"Know2Good","rotation": 180},
			"east":{"uv":	[5.01,7.01,7.99,10.99],"texture":"#obsidian","cullface":"Know2Good","rotation": 180}
		}
	},
	{
		"__comment":"Leg south-west",
		"from":[0,0,13],
		"to":[3,4,16],
		"faces": {
			"up":{"uv":		[0.01,0.01,2.99,2.99],"texture":"#obsidian","cullface":"Know2Good","rotation": 270},
			"down":{"uv":	[0.01,0.01,2.99,2.99],"texture":"#obsidian","cullface":"down"},
			"north":{"uv":	[5.01,7.01,7.99,10.99],"texture":"#obsidian","cullface":"Know2Good","rotation": 180},
			"south":{"uv":	[7.99,10.99,5.01,7.01],"texture":"#obsidian","cullface":"Know2Good"},
			"west":{"uv":	[7.99,7.01,5.01,10.99],"texture":"#obsidian","cullface":"Know2Good","rotation": 180},
			"east":{"uv":	[7.99,7.01,5.01,10.99],"texture":"#obsidian","cullface":"Know2Good","rotation": 180}
		}
	},
	{
		"__comment":"Obsidian base bottom north",
		"from":[3,1,1],
		"to":[13,2,2],
		"faces": {
			"up":{"uv":		[3.01,0.01,12.99,0.99],"texture":"#obsidian","cullface":"Know2Good"},
			"down":{"uv":	[3.01,0.01,12.99,0.99],"texture":"#obsidian","cullface":"Know2Good"},
			"north":{"uv":	[3.01,0.01,12.99,0.99],"texture":"#obsidian","cullface":"Know2Good","rotation": 180},
			"south":{"uv":	[3.01,0.01,12.99,0.99],"texture":"#obsidian","cullface":"Know2Good"}
		}
	},
	{
		"__comment":"Obsidian base bottom east",
		"from":[14,1,3],
		"to":[15,2,13],
		"faces": {
			"up":{"uv":		[15.01,3.01,15.99,12.99],"texture":"#obsidian","cullface":"Know2Good"},
			"down":{"uv":	[15.01,3.01,15.99,12.99],"texture":"#obsidian","cullface":"Know2Good"},
			"west":{"uv":	[15.01,3.01,15.99,12.99],"texture":"#obsidian","cullface":"Know2Good","rotation": 270},
			"east":{"uv":	[15.01,3.01,15.99,12.99],"texture":"#obsidian","cullface":"Know2Good","rotation": 90}
		}
	},
	{
		"__comment":"Obsidian base bottom south",
		"from":[3,1,14],
		"to":[13,2,15],
		"faces": {
			"up":{"uv":		[3.01,15.01,12.99,15.99],"texture":"#obsidian","cullface":"Know2Good"},
			"down":{"uv":	[3.01,15.01,12.99,15.99],"texture":"#obsidian","cullface":"Know2Good"},
			"north":{"uv":	[3.01,15.01,12.99,15.99],"texture":"#obsidian","cullface":"Know2Good","rotation": 180},
			"south":{"uv":	[3.01,15.01,12.99,15.99],"texture":"#obsidian","cullface":"Know2Good"}
		}
	},
	{
		"__comment":"Obsidian base bottom west",
		"from":[1,1,3],
		"to":[2,2,13],
		"faces": {
			"up":{"uv":		[0.01,3.01,0.99,12.99],"texture":"#obsidian","cullface":"Know2Good"},
			"down":{"uv":	[0.01,3.01,0.99,12.99],"texture":"#obsidian","cullface":"Know2Good"},
			"west":{"uv":	[0.01,3.01,0.99,12.99],"texture":"#obsidian","cullface":"Know2Good","rotation": 270},
			"east":{"uv":	[0.01,3.01,0.99,12.99],"texture":"#obsidian","cullface":"Know2Good","rotation": 90}
		}
	},
	{
		"__comment":"Base middle",
		"from":[2,2,2],
		"to":[14,3,14],
		"faces": {
			"up":{"uv":		[2.01,2.01,13.99,13.99],"texture":"#beacon","cullface":"Know2Good"},
			"down":{"uv":	[2.01,2.01,13.99,13.99],"texture":"#obsidian","cullface":"Know2Good"},
			"north":{"uv":	[2.01,2.01,13.99,2.99],"texture":"#beacon","cullface":"Know2Good","rotation": 180},
			"south":{"uv":	[2.01,13.01,13.99,13.99],"texture":"#beacon","cullface":"Know2Good"},
			"west":{"uv":	[2.01,2.01,2.99,13.99],"texture":"#beacon","cullface":"Know2Good","rotation": 270},
			"east":{"uv":	[13.01,2.01,13.99,13.99],"texture":"#beacon","cullface":"Know2Good","rotation": 90}
		}
	},
	{
		"__comment":"Obsidian base top north",
		"from":[3,3,1],
		"to":[13,4,2],
		"faces": {
			"up":{"uv":		[3.01,15.01,12.99,15.99],"texture":"#obsidian","cullface":"Know2Good"},
			"down":{"uv":	[3.01,15.01,12.99,15.99],"texture":"#obsidian","cullface":"Know2Good"},
			"north":{"uv":	[3.01,15.01,12.99,15.99],"texture":"#obsidian","cullface":"Know2Good","rotation": 180},
			"south":{"uv":	[3.01,15.01,12.99,15.99],"texture":"#obsidian","cullface":"Know2Good"}
		}
	},
	{
		"__comment":"Obsidian base top east",
		"from":[14,3,3],
		"to":[15,4,13],
		"faces": {
			"up":{"uv":		[0.01,3.01,0.99,12.99],"texture":"#obsidian","cullface":"Know2Good"},
			"down":{"uv":	[0.01,3.01,0.99,12.99],"texture":"#obsidian","cullface":"Know2Good"},
			"west":{"uv":	[0.01,3.01,0.99,12.99],"texture":"#obsidian","cullface":"Know2Good","rotation": 270},
			"east":{"uv":	[0.01,3.01,0.99,12.99],"texture":"#obsidian","cullface":"Know2Good","rotation": 90}
		}
	},
	{
		"__comment":"Obsidian base top south",
		"from":[3,3,14],
		"to":[13,4,15],
		"faces": {
			"up":{"uv":		[3.01,0.01,12.99,0.99],"texture":"#obsidian","cullface":"Know2Good"},
			"down":{"uv":	[3.01,0.01,12.99,0.99],"texture":"#obsidian","cullface":"Know2Good"},
			"north":{"uv":	[3.01,0.01,12.99,0.99],"texture":"#obsidian","cullface":"Know2Good","rotation": 180},
			"south":{"uv":	[3.01,0.01,12.99,0.99],"texture":"#obsidian","cullface":"Know2Good"}
		}
	},
	{
		"__comment":"Obsidian base top west",
		"from":[1,3,3],
		"to":[2,4,13],
		"faces": {
			"up":{"uv":		[15.01,3.01,15.99,12.99],"texture":"#obsidian","cullface":"Know2Good"},
			"down":{"uv":	[15.01,3.01,15.99,12.99],"texture":"#obsidian","cullface":"Know2Good"},
			"west":{"uv":	[15.01,3.01,15.99,12.99],"texture":"#obsidian","cullface":"Know2Good","rotation": 270},
			"east":{"uv":	[15.01,3.01,15.99,12.99],"texture":"#obsidian","cullface":"Know2Good","rotation": 90}
		}
	},
	{
		"__comment":"Glass north-west",
		"from":[1,4,1],
		"to":[2,16,2],
		"faces": {
			"up":{"uv":		[0.01,15.01,0.99,15.99],"texture":"#glass","cullface":"Know2Good"},
			"north":{"uv":	[0.01,15.01,0.99,15.99],"texture":"#glass","cullface":"Know2Good"},
			"south":{"uv":	[0.01,15.01,0.99,15.99],"texture":"#glass","cullface":"Know2Good"},
			"west":{"uv":	[0.01,15.01,0.99,15.99],"texture":"#glass","cullface":"Know2Good"},
			"east":{"uv":	[0.01,15.01,0.99,15.99],"texture":"#glass","cullface":"Know2Good"}
		}
	},
	{
		"__comment":"Glass north-east",
		"from":[14,4,1],
		"to":[15,16,2],
		"faces": {
			"up":{"uv":		[0.01,15.01,0.99,15.99],"texture":"#glass","cullface":"Know2Good"},
			"north":{"uv":	[0.01,15.01,0.99,15.99],"texture":"#glass","cullface":"Know2Good"},
			"south":{"uv":	[0.01,15.01,0.99,15.99],"texture":"#glass","cullface":"Know2Good"},
			"west":{"uv":	[0.01,15.01,0.99,15.99],"texture":"#glass","cullface":"Know2Good"},
			"east":{"uv":	[0.01,15.01,0.99,15.99],"texture":"#glass","cullface":"Know2Good"}
		}
	},
	{
		"__comment":"Glass south-east",
		"from":[14,4,14],
		"to":[15,16,15],
		"faces": {
			"up":{"uv":		[0.01,15.01,0.99,15.99],"texture":"#glass","cullface":"Know2Good"},
			"north":{"uv":	[0.01,15.01,0.99,15.99],"texture":"#glass","cullface":"Know2Good"},
			"south":{"uv":	[0.01,15.01,0.99,15.99],"texture":"#glass","cullface":"Know2Good"},
			"west":{"uv":	[0.01,15.01,0.99,15.99],"texture":"#glass","cullface":"Know2Good"},
			"east":{"uv":	[0.01,15.01,0.99,15.99],"texture":"#glass","cullface":"Know2Good"}
		}
	},
	{
		"__comment":"Glass south-west",
		"from":[1,4,14],
		"to":[2,16,15],
		"faces": {
			"up":{"uv":		[0.01,15.01,0.99,15.99],"texture":"#glass","cullface":"Know2Good"},
			"north":{"uv":	[0.01,15.01,0.99,15.99],"texture":"#glass","cullface":"Know2Good"},
			"south":{"uv":	[0.01,15.01,0.99,15.99],"texture":"#glass","cullface":"Know2Good"},
			"west":{"uv":	[0.01,15.01,0.99,15.99],"texture":"#glass","cullface":"Know2Good"},
			"east":{"uv":	[0.01,15.01,0.99,15.99],"texture":"#glass","cullface":"Know2Good"}
		}
	},
	{
		"__comment":"Glass north",
		"from":[2,15,1],
		"to":[14,16,2],
		"faces": {
			"up":{"uv":		[0.01,15.01,0.99,15.99],"texture":"#glass","cullface":"Know2Good"},
			"down":{"uv":	[0.01,15.01,0.99,15.99],"texture":"#glass","cullface":"Know2Good"},
			"north":{"uv":	[0.01,15.01,0.99,15.99],"texture":"#glass","cullface":"Know2Good"},
			"south":{"uv":	[0.01,15.01,0.99,15.99],"texture":"#glass","cullface":"Know2Good"},
			"west":{"uv":	[0.01,15.01,0.99,15.99],"texture":"#glass","cullface":"Know2Good"},
			"east":{"uv":	[0.01,15.01,0.99,15.99],"texture":"#glass","cullface":"Know2Good"}
		}
	},
	{
		"__comment":"Glass east",
		"from":[14,15,2],
		"to":[15,16,14],
		"faces": {
			"up":{"uv":		[0.01,15.01,0.99,15.99],"texture":"#glass","cullface":"Know2Good"},
			"down":{"uv":	[0.01,15.01,0.99,15.99],"texture":"#glass","cullface":"Know2Good"},
			"north":{"uv":	[0.01,15.01,0.99,15.99],"texture":"#glass","cullface":"Know2Good"},
			"south":{"uv":	[0.01,15.01,0.99,15.99],"texture":"#glass","cullface":"Know2Good"},
			"west":{"uv":	[0.01,15.01,0.99,15.99],"texture":"#glass","cullface":"Know2Good"},
			"east":{"uv":	[0.01,15.01,0.99,15.99],"texture":"#glass","cullface":"Know2Good"}
		}
	},
	{
		"__comment":"Glass south",
		"from":[2,15,14],
		"to":[14,16,15],
		"faces": {
			"up":{"uv":		[0.01,15.01,0.99,15.99],"texture":"#glass","cullface":"Know2Good"},
			"down":{"uv":	[0.01,15.01,0.99,15.99],"texture":"#glass","cullface":"Know2Good"},
			"north":{"uv":	[0.01,15.01,0.99,15.99],"texture":"#glass","cullface":"Know2Good"},
			"south":{"uv":	[0.01,15.01,0.99,15.99],"texture":"#glass","cullface":"Know2Good"},
			"west":{"uv":	[0.01,15.01,0.99,15.99],"texture":"#glass","cullface":"Know2Good"},
			"east":{"uv":	[0.01,15.01,0.99,15.99],"texture":"#glass","cullface":"Know2Good"}
		}
	},
	{
		"__comment":"Glass west",
		"from":[1,15,2],
		"to":[2,16,14],
		"faces": {
			"up":{"uv":		[0.01,15.01,0.99,15.99],"texture":"#glass","cullface":"Know2Good"},
			"down":{"uv":	[0.01,15.01,0.99,15.99],"texture":"#glass","cullface":"Know2Good"},
			"north":{"uv":	[0.01,15.01,0.99,15.99],"texture":"#glass","cullface":"Know2Good"},
			"south":{"uv":	[0.01,15.01,0.99,15.99],"texture":"#glass","cullface":"Know2Good"},
			"west":{"uv":	[0.01,15.01,0.99,15.99],"texture":"#glass","cullface":"Know2Good"},
			"east":{"uv":	[0.01,15.01,0.99,15.99],"texture":"#glass","cullface":"Know2Good"}
		}
	},
	{
		"__comment":"Star cross part 1",
		"from":[4.5,6.5,8],
		"to":[11.5,13.5,8],
		"rotation": {"origin": [ 8, 8, 8 ], "axis": "y", "angle": 45, "rescale": true },
        "shade": false,
		"faces": {
			"north":{"uv":	[0,0,16,16],"texture":"#star","cullface":"Know2Good"},
			"south":{"uv":	[0,0,16,16],"texture":"#star","cullface":"Know2Good"}
		}
	},
	{
		"__comment":"Star cross part 2",
		"from":[8,6.5,4.5],
		"to":[8,13.5,11.5],
		"rotation": {"origin": [ 8, 8, 8 ], "axis": "y", "angle": 45, "rescale": true },
        "shade": false,
		"faces": {
			"west":{"uv":	[0,0,16,16],"texture":"#star","cullface":"Know2Good"},
			"east":{"uv":	[0,0,16,16],"texture":"#star","cullface":"Know2Good"}
		}
	},
	{
		"__comment":"Glass north top-left to bottom-right",
		"from":[12,14,1.5],
		"to":[13,15,2],
		"faces": {
			"up":{"uv":		[3.01,2.01,3.99,2.99],"texture":"#glass","cullface":"Know2Good"},
			"down":{"uv":	[3.01,2.01,3.99,2.99],"texture":"#glass","cullface":"Know2Good"},
			"north":{"uv":	[3.01,2.01,3.99,2.99],"texture":"#glass","cullface":"Know2Good"},
			"south":{"uv":	[3.01,2.01,3.99,2.99],"texture":"#glass","cullface":"Know2Good"},
			"west":{"uv":	[3.01,2.01,3.99,2.99],"texture":"#glass","cullface":"Know2Good"},
			"east":{"uv":	[3.01,2.01,3.99,2.99],"texture":"#glass","cullface":"Know2Good"}
		}
	},
	{
		"__comment":"Glass north top-left to bottom-right",
		"from":[9,14,1.75],
		"to":[10,15,2],
		"faces": {
			"up":{"uv":		[6.01,2.01,6.99,2.99],"texture":"#glass","cullface":"Know2Good"},
			"down":{"uv":	[6.01,2.01,6.99,2.99],"texture":"#glass","cullface":"Know2Good"},
			"north":{"uv":	[6.01,2.01,6.99,2.99],"texture":"#glass","cullface":"Know2Good"},
			"south":{"uv":	[6.01,2.01,6.99,2.99],"texture":"#glass","cullface":"Know2Good"},
			"west":{"uv":	[6.01,2.01,6.99,2.99],"texture":"#glass","cullface":"Know2Good"},
			"east":{"uv":	[6.01,2.01,6.99,2.99],"texture":"#glass","cullface":"Know2Good"}
		}
	},
	{
		"__comment":"Glass north top-left to bottom-right",
		"from":[13,13,1.5],
		"to":[14,14,2],
		"faces": {
			"up":{"uv":		[2.01,3.01,2.99,3.99],"texture":"#glass","cullface":"Know2Good"},
			"down":{"uv":	[2.01,3.01,2.99,3.99],"texture":"#glass","cullface":"Know2Good"},
			"north":{"uv":	[2.01,3.01,2.99,3.99],"texture":"#glass","cullface":"Know2Good"},
			"south":{"uv":	[2.01,3.01,2.99,3.99],"texture":"#glass","cullface":"Know2Good"},
			"west":{"uv":	[2.01,3.01,2.99,3.99],"texture":"#glass","cullface":"Know2Good"},
			"east":{"uv":	[2.01,3.01,2.99,3.99],"texture":"#glass","cullface":"Know2Good"}
		}
	},
	{
		"__comment":"Glass north top-left to bottom-right",
		"from":[6,12,1.5],
		"to":[7,13,2],
		"faces": {
			"up":{"uv":		[9.01,4.01,9.99,4.99],"texture":"#glass","cullface":"Know2Good"},
			"down":{"uv":	[9.01,4.01,9.99,4.99],"texture":"#glass","cullface":"Know2Good"},
			"north":{"uv":	[9.01,4.01,9.99,4.99],"texture":"#glass","cullface":"Know2Good"},
			"south":{"uv":	[9.01,4.01,9.99,4.99],"texture":"#glass","cullface":"Know2Good"},
			"west":{"uv":	[9.01,4.01,9.99,4.99],"texture":"#glass","cullface":"Know2Good"},
			"east":{"uv":	[9.01,4.01,9.99,4.99],"texture":"#glass","cullface":"Know2Good"}
		}
	},
	{
		"__comment":"Glass north top-left to bottom-right",
		"from":[7,11,1.5],
		"to":[8,12,2],
		"faces": {
			"up":{"uv":		[8.01,5.01,8.99,5.99],"texture":"#glass","cullface":"Know2Good"},
			"down":{"uv":	[8.01,5.01,8.99,5.99],"texture":"#glass","cullface":"Know2Good"},
			"north":{"uv":	[8.01,5.01,8.99,5.99],"texture":"#glass","cullface":"Know2Good"},
			"south":{"uv":	[8.01,5.01,8.99,5.99],"texture":"#glass","cullface":"Know2Good"},
			"west":{"uv":	[8.01,5.01,8.99,5.99],"texture":"#glass","cullface":"Know2Good"},
			"east":{"uv":	[8.01,5.01,8.99,5.99],"texture":"#glass","cullface":"Know2Good"}
		}
	},
	{
		"__comment":"Glass north top-left to bottom-right",
		"from":[8,10,1.75],
		"to":[9,11,2],
		"faces": {
			"up":{"uv":		[7.01,6.01,7.99,6.99],"texture":"#glass","cullface":"Know2Good"},
			"down":{"uv":	[7.01,6.01,7.99,6.99],"texture":"#glass","cullface":"Know2Good"},
			"north":{"uv":	[7.01,6.01,7.99,6.99],"texture":"#glass","cullface":"Know2Good"},
			"south":{"uv":	[7.01,6.01,7.99,6.99],"texture":"#glass","cullface":"Know2Good"},
			"west":{"uv":	[7.01,6.01,7.99,6.99],"texture":"#glass","cullface":"Know2Good"},
			"east":{"uv":	[7.01,6.01,7.99,6.99],"texture":"#glass","cullface":"Know2Good"}
		}
	},
	{
		"__comment":"Glass north top-left to bottom-right",
		"from":[9,9,1.75],
		"to":[10,10,2],
		"faces": {
			"up":{"uv":		[6.01,7.01,6.99,7.99],"texture":"#glass","cullface":"Know2Good"},
			"down":{"uv":	[6.01,7.01,6.99,7.99],"texture":"#glass","cullface":"Know2Good"},
			"north":{"uv":	[6.01,7.01,6.99,7.99],"texture":"#glass","cullface":"Know2Good"},
			"south":{"uv":	[6.01,7.01,6.99,7.99],"texture":"#glass","cullface":"Know2Good"},
			"west":{"uv":	[6.01,7.01,6.99,7.99],"texture":"#glass","cullface":"Know2Good"},
			"east":{"uv":	[6.01,7.01,6.99,7.99],"texture":"#glass","cullface":"Know2Good"}
		}
	},
	{
		"__comment":"Glass north top-left to bottom-right",
		"from":[13,9,1.75],
		"to":[14,10,2],
		"faces": {
			"up":{"uv":		[2.01,7.01,2.99,7.99],"texture":"#glass","cullface":"Know2Good"},
			"down":{"uv":	[2.01,7.01,2.99,7.99],"texture":"#glass","cullface":"Know2Good"},
			"north":{"uv":	[2.01,7.01,2.99,7.99],"texture":"#glass","cullface":"Know2Good"},
			"south":{"uv":	[2.01,7.01,2.99,7.99],"texture":"#glass","cullface":"Know2Good"},
			"west":{"uv":	[2.01,7.01,2.99,7.99],"texture":"#glass","cullface":"Know2Good"},
			"east":{"uv":	[2.01,7.01,2.99,7.99],"texture":"#glass","cullface":"Know2Good"}
		}
	},
	{
		"__comment":"Glass north top-left to bottom-right",
		"from":[2,12,1.75],
		"to":[3,13,2],
		"faces": {
			"up":{"uv":		[13.01,4.01,13.99,4.99],"texture":"#glass","cullface":"Know2Good"},
			"down":{"uv":	[13.01,4.01,13.99,4.99],"texture":"#glass","cullface":"Know2Good"},
			"north":{"uv":	[13.01,4.01,13.99,4.99],"texture":"#glass","cullface":"Know2Good"},
			"south":{"uv":	[13.01,4.01,13.99,4.99],"texture":"#glass","cullface":"Know2Good"},
			"west":{"uv":	[13.01,4.01,13.99,4.99],"texture":"#glass","cullface":"Know2Good"},
			"east":{"uv":	[13.01,4.01,13.99,4.99],"texture":"#glass","cullface":"Know2Good"}
		}
	},
	{
		"__comment":"Glass north top-left to bottom-right",
		"from":[3,11,1.75],
		"to":[4,12,2],
		"faces": {
			"up":{"uv":		[12.01,5.01,12.99,5.99],"texture":"#glass","cullface":"Know2Good"},
			"down":{"uv":	[12.01,5.01,12.99,5.99],"texture":"#glass","cullface":"Know2Good"},
			"north":{"uv":	[12.01,5.01,12.99,5.99],"texture":"#glass","cullface":"Know2Good"},
			"south":{"uv":	[12.01,5.01,12.99,5.99],"texture":"#glass","cullface":"Know2Good"},
			"west":{"uv":	[12.01,5.01,12.99,5.99],"texture":"#glass","cullface":"Know2Good"},
			"east":{"uv":	[12.01,5.01,12.99,5.99],"texture":"#glass","cullface":"Know2Good"}
		}
	},
	{
		"__comment":"Glass north top-left to bottom-right",
		"from":[7,7,1.5],
		"to":[8,8,2],
		"faces": {
			"up":{"uv":		[8.01,9.01,8.99,9.99],"texture":"#glass","cullface":"Know2Good"},
			"down":{"uv":	[8.01,9.01,8.99,9.99],"texture":"#glass","cullface":"Know2Good"},
			"north":{"uv":	[8.01,9.01,8.99,9.99],"texture":"#glass","cullface":"Know2Good"},
			"south":{"uv":	[8.01,9.01,8.99,9.99],"texture":"#glass","cullface":"Know2Good"},
			"west":{"uv":	[8.01,9.01,8.99,9.99],"texture":"#glass","cullface":"Know2Good"},
			"east":{"uv":	[8.01,9.01,8.99,9.99],"texture":"#glass","cullface":"Know2Good"}
		}
	},
	{
		"__comment":"Glass north top-left to bottom-right",
		"from":[8,6,1.5],
		"to":[9,7,2],
		"faces": {
			"up":{"uv":		[7.01,10.01,7.99,10.99],"texture":"#glass","cullface":"Know2Good"},
			"down":{"uv":	[7.01,10.01,7.99,10.99],"texture":"#glass","cullface":"Know2Good"},
			"north":{"uv":	[7.01,10.01,7.99,10.99],"texture":"#glass","cullface":"Know2Good"},
			"south":{"uv":	[7.01,10.01,7.99,10.99],"texture":"#glass","cullface":"Know2Good"},
			"west":{"uv":	[7.01,10.01,7.99,10.99],"texture":"#glass","cullface":"Know2Good"},
			"east":{"uv":	[7.01,10.01,7.99,10.99],"texture":"#glass","cullface":"Know2Good"}
		}
	},
	{
		"__comment":"Glass north top-left to bottom-right",
		"from":[9,5,1.75],
		"to":[10,6,2],
		"faces": {
			"up":{"uv":		[6.01,11.01,6.99,11.99],"texture":"#glass","cullface":"Know2Good"},
			"down":{"uv":	[6.01,11.01,6.99,11.99],"texture":"#glass","cullface":"Know2Good"},
			"north":{"uv":	[6.01,11.01,6.99,11.99],"texture":"#glass","cullface":"Know2Good"},
			"south":{"uv":	[6.01,11.01,6.99,11.99],"texture":"#glass","cullface":"Know2Good"},
			"west":{"uv":	[6.01,11.01,6.99,11.99],"texture":"#glass","cullface":"Know2Good"},
			"east":{"uv":	[6.01,11.01,6.99,11.99],"texture":"#glass","cullface":"Know2Good"}
		}
	},
	{
		"__comment":"Glass north top-left to bottom-right",
		"from":[2,6,1.5],
		"to":[3,7,2],
		"faces": {
			"up":{"uv":		[13.01,10.01,13.99,10.99],"texture":"#glass","cullface":"Know2Good"},
			"down":{"uv":	[13.01,10.01,13.99,10.99],"texture":"#glass","cullface":"Know2Good"},
			"north":{"uv":	[13.01,10.01,13.99,10.99],"texture":"#glass","cullface":"Know2Good"},
			"south":{"uv":	[13.01,10.01,13.99,10.99],"texture":"#glass","cullface":"Know2Good"},
			"west":{"uv":	[13.01,10.01,13.99,10.99],"texture":"#glass","cullface":"Know2Good"},
			"east":{"uv":	[13.01,10.01,13.99,10.99],"texture":"#glass","cullface":"Know2Good"}
		}
	},
	{
		"__comment":"Glass north top-left to bottom-right",
		"from":[3,5,1.5],
		"to":[4,6,2],
		"faces": {
			"up":{"uv":		[12.01,11.01,12.99,11.99],"texture":"#glass","cullface":"Know2Good"},
			"down":{"uv":	[12.01,11.01,12.99,11.99],"texture":"#glass","cullface":"Know2Good"},
			"north":{"uv":	[12.01,11.01,12.99,11.99],"texture":"#glass","cullface":"Know2Good"},
			"south":{"uv":	[12.01,11.01,12.99,11.99],"texture":"#glass","cullface":"Know2Good"},
			"west":{"uv":	[12.01,11.01,12.99,11.99],"texture":"#glass","cullface":"Know2Good"},
			"east":{"uv":	[12.01,11.01,12.99,11.99],"texture":"#glass","cullface":"Know2Good"}
		}
	},
	{
		"__comment":"Glass north top-left to bottom-right",
		"from":[4,4,1.5],
		"to":[5,5,2],
		"faces": {
			"up":{"uv":		[11.01,12.01,11.99,12.99],"texture":"#glass","cullface":"Know2Good"},
			"down":{"uv":	[11.01,12.01,11.99,12.99],"texture":"#glass","cullface":"Know2Good"},
			"north":{"uv":	[11.01,12.01,11.99,12.99],"texture":"#glass","cullface":"Know2Good"},
			"south":{"uv":	[11.01,12.01,11.99,12.99],"texture":"#glass","cullface":"Know2Good"},
			"west":{"uv":	[11.01,12.01,11.99,12.99],"texture":"#glass","cullface":"Know2Good"},
			"east":{"uv":	[11.01,12.01,11.99,12.99],"texture":"#glass","cullface":"Know2Good"}
		}
	},
	{
		"__comment":"Glass east top-left to bottom-right",
		"from":[14,14,12],
		"to":[14.5,15,13],
		"faces": {
			"up":{"uv":		[3.01,2.01,3.99,2.99],"texture":"#glass","cullface":"Know2Good"},
			"down":{"uv":	[3.01,2.01,3.99,2.99],"texture":"#glass","cullface":"Know2Good"},
			"north":{"uv":	[3.01,2.01,3.99,2.99],"texture":"#glass","cullface":"Know2Good"},
			"south":{"uv":	[3.01,2.01,3.99,2.99],"texture":"#glass","cullface":"Know2Good"},
			"west":{"uv":	[3.01,2.01,3.99,2.99],"texture":"#glass","cullface":"Know2Good"},
			"east":{"uv":	[3.01,2.01,3.99,2.99],"texture":"#glass","cullface":"Know2Good"}
		}
	},
	{
		"__comment":"Glass east top-left to bottom-right",
		"from":[14,14,9],
		"to":[14.25,15,10],
		"faces": {
			"up":{"uv":		[6.01,2.01,6.99,2.99],"texture":"#glass","cullface":"Know2Good"},
			"down":{"uv":	[6.01,2.01,6.99,2.99],"texture":"#glass","cullface":"Know2Good"},
			"north":{"uv":	[6.01,2.01,6.99,2.99],"texture":"#glass","cullface":"Know2Good"},
			"south":{"uv":	[6.01,2.01,6.99,2.99],"texture":"#glass","cullface":"Know2Good"},
			"west":{"uv":	[6.01,2.01,6.99,2.99],"texture":"#glass","cullface":"Know2Good"},
			"east":{"uv":	[6.01,2.01,6.99,2.99],"texture":"#glass","cullface":"Know2Good"}
		}
	},
	{
		"__comment":"Glass east top-left to bottom-right",
		"from":[14,13,13],
		"to":[14.5,14,14],
		"faces": {
			"up":{"uv":		[2.01,3.01,2.99,3.99],"texture":"#glass","cullface":"Know2Good"},
			"down":{"uv":	[2.01,3.01,2.99,3.99],"texture":"#glass","cullface":"Know2Good"},
			"north":{"uv":	[2.01,3.01,2.99,3.99],"texture":"#glass","cullface":"Know2Good"},
			"south":{"uv":	[2.01,3.01,2.99,3.99],"texture":"#glass","cullface":"Know2Good"},
			"west":{"uv":	[2.01,3.01,2.99,3.99],"texture":"#glass","cullface":"Know2Good"},
			"east":{"uv":	[2.01,3.01,2.99,3.99],"texture":"#glass","cullface":"Know2Good"}
		}
	},
	{
		"__comment":"Glass east top-left to bottom-right",
		"from":[14,12,6],
		"to":[14.5,13,7],
		"faces": {
			"up":{"uv":		[9.01,4.01,9.99,4.99],"texture":"#glass","cullface":"Know2Good"},
			"down":{"uv":	[9.01,4.01,9.99,4.99],"texture":"#glass","cullface":"Know2Good"},
			"north":{"uv":	[9.01,4.01,9.99,4.99],"texture":"#glass","cullface":"Know2Good"},
			"south":{"uv":	[9.01,4.01,9.99,4.99],"texture":"#glass","cullface":"Know2Good"},
			"west":{"uv":	[9.01,4.01,9.99,4.99],"texture":"#glass","cullface":"Know2Good"},
			"east":{"uv":	[9.01,4.01,9.99,4.99],"texture":"#glass","cullface":"Know2Good"}
		}
	},
	{
		"__comment":"Glass east top-left to bottom-right",
		"from":[14,11,7],
		"to":[14.5,12,8],
		"faces": {
			"up":{"uv":		[8.01,5.01,8.99,5.99],"texture":"#glass","cullface":"Know2Good"},
			"down":{"uv":	[8.01,5.01,8.99,5.99],"texture":"#glass","cullface":"Know2Good"},
			"north":{"uv":	[8.01,5.01,8.99,5.99],"texture":"#glass","cullface":"Know2Good"},
			"south":{"uv":	[8.01,5.01,8.99,5.99],"texture":"#glass","cullface":"Know2Good"},
			"west":{"uv":	[8.01,5.01,8.99,5.99],"texture":"#glass","cullface":"Know2Good"},
			"east":{"uv":	[8.01,5.01,8.99,5.99],"texture":"#glass","cullface":"Know2Good"}
		}
	},
	{
		"__comment":"Glass east top-left to bottom-right",
		"from":[14,10,8],
		"to":[14.25,11,9],
		"faces": {
			"up":{"uv":		[7.01,6.01,7.99,6.99],"texture":"#glass","cullface":"Know2Good"},
			"down":{"uv":	[7.01,6.01,7.99,6.99],"texture":"#glass","cullface":"Know2Good"},
			"north":{"uv":	[7.01,6.01,7.99,6.99],"texture":"#glass","cullface":"Know2Good"},
			"south":{"uv":	[7.01,6.01,7.99,6.99],"texture":"#glass","cullface":"Know2Good"},
			"west":{"uv":	[7.01,6.01,7.99,6.99],"texture":"#glass","cullface":"Know2Good"},
			"east":{"uv":	[7.01,6.01,7.99,6.99],"texture":"#glass","cullface":"Know2Good"}
		}
	},
	{
		"__comment":"Glass east top-left to bottom-right",
		"from":[14,9,9],
		"to":[14.25,10,10],
		"faces": {
			"up":{"uv":		[6.01,7.01,6.99,7.99],"texture":"#glass","cullface":"Know2Good"},
			"down":{"uv":	[6.01,7.01,6.99,7.99],"texture":"#glass","cullface":"Know2Good"},
			"north":{"uv":	[6.01,7.01,6.99,7.99],"texture":"#glass","cullface":"Know2Good"},
			"south":{"uv":	[6.01,7.01,6.99,7.99],"texture":"#glass","cullface":"Know2Good"},
			"west":{"uv":	[6.01,7.01,6.99,7.99],"texture":"#glass","cullface":"Know2Good"},
			"east":{"uv":	[6.01,7.01,6.99,7.99],"texture":"#glass","cullface":"Know2Good"}
		}
	},
	{
		"__comment":"Glass east top-left to bottom-right",
		"from":[14,9,13],
		"to":[14.25,10,14],
		"faces": {
			"up":{"uv":		[2.01,7.01,2.99,7.99],"texture":"#glass","cullface":"Know2Good"},
			"down":{"uv":	[2.01,7.01,2.99,7.99],"texture":"#glass","cullface":"Know2Good"},
			"north":{"uv":	[2.01,7.01,2.99,7.99],"texture":"#glass","cullface":"Know2Good"},
			"south":{"uv":	[2.01,7.01,2.99,7.99],"texture":"#glass","cullface":"Know2Good"},
			"west":{"uv":	[2.01,7.01,2.99,7.99],"texture":"#glass","cullface":"Know2Good"},
			"east":{"uv":	[2.01,7.01,2.99,7.99],"texture":"#glass","cullface":"Know2Good"}
		}
	},
	{
		"__comment":"Glass east top-left to bottom-right",
		"from":[14,12,2],
		"to":[14.25,13,3],
		"faces": {
			"up":{"uv":		[13.01,4.01,13.99,4.99],"texture":"#glass","cullface":"Know2Good"},
			"down":{"uv":	[13.01,4.01,13.99,4.99],"texture":"#glass","cullface":"Know2Good"},
			"north":{"uv":	[13.01,4.01,13.99,4.99],"texture":"#glass","cullface":"Know2Good"},
			"south":{"uv":	[13.01,4.01,13.99,4.99],"texture":"#glass","cullface":"Know2Good"},
			"west":{"uv":	[13.01,4.01,13.99,4.99],"texture":"#glass","cullface":"Know2Good"},
			"east":{"uv":	[13.01,4.01,13.99,4.99],"texture":"#glass","cullface":"Know2Good"}
		}
	},
	{
		"__comment":"Glass east top-left to bottom-right",
		"from":[14,11,3],
		"to":[14.25,12,4],
		"faces": {
			"up":{"uv":		[12.01,5.01,12.99,5.99],"texture":"#glass","cullface":"Know2Good"},
			"down":{"uv":	[12.01,5.01,12.99,5.99],"texture":"#glass","cullface":"Know2Good"},
			"north":{"uv":	[12.01,5.01,12.99,5.99],"texture":"#glass","cullface":"Know2Good"},
			"south":{"uv":	[12.01,5.01,12.99,5.99],"texture":"#glass","cullface":"Know2Good"},
			"west":{"uv":	[12.01,5.01,12.99,5.99],"texture":"#glass","cullface":"Know2Good"},
			"east":{"uv":	[12.01,5.01,12.99,5.99],"texture":"#glass","cullface":"Know2Good"}
		}
	},
	{
		"__comment":"Glass east top-left to bottom-right",
		"from":[14,7,7],
		"to":[14.5,8,8],
		"faces": {
			"up":{"uv":		[8.01,9.01,8.99,9.99],"texture":"#glass","cullface":"Know2Good"},
			"down":{"uv":	[8.01,9.01,8.99,9.99],"texture":"#glass","cullface":"Know2Good"},
			"north":{"uv":	[8.01,9.01,8.99,9.99],"texture":"#glass","cullface":"Know2Good"},
			"south":{"uv":	[8.01,9.01,8.99,9.99],"texture":"#glass","cullface":"Know2Good"},
			"west":{"uv":	[8.01,9.01,8.99,9.99],"texture":"#glass","cullface":"Know2Good"},
			"east":{"uv":	[8.01,9.01,8.99,9.99],"texture":"#glass","cullface":"Know2Good"}
		}
	},
	{
		"__comment":"Glass east top-left to bottom-right",
		"from":[14,6,8],
		"to":[14.5,7,9],
		"faces": {
			"up":{"uv":		[7.01,10.01,7.99,10.99],"texture":"#glass","cullface":"Know2Good"},
			"down":{"uv":	[7.01,10.01,7.99,10.99],"texture":"#glass","cullface":"Know2Good"},
			"north":{"uv":	[7.01,10.01,7.99,10.99],"texture":"#glass","cullface":"Know2Good"},
			"south":{"uv":	[7.01,10.01,7.99,10.99],"texture":"#glass","cullface":"Know2Good"},
			"west":{"uv":	[7.01,10.01,7.99,10.99],"texture":"#glass","cullface":"Know2Good"},
			"east":{"uv":	[7.01,10.01,7.99,10.99],"texture":"#glass","cullface":"Know2Good"}
		}
	},
	{
		"__comment":"Glass east top-left to bottom-right",
		"from":[14,5,9],
		"to":[14.25,6,10],
		"faces": {
			"up":{"uv":		[6.01,11.01,6.99,11.99],"texture":"#glass","cullface":"Know2Good"},
			"down":{"uv":	[6.01,11.01,6.99,11.99],"texture":"#glass","cullface":"Know2Good"},
			"north":{"uv":	[6.01,11.01,6.99,11.99],"texture":"#glass","cullface":"Know2Good"},
			"south":{"uv":	[6.01,11.01,6.99,11.99],"texture":"#glass","cullface":"Know2Good"},
			"west":{"uv":	[6.01,11.01,6.99,11.99],"texture":"#glass","cullface":"Know2Good"},
			"east":{"uv":	[6.01,11.01,6.99,11.99],"texture":"#glass","cullface":"Know2Good"}
		}
	},
	{
		"__comment":"Glass east top-left to bottom-right",
		"from":[14,6,2],
		"to":[14.5,7,3],
		"faces": {
			"up":{"uv":		[13.01,10.01,13.99,10.99],"texture":"#glass","cullface":"Know2Good"},
			"down":{"uv":	[13.01,10.01,13.99,10.99],"texture":"#glass","cullface":"Know2Good"},
			"north":{"uv":	[13.01,10.01,13.99,10.99],"texture":"#glass","cullface":"Know2Good"},
			"south":{"uv":	[13.01,10.01,13.99,10.99],"texture":"#glass","cullface":"Know2Good"},
			"west":{"uv":	[13.01,10.01,13.99,10.99],"texture":"#glass","cullface":"Know2Good"},
			"east":{"uv":	[13.01,10.01,13.99,10.99],"texture":"#glass","cullface":"Know2Good"}
		}
	},
	{
		"__comment":"Glass east top-left to bottom-right",
		"from":[14,5,3],
		"to":[14.5,6,4],
		"faces": {
			"up":{"uv":		[12.01,11.01,12.99,11.99],"texture":"#glass","cullface":"Know2Good"},
			"down":{"uv":	[12.01,11.01,12.99,11.99],"texture":"#glass","cullface":"Know2Good"},
			"north":{"uv":	[12.01,11.01,12.99,11.99],"texture":"#glass","cullface":"Know2Good"},
			"south":{"uv":	[12.01,11.01,12.99,11.99],"texture":"#glass","cullface":"Know2Good"},
			"west":{"uv":	[12.01,11.01,12.99,11.99],"texture":"#glass","cullface":"Know2Good"},
			"east":{"uv":	[12.01,11.01,12.99,11.99],"texture":"#glass","cullface":"Know2Good"}
		}
	},
	{
		"__comment":"Glass east top-left to bottom-right",
		"from":[14,4,4],
		"to":[14.5,5,5],
		"faces": {
			"up":{"uv":		[11.01,12.01,11.99,12.99],"texture":"#glass","cullface":"Know2Good"},
			"down":{"uv":	[11.01,12.01,11.99,12.99],"texture":"#glass","cullface":"Know2Good"},
			"north":{"uv":	[11.01,12.01,11.99,12.99],"texture":"#glass","cullface":"Know2Good"},
			"south":{"uv":	[11.01,12.01,11.99,12.99],"texture":"#glass","cullface":"Know2Good"},
			"west":{"uv":	[11.01,12.01,11.99,12.99],"texture":"#glass","cullface":"Know2Good"},
			"east":{"uv":	[11.01,12.01,11.99,12.99],"texture":"#glass","cullface":"Know2Good"}
		}
	},
	{
		"__comment":"Glass south top-left to bottom-right",
		"from":[3,14,14],
		"to":[4,15,14.5],
		"faces": {
			"up":{"uv":		[3.01,2.01,3.99,2.99],"texture":"#glass","cullface":"Know2Good"},
			"down":{"uv":	[3.01,2.01,3.99,2.99],"texture":"#glass","cullface":"Know2Good"},
			"north":{"uv":	[3.01,2.01,3.99,2.99],"texture":"#glass","cullface":"Know2Good"},
			"south":{"uv":	[3.01,2.01,3.99,2.99],"texture":"#glass","cullface":"Know2Good"},
			"west":{"uv":	[3.01,2.01,3.99,2.99],"texture":"#glass","cullface":"Know2Good"},
			"east":{"uv":	[3.01,2.01,3.99,2.99],"texture":"#glass","cullface":"Know2Good"}
		}
	},
	{
		"__comment":"Glass south top-left to bottom-right",
		"from":[6,14,14],
		"to":[7,15,14.5],
		"faces": {
			"up":{"uv":		[6.01,2.01,6.99,2.99],"texture":"#glass","cullface":"Know2Good"},
			"down":{"uv":	[6.01,2.01,6.99,2.99],"texture":"#glass","cullface":"Know2Good"},
			"north":{"uv":	[6.01,2.01,6.99,2.99],"texture":"#glass","cullface":"Know2Good"},
			"south":{"uv":	[6.01,2.01,6.99,2.99],"texture":"#glass","cullface":"Know2Good"},
			"west":{"uv":	[6.01,2.01,6.99,2.99],"texture":"#glass","cullface":"Know2Good"},
			"east":{"uv":	[6.01,2.01,6.99,2.99],"texture":"#glass","cullface":"Know2Good"}
		}
	},
	{
		"__comment":"Glass south top-left to bottom-right",
		"from":[2,13,14],
		"to":[3,14,14.5],
		"faces": {
			"up":{"uv":		[2.01,3.01,2.99,3.99],"texture":"#glass","cullface":"Know2Good"},
			"down":{"uv":	[2.01,3.01,2.99,3.99],"texture":"#glass","cullface":"Know2Good"},
			"north":{"uv":	[2.01,3.01,2.99,3.99],"texture":"#glass","cullface":"Know2Good"},
			"south":{"uv":	[2.01,3.01,2.99,3.99],"texture":"#glass","cullface":"Know2Good"},
			"west":{"uv":	[2.01,3.01,2.99,3.99],"texture":"#glass","cullface":"Know2Good"},
			"east":{"uv":	[2.01,3.01,2.99,3.99],"texture":"#glass","cullface":"Know2Good"}
		}
	},
	{
		"__comment":"Glass south top-left to bottom-right",
		"from":[9,12,14],
		"to":[10,13,14.5],
		"faces": {
			"up":{"uv":		[9.01,4.01,9.99,4.99],"texture":"#glass","cullface":"Know2Good"},
			"down":{"uv":	[9.01,4.01,9.99,4.99],"texture":"#glass","cullface":"Know2Good"},
			"north":{"uv":	[9.01,4.01,9.99,4.99],"texture":"#glass","cullface":"Know2Good"},
			"south":{"uv":	[9.01,4.01,9.99,4.99],"texture":"#glass","cullface":"Know2Good"},
			"west":{"uv":	[9.01,4.01,9.99,4.99],"texture":"#glass","cullface":"Know2Good"},
			"east":{"uv":	[9.01,4.01,9.99,4.99],"texture":"#glass","cullface":"Know2Good"}
		}
	},
	{
		"__comment":"Glass south top-left to bottom-right",
		"from":[8,11,14],
		"to":[9,12,14.5],
		"faces": {
			"up":{"uv":		[8.01,5.01,8.99,5.99],"texture":"#glass","cullface":"Know2Good"},
			"down":{"uv":	[8.01,5.01,8.99,5.99],"texture":"#glass","cullface":"Know2Good"},
			"north":{"uv":	[8.01,5.01,8.99,5.99],"texture":"#glass","cullface":"Know2Good"},
			"south":{"uv":	[8.01,5.01,8.99,5.99],"texture":"#glass","cullface":"Know2Good"},
			"west":{"uv":	[8.01,5.01,8.99,5.99],"texture":"#glass","cullface":"Know2Good"},
			"east":{"uv":	[8.01,5.01,8.99,5.99],"texture":"#glass","cullface":"Know2Good"}
		}
	},
	{
		"__comment":"Glass south top-left to bottom-right",
		"from":[7,10,14],
		"to":[8,11,14.25],
		"faces": {
			"up":{"uv":		[7.01,6.01,7.99,6.99],"texture":"#glass","cullface":"Know2Good"},
			"down":{"uv":	[7.01,6.01,7.99,6.99],"texture":"#glass","cullface":"Know2Good"},
			"north":{"uv":	[7.01,6.01,7.99,6.99],"texture":"#glass","cullface":"Know2Good"},
			"south":{"uv":	[7.01,6.01,7.99,6.99],"texture":"#glass","cullface":"Know2Good"},
			"west":{"uv":	[7.01,6.01,7.99,6.99],"texture":"#glass","cullface":"Know2Good"},
			"east":{"uv":	[7.01,6.01,7.99,6.99],"texture":"#glass","cullface":"Know2Good"}
		}
	},
	{
		"__comment":"Glass south top-left to bottom-right",
		"from":[6,9,14],
		"to":[7,10,14.25],
		"faces": {
			"up":{"uv":		[6.01,7.01,6.99,7.99],"texture":"#glass","cullface":"Know2Good"},
			"down":{"uv":	[6.01,7.01,6.99,7.99],"texture":"#glass","cullface":"Know2Good"},
			"north":{"uv":	[6.01,7.01,6.99,7.99],"texture":"#glass","cullface":"Know2Good"},
			"south":{"uv":	[6.01,7.01,6.99,7.99],"texture":"#glass","cullface":"Know2Good"},
			"west":{"uv":	[6.01,7.01,6.99,7.99],"texture":"#glass","cullface":"Know2Good"},
			"east":{"uv":	[6.01,7.01,6.99,7.99],"texture":"#glass","cullface":"Know2Good"}
		}
	},
	{
		"__comment":"Glass south top-left to bottom-right",
		"from":[2,9,14],
		"to":[3,10,14.25],
		"faces": {
			"up":{"uv":		[2.01,7.01,2.99,7.99],"texture":"#glass","cullface":"Know2Good"},
			"down":{"uv":	[2.01,7.01,2.99,7.99],"texture":"#glass","cullface":"Know2Good"},
			"north":{"uv":	[2.01,7.01,2.99,7.99],"texture":"#glass","cullface":"Know2Good"},
			"south":{"uv":	[2.01,7.01,2.99,7.99],"texture":"#glass","cullface":"Know2Good"},
			"west":{"uv":	[2.01,7.01,2.99,7.99],"texture":"#glass","cullface":"Know2Good"},
			"east":{"uv":	[2.01,7.01,2.99,7.99],"texture":"#glass","cullface":"Know2Good"}
		}
	},
	{
		"__comment":"Glass south top-left to bottom-right",
		"from":[13,12,14],
		"to":[14,13,14.25],
		"faces": {
			"up":{"uv":		[13.01,4.01,13.99,4.99],"texture":"#glass","cullface":"Know2Good"},
			"down":{"uv":	[13.01,4.01,13.99,4.99],"texture":"#glass","cullface":"Know2Good"},
			"north":{"uv":	[13.01,4.01,13.99,4.99],"texture":"#glass","cullface":"Know2Good"},
			"south":{"uv":	[13.01,4.01,13.99,4.99],"texture":"#glass","cullface":"Know2Good"},
			"west":{"uv":	[13.01,4.01,13.99,4.99],"texture":"#glass","cullface":"Know2Good"},
			"east":{"uv":	[13.01,4.01,13.99,4.99],"texture":"#glass","cullface":"Know2Good"}
		}
	},
	{
		"__comment":"Glass south top-left to bottom-right",
		"from":[12,11,14],
		"to":[13,12,14.25],
		"faces": {
			"up":{"uv":		[12.01,5.01,12.99,5.99],"texture":"#glass","cullface":"Know2Good"},
			"down":{"uv":	[12.01,5.01,12.99,5.99],"texture":"#glass","cullface":"Know2Good"},
			"north":{"uv":	[12.01,5.01,12.99,5.99],"texture":"#glass","cullface":"Know2Good"},
			"south":{"uv":	[12.01,5.01,12.99,5.99],"texture":"#glass","cullface":"Know2Good"},
			"west":{"uv":	[12.01,5.01,12.99,5.99],"texture":"#glass","cullface":"Know2Good"},
			"east":{"uv":	[12.01,5.01,12.99,5.99],"texture":"#glass","cullface":"Know2Good"}
		}
	},
	{
		"__comment":"Glass south top-left to bottom-right",
		"from":[8,7,14],
		"to":[9,8,14.5],
		"faces": {
			"up":{"uv":		[8.01,9.01,8.99,9.99],"texture":"#glass","cullface":"Know2Good"},
			"down":{"uv":	[8.01,9.01,8.99,9.99],"texture":"#glass","cullface":"Know2Good"},
			"north":{"uv":	[8.01,9.01,8.99,9.99],"texture":"#glass","cullface":"Know2Good"},
			"south":{"uv":	[8.01,9.01,8.99,9.99],"texture":"#glass","cullface":"Know2Good"},
			"west":{"uv":	[8.01,9.01,8.99,9.99],"texture":"#glass","cullface":"Know2Good"},
			"east":{"uv":	[8.01,9.01,8.99,9.99],"texture":"#glass","cullface":"Know2Good"}
		}
	},
	{
		"__comment":"Glass south top-left to bottom-right",
		"from":[7,6,14],
		"to":[8,7,14.5],
		"faces": {
			"up":{"uv":		[7.01,10.01,7.99,10.99],"texture":"#glass","cullface":"Know2Good"},
			"down":{"uv":	[7.01,10.01,7.99,10.99],"texture":"#glass","cullface":"Know2Good"},
			"north":{"uv":	[7.01,10.01,7.99,10.99],"texture":"#glass","cullface":"Know2Good"},
			"south":{"uv":	[7.01,10.01,7.99,10.99],"texture":"#glass","cullface":"Know2Good"},
			"west":{"uv":	[7.01,10.01,7.99,10.99],"texture":"#glass","cullface":"Know2Good"},
			"east":{"uv":	[7.01,10.01,7.99,10.99],"texture":"#glass","cullface":"Know2Good"}
		}
	},
	{
		"__comment":"Glass south top-left to bottom-right",
		"from":[6,5,14],
		"to":[7,6,14.25],
		"faces": {
			"up":{"uv":		[6.01,11.01,6.99,11.99],"texture":"#glass","cullface":"Know2Good"},
			"down":{"uv":	[6.01,11.01,6.99,11.99],"texture":"#glass","cullface":"Know2Good"},
			"north":{"uv":	[6.01,11.01,6.99,11.99],"texture":"#glass","cullface":"Know2Good"},
			"south":{"uv":	[6.01,11.01,6.99,11.99],"texture":"#glass","cullface":"Know2Good"},
			"west":{"uv":	[6.01,11.01,6.99,11.99],"texture":"#glass","cullface":"Know2Good"},
			"east":{"uv":	[6.01,11.01,6.99,11.99],"texture":"#glass","cullface":"Know2Good"}
		}
	},
	{
		"__comment":"Glass south top-left to bottom-right",
		"from":[13,6,14],
		"to":[14,7,14.5],
		"faces": {
			"up":{"uv":		[13.01,10.01,13.99,10.99],"texture":"#glass","cullface":"Know2Good"},
			"down":{"uv":	[13.01,10.01,13.99,10.99],"texture":"#glass","cullface":"Know2Good"},
			"north":{"uv":	[13.01,10.01,13.99,10.99],"texture":"#glass","cullface":"Know2Good"},
			"south":{"uv":	[13.01,10.01,13.99,10.99],"texture":"#glass","cullface":"Know2Good"},
			"west":{"uv":	[13.01,10.01,13.99,10.99],"texture":"#glass","cullface":"Know2Good"},
			"east":{"uv":	[13.01,10.01,13.99,10.99],"texture":"#glass","cullface":"Know2Good"}
		}
	},
	{
		"__comment":"Glass south top-left to bottom-right",
		"from":[12,5,14],
		"to":[13,6,14.5],
		"faces": {
			"up":{"uv":		[12.01,11.01,12.99,11.99],"texture":"#glass","cullface":"Know2Good"},
			"down":{"uv":	[12.01,11.01,12.99,11.99],"texture":"#glass","cullface":"Know2Good"},
			"north":{"uv":	[12.01,11.01,12.99,11.99],"texture":"#glass","cullface":"Know2Good"},
			"south":{"uv":	[12.01,11.01,12.99,11.99],"texture":"#glass","cullface":"Know2Good"},
			"west":{"uv":	[12.01,11.01,12.99,11.99],"texture":"#glass","cullface":"Know2Good"},
			"east":{"uv":	[12.01,11.01,12.99,11.99],"texture":"#glass","cullface":"Know2Good"}
		}
	},
	{
		"__comment":"Glass south top-left to bottom-right",
		"from":[11,4,14],
		"to":[12,5,14.5],
		"faces": {
			"up":{"uv":		[11.01,12.01,11.99,12.99],"texture":"#glass","cullface":"Know2Good"},
			"down":{"uv":	[11.01,12.01,11.99,12.99],"texture":"#glass","cullface":"Know2Good"},
			"north":{"uv":	[11.01,12.01,11.99,12.99],"texture":"#glass","cullface":"Know2Good"},
			"south":{"uv":	[11.01,12.01,11.99,12.99],"texture":"#glass","cullface":"Know2Good"},
			"west":{"uv":	[11.01,12.01,11.99,12.99],"texture":"#glass","cullface":"Know2Good"},
			"east":{"uv":	[11.01,12.01,11.99,12.99],"texture":"#glass","cullface":"Know2Good"}
		}
	},
	{
		"__comment":"Glass west top-left to bottom-right",
		"from":[1.5,14,3],
		"to":[2,15,4],
		"faces": {
			"up":{"uv":		[3.01,2.01,3.99,2.99],"texture":"#glass","cullface":"Know2Good"},
			"down":{"uv":	[3.01,2.01,3.99,2.99],"texture":"#glass","cullface":"Know2Good"},
			"north":{"uv":	[3.01,2.01,3.99,2.99],"texture":"#glass","cullface":"Know2Good"},
			"south":{"uv":	[3.01,2.01,3.99,2.99],"texture":"#glass","cullface":"Know2Good"},
			"west":{"uv":	[3.01,2.01,3.99,2.99],"texture":"#glass","cullface":"Know2Good"},
			"east":{"uv":	[3.01,2.01,3.99,2.99],"texture":"#glass","cullface":"Know2Good"}
		}
	},
	{
		"__comment":"Glass west top-left to bottom-right",
		"from":[1.5,14,6],
		"to":[2,15,7],
		"faces": {
			"up":{"uv":		[6.01,2.01,6.99,2.99],"texture":"#glass","cullface":"Know2Good"},
			"down":{"uv":	[6.01,2.01,6.99,2.99],"texture":"#glass","cullface":"Know2Good"},
			"north":{"uv":	[6.01,2.01,6.99,2.99],"texture":"#glass","cullface":"Know2Good"},
			"south":{"uv":	[6.01,2.01,6.99,2.99],"texture":"#glass","cullface":"Know2Good"},
			"west":{"uv":	[6.01,2.01,6.99,2.99],"texture":"#glass","cullface":"Know2Good"},
			"east":{"uv":	[6.01,2.01,6.99,2.99],"texture":"#glass","cullface":"Know2Good"}
		}
	},
	{
		"__comment":"Glass west top-left to bottom-right",
		"from":[1.5,13,2],
		"to":[2,14,3],
		"faces": {
			"up":{"uv":		[2.01,3.01,2.99,3.99],"texture":"#glass","cullface":"Know2Good"},
			"down":{"uv":	[2.01,3.01,2.99,3.99],"texture":"#glass","cullface":"Know2Good"},
			"north":{"uv":	[2.01,3.01,2.99,3.99],"texture":"#glass","cullface":"Know2Good"},
			"south":{"uv":	[2.01,3.01,2.99,3.99],"texture":"#glass","cullface":"Know2Good"},
			"west":{"uv":	[2.01,3.01,2.99,3.99],"texture":"#glass","cullface":"Know2Good"},
			"east":{"uv":	[2.01,3.01,2.99,3.99],"texture":"#glass","cullface":"Know2Good"}
		}
	},
	{
		"__comment":"Glass west top-left to bottom-right",
		"from":[1.5,12,9],
		"to":[2,13,10],
		"faces": {
			"up":{"uv":		[9.01,4.01,9.99,4.99],"texture":"#glass","cullface":"Know2Good"},
			"down":{"uv":	[9.01,4.01,9.99,4.99],"texture":"#glass","cullface":"Know2Good"},
			"north":{"uv":	[9.01,4.01,9.99,4.99],"texture":"#glass","cullface":"Know2Good"},
			"south":{"uv":	[9.01,4.01,9.99,4.99],"texture":"#glass","cullface":"Know2Good"},
			"west":{"uv":	[9.01,4.01,9.99,4.99],"texture":"#glass","cullface":"Know2Good"},
			"east":{"uv":	[9.01,4.01,9.99,4.99],"texture":"#glass","cullface":"Know2Good"}
		}
	},
	{
		"__comment":"Glass west top-left to bottom-right",
		"from":[1.5,11,8],
		"to":[2,12,9],
		"faces": {
			"up":{"uv":		[8.01,5.01,8.99,5.99],"texture":"#glass","cullface":"Know2Good"},
			"down":{"uv":	[8.01,5.01,8.99,5.99],"texture":"#glass","cullface":"Know2Good"},
			"north":{"uv":	[8.01,5.01,8.99,5.99],"texture":"#glass","cullface":"Know2Good"},
			"south":{"uv":	[8.01,5.01,8.99,5.99],"texture":"#glass","cullface":"Know2Good"},
			"west":{"uv":	[8.01,5.01,8.99,5.99],"texture":"#glass","cullface":"Know2Good"},
			"east":{"uv":	[8.01,5.01,8.99,5.99],"texture":"#glass","cullface":"Know2Good"}
		}
	},
	{
		"__comment":"Glass west top-left to bottom-right",
		"from":[1.75,10,7],
		"to":[2,11,8],
		"faces": {
			"up":{"uv":		[7.01,6.01,7.99,6.99],"texture":"#glass","cullface":"Know2Good"},
			"down":{"uv":	[7.01,6.01,7.99,6.99],"texture":"#glass","cullface":"Know2Good"},
			"north":{"uv":	[7.01,6.01,7.99,6.99],"texture":"#glass","cullface":"Know2Good"},
			"south":{"uv":	[7.01,6.01,7.99,6.99],"texture":"#glass","cullface":"Know2Good"},
			"west":{"uv":	[7.01,6.01,7.99,6.99],"texture":"#glass","cullface":"Know2Good"},
			"east":{"uv":	[7.01,6.01,7.99,6.99],"texture":"#glass","cullface":"Know2Good"}
		}
	},
	{
		"__comment":"Glass west top-left to bottom-right",
		"from":[1.75,9,6],
		"to":[2,10,7],
		"faces": {
			"up":{"uv":		[6.01,7.01,6.99,7.99],"texture":"#glass","cullface":"Know2Good"},
			"down":{"uv":	[6.01,7.01,6.99,7.99],"texture":"#glass","cullface":"Know2Good"},
			"north":{"uv":	[6.01,7.01,6.99,7.99],"texture":"#glass","cullface":"Know2Good"},
			"south":{"uv":	[6.01,7.01,6.99,7.99],"texture":"#glass","cullface":"Know2Good"},
			"west":{"uv":	[6.01,7.01,6.99,7.99],"texture":"#glass","cullface":"Know2Good"},
			"east":{"uv":	[6.01,7.01,6.99,7.99],"texture":"#glass","cullface":"Know2Good"}
		}
	},
	{
		"__comment":"Glass west top-left to bottom-right",
		"from":[1.75,9,2],
		"to":[2,10,3],
		"faces": {
			"up":{"uv":		[2.01,7.01,2.99,7.99],"texture":"#glass","cullface":"Know2Good"},
			"down":{"uv":	[2.01,7.01,2.99,7.99],"texture":"#glass","cullface":"Know2Good"},
			"north":{"uv":	[2.01,7.01,2.99,7.99],"texture":"#glass","cullface":"Know2Good"},
			"south":{"uv":	[2.01,7.01,2.99,7.99],"texture":"#glass","cullface":"Know2Good"},
			"west":{"uv":	[2.01,7.01,2.99,7.99],"texture":"#glass","cullface":"Know2Good"},
			"east":{"uv":	[2.01,7.01,2.99,7.99],"texture":"#glass","cullface":"Know2Good"}
		}
	},
	{
		"__comment":"Glass west top-left to bottom-right",
		"from":[1.75,12,13],
		"to":[2,13,14],
		"faces": {
			"up":{"uv":		[13.01,4.01,13.99,4.99],"texture":"#glass","cullface":"Know2Good"},
			"down":{"uv":	[13.01,4.01,13.99,4.99],"texture":"#glass","cullface":"Know2Good"},
			"north":{"uv":	[13.01,4.01,13.99,4.99],"texture":"#glass","cullface":"Know2Good"},
			"south":{"uv":	[13.01,4.01,13.99,4.99],"texture":"#glass","cullface":"Know2Good"},
			"west":{"uv":	[13.01,4.01,13.99,4.99],"texture":"#glass","cullface":"Know2Good"},
			"east":{"uv":	[13.01,4.01,13.99,4.99],"texture":"#glass","cullface":"Know2Good"}
		}
	},
	{
		"__comment":"Glass west top-left to bottom-right",
		"from":[1.75,11,12],
		"to":[2,12,13],
		"faces": {
			"up":{"uv":		[12.01,5.01,12.99,5.99],"texture":"#glass","cullface":"Know2Good"},
			"down":{"uv":	[12.01,5.01,12.99,5.99],"texture":"#glass","cullface":"Know2Good"},
			"north":{"uv":	[12.01,5.01,12.99,5.99],"texture":"#glass","cullface":"Know2Good"},
			"south":{"uv":	[12.01,5.01,12.99,5.99],"texture":"#glass","cullface":"Know2Good"},
			"west":{"uv":	[12.01,5.01,12.99,5.99],"texture":"#glass","cullface":"Know2Good"},
			"east":{"uv":	[12.01,5.01,12.99,5.99],"texture":"#glass","cullface":"Know2Good"}
		}
	},
	{
		"__comment":"Glass west top-left to bottom-right",
		"from":[1.5,7,8],
		"to":[2,8,9],
		"faces": {
			"up":{"uv":		[8.01,9.01,8.99,9.99],"texture":"#glass","cullface":"Know2Good"},
			"down":{"uv":	[8.01,9.01,8.99,9.99],"texture":"#glass","cullface":"Know2Good"},
			"north":{"uv":	[8.01,9.01,8.99,9.99],"texture":"#glass","cullface":"Know2Good"},
			"south":{"uv":	[8.01,9.01,8.99,9.99],"texture":"#glass","cullface":"Know2Good"},
			"west":{"uv":	[8.01,9.01,8.99,9.99],"texture":"#glass","cullface":"Know2Good"},
			"east":{"uv":	[8.01,9.01,8.99,9.99],"texture":"#glass","cullface":"Know2Good"}
		}
	},
	{
		"__comment":"Glass west top-left to bottom-right",
		"from":[1.5,6,7],
		"to":[2,7,8],
		"faces": {
			"up":{"uv":		[7.01,10.01,7.99,10.99],"texture":"#glass","cullface":"Know2Good"},
			"down":{"uv":	[7.01,10.01,7.99,10.99],"texture":"#glass","cullface":"Know2Good"},
			"north":{"uv":	[7.01,10.01,7.99,10.99],"texture":"#glass","cullface":"Know2Good"},
			"south":{"uv":	[7.01,10.01,7.99,10.99],"texture":"#glass","cullface":"Know2Good"},
			"west":{"uv":	[7.01,10.01,7.99,10.99],"texture":"#glass","cullface":"Know2Good"},
			"east":{"uv":	[7.01,10.01,7.99,10.99],"texture":"#glass","cullface":"Know2Good"}
		}
	},
	{
		"__comment":"Glass west top-left to bottom-right",
		"from":[1.75,5,6],
		"to":[2,6,7],
		"faces": {
			"up":{"uv":		[6.01,11.01,6.99,11.99],"texture":"#glass","cullface":"Know2Good"},
			"down":{"uv":	[6.01,11.01,6.99,11.99],"texture":"#glass","cullface":"Know2Good"},
			"north":{"uv":	[6.01,11.01,6.99,11.99],"texture":"#glass","cullface":"Know2Good"},
			"south":{"uv":	[6.01,11.01,6.99,11.99],"texture":"#glass","cullface":"Know2Good"},
			"west":{"uv":	[6.01,11.01,6.99,11.99],"texture":"#glass","cullface":"Know2Good"},
			"east":{"uv":	[6.01,11.01,6.99,11.99],"texture":"#glass","cullface":"Know2Good"}
		}
	},
	{
		"__comment":"Glass west top-left to bottom-right",
		"from":[1.5,6,13],
		"to":[2,7,14],
		"faces": {
			"up":{"uv":		[13.01,10.01,13.99,10.99],"texture":"#glass","cullface":"Know2Good"},
			"down":{"uv":	[13.01,10.01,13.99,10.99],"texture":"#glass","cullface":"Know2Good"},
			"north":{"uv":	[13.01,10.01,13.99,10.99],"texture":"#glass","cullface":"Know2Good"},
			"south":{"uv":	[13.01,10.01,13.99,10.99],"texture":"#glass","cullface":"Know2Good"},
			"west":{"uv":	[13.01,10.01,13.99,10.99],"texture":"#glass","cullface":"Know2Good"},
			"east":{"uv":	[13.01,10.01,13.99,10.99],"texture":"#glass","cullface":"Know2Good"}
		}
	},
	{
		"__comment":"Glass west top-left to bottom-right",
		"from":[1.5,5,12],
		"to":[2,6,13],
		"faces": {
			"up":{"uv":		[12.01,11.01,12.99,11.99],"texture":"#glass","cullface":"Know2Good"},
			"down":{"uv":	[12.01,11.01,12.99,11.99],"texture":"#glass","cullface":"Know2Good"},
			"north":{"uv":	[12.01,11.01,12.99,11.99],"texture":"#glass","cullface":"Know2Good"},
			"south":{"uv":	[12.01,11.01,12.99,11.99],"texture":"#glass","cullface":"Know2Good"},
			"west":{"uv":	[12.01,11.01,12.99,11.99],"texture":"#glass","cullface":"Know2Good"},
			"east":{"uv":	[12.01,11.01,12.99,11.99],"texture":"#glass","cullface":"Know2Good"}
		}
	},
	{
		"__comment":"Glass west top-left to bottom-right",
		"from":[1.5,4,11],
		"to":[2,5,12],
		"faces": {
			"up":{"uv":		[11.01,12.01,11.99,12.99],"texture":"#glass","cullface":"Know2Good"},
			"down":{"uv":	[11.01,12.01,11.99,12.99],"texture":"#glass","cullface":"Know2Good"},
			"north":{"uv":	[11.01,12.01,11.99,12.99],"texture":"#glass","cullface":"Know2Good"},
			"south":{"uv":	[11.01,12.01,11.99,12.99],"texture":"#glass","cullface":"Know2Good"},
			"west":{"uv":	[11.01,12.01,11.99,12.99],"texture":"#glass","cullface":"Know2Good"},
			"east":{"uv":	[11.01,12.01,11.99,12.99],"texture":"#glass","cullface":"Know2Good"}
		}
	},
	{
		"__comment":"Glass top top-left to bottom-right",
		"from":[7,15,2],
		"to":[8,15.25,3],
		"faces": {
			"up":{"uv":		[7.01,1.01,7.99,1.99],"texture":"#glass","cullface":"Know2Good"},
			"down":{"uv":	[7.01,1.01,7.99,1.99],"texture":"#glass","cullface":"Know2Good"},
			"north":{"uv":	[7.01,1.01,7.99,1.99],"texture":"#glass","cullface":"Know2Good"},
			"south":{"uv":	[7.01,1.01,7.99,1.99],"texture":"#glass","cullface":"Know2Good"},
			"west":{"uv":	[7.01,1.01,7.99,1.99],"texture":"#glass","cullface":"Know2Good"},
			"east":{"uv":	[7.01,1.01,7.99,1.99],"texture":"#glass","cullface":"Know2Good"}
		}
	},
	{
		"__comment":"Glass top top-left to bottom-right",
		"from":[6,15,3],
		"to":[7,15.25,4],
		"faces": {
			"up":{"uv":		[6.01,2.01,6.99,2.99],"texture":"#glass","cullface":"Know2Good"},
			"down":{"uv":	[6.01,2.01,6.99,2.99],"texture":"#glass","cullface":"Know2Good"},
			"north":{"uv":	[6.01,2.01,6.99,2.99],"texture":"#glass","cullface":"Know2Good"},
			"south":{"uv":	[6.01,2.01,6.99,2.99],"texture":"#glass","cullface":"Know2Good"},
			"west":{"uv":	[6.01,2.01,6.99,2.99],"texture":"#glass","cullface":"Know2Good"},
			"east":{"uv":	[6.01,2.01,6.99,2.99],"texture":"#glass","cullface":"Know2Good"}
		}
	},
	{
		"__comment":"Glass top top-left to bottom-right",
		"from":[3,15,3],
		"to":[4,15.5,4],
		"faces": {
			"up":{"uv":		[3.01,2.01,3.99,2.99],"texture":"#glass","cullface":"Know2Good"},
			"down":{"uv":	[3.01,2.01,3.99,2.99],"texture":"#glass","cullface":"Know2Good"},
			"north":{"uv":	[3.01,2.01,3.99,2.99],"texture":"#glass","cullface":"Know2Good"},
			"south":{"uv":	[3.01,2.01,3.99,2.99],"texture":"#glass","cullface":"Know2Good"},
			"west":{"uv":	[3.01,2.01,3.99,2.99],"texture":"#glass","cullface":"Know2Good"},
			"east":{"uv":	[3.01,2.01,3.99,2.99],"texture":"#glass","cullface":"Know2Good"}
		}
	},
	{
		"__comment":"Glass top top-left to bottom-right",
		"from":[2,15,4],
		"to":[3,15.5,5],
		"faces": {
			"up":{"uv":		[2.01,3.01,2.99,3.99],"texture":"#glass","cullface":"Know2Good"},
			"down":{"uv":	[2.01,3.01,2.99,3.99],"texture":"#glass","cullface":"Know2Good"},
			"north":{"uv":	[2.01,3.01,2.99,3.99],"texture":"#glass","cullface":"Know2Good"},
			"south":{"uv":	[2.01,3.01,2.99,3.99],"texture":"#glass","cullface":"Know2Good"},
			"west":{"uv":	[2.01,3.01,2.99,3.99],"texture":"#glass","cullface":"Know2Good"},
			"east":{"uv":	[2.01,3.01,2.99,3.99],"texture":"#glass","cullface":"Know2Good"}
		}
	},
	{
		"__comment":"Glass top top-left to bottom-right",
		"from":[2,15,8],
		"to":[3,15.25,9],
		"faces": {
			"up":{"uv":		[2.01,7.01,2.99,7.99],"texture":"#glass","cullface":"Know2Good"},
			"down":{"uv":	[2.01,7.01,2.99,7.99],"texture":"#glass","cullface":"Know2Good"},
			"north":{"uv":	[2.01,7.01,2.99,7.99],"texture":"#glass","cullface":"Know2Good"},
			"south":{"uv":	[2.01,7.01,2.99,7.99],"texture":"#glass","cullface":"Know2Good"},
			"west":{"uv":	[2.01,7.01,2.99,7.99],"texture":"#glass","cullface":"Know2Good"},
			"east":{"uv":	[2.01,7.01,2.99,7.99],"texture":"#glass","cullface":"Know2Good"}
		}
	},
	{
		"__comment":"Glass top top-left to bottom-right",
		"from":[9,15,5],
		"to":[10,15.5,6],
		"faces": {
			"up":{"uv":		[9.01,4.01,9.99,4.99],"texture":"#glass","cullface":"Know2Good"},
			"down":{"uv":	[9.01,4.01,9.99,4.99],"texture":"#glass","cullface":"Know2Good"},
			"north":{"uv":	[9.01,4.01,9.99,4.99],"texture":"#glass","cullface":"Know2Good"},
			"south":{"uv":	[9.01,4.01,9.99,4.99],"texture":"#glass","cullface":"Know2Good"},
			"west":{"uv":	[9.01,4.01,9.99,4.99],"texture":"#glass","cullface":"Know2Good"},
			"east":{"uv":	[9.01,4.01,9.99,4.99],"texture":"#glass","cullface":"Know2Good"}
		}
	},
	{
		"__comment":"Glass top top-left to bottom-right",
		"from":[8,15,6],
		"to":[9,15.5,7],
		"faces": {
			"up":{"uv":		[8.01,5.01,8.99,5.99],"texture":"#glass","cullface":"Know2Good"},
			"down":{"uv":	[8.01,5.01,8.99,5.99],"texture":"#glass","cullface":"Know2Good"},
			"north":{"uv":	[8.01,5.01,8.99,5.99],"texture":"#glass","cullface":"Know2Good"},
			"south":{"uv":	[8.01,5.01,8.99,5.99],"texture":"#glass","cullface":"Know2Good"},
			"west":{"uv":	[8.01,5.01,8.99,5.99],"texture":"#glass","cullface":"Know2Good"},
			"east":{"uv":	[8.01,5.01,8.99,5.99],"texture":"#glass","cullface":"Know2Good"}
		}
	},
	{
		"__comment":"Glass top top-left to bottom-right",
		"from":[7,15,7],
		"to":[8,15.25,8],
		"faces": {
			"up":{"uv":		[7.01,6.01,7.99,6.99],"texture":"#glass","cullface":"Know2Good"},
			"down":{"uv":	[7.01,6.01,7.99,6.99],"texture":"#glass","cullface":"Know2Good"},
			"north":{"uv":	[7.01,6.01,7.99,6.99],"texture":"#glass","cullface":"Know2Good"},
			"south":{"uv":	[7.01,6.01,7.99,6.99],"texture":"#glass","cullface":"Know2Good"},
			"west":{"uv":	[7.01,6.01,7.99,6.99],"texture":"#glass","cullface":"Know2Good"},
			"east":{"uv":	[7.01,6.01,7.99,6.99],"texture":"#glass","cullface":"Know2Good"}
		}
	},
	{
		"__comment":"Glass top top-left to bottom-right",
		"from":[6,15,8],
		"to":[7,15.25,9],
		"faces": {
			"up":{"uv":		[6.01,7.01,6.99,7.99],"texture":"#glass","cullface":"Know2Good"},
			"down":{"uv":	[6.01,7.01,6.99,7.99],"texture":"#glass","cullface":"Know2Good"},
			"north":{"uv":	[6.01,7.01,6.99,7.99],"texture":"#glass","cullface":"Know2Good"},
			"south":{"uv":	[6.01,7.01,6.99,7.99],"texture":"#glass","cullface":"Know2Good"},
			"west":{"uv":	[6.01,7.01,6.99,7.99],"texture":"#glass","cullface":"Know2Good"},
			"east":{"uv":	[6.01,7.01,6.99,7.99],"texture":"#glass","cullface":"Know2Good"}
		}
	},
	{
		"__comment":"Glass top top-left to bottom-right",
		"from":[13,15,5],
		"to":[14,15.25,6],
		"faces": {
			"up":{"uv":		[13.01,4.01,13.99,4.99],"texture":"#glass","cullface":"Know2Good"},
			"down":{"uv":	[13.01,4.01,13.99,4.99],"texture":"#glass","cullface":"Know2Good"},
			"north":{"uv":	[13.01,4.01,13.99,4.99],"texture":"#glass","cullface":"Know2Good"},
			"south":{"uv":	[13.01,4.01,13.99,4.99],"texture":"#glass","cullface":"Know2Good"},
			"west":{"uv":	[13.01,4.01,13.99,4.99],"texture":"#glass","cullface":"Know2Good"},
			"east":{"uv":	[13.01,4.01,13.99,4.99],"texture":"#glass","cullface":"Know2Good"}
		}
	},
	{
		"__comment":"Glass top top-left to bottom-right",
		"from":[12,15,6],
		"to":[13,15.25,7],
		"faces": {
			"up":{"uv":		[12.01,5.01,12.99,5.99],"texture":"#glass","cullface":"Know2Good"},
			"down":{"uv":	[12.01,5.01,12.99,5.99],"texture":"#glass","cullface":"Know2Good"},
			"north":{"uv":	[12.01,5.01,12.99,5.99],"texture":"#glass","cullface":"Know2Good"},
			"south":{"uv":	[12.01,5.01,12.99,5.99],"texture":"#glass","cullface":"Know2Good"},
			"west":{"uv":	[12.01,5.01,12.99,5.99],"texture":"#glass","cullface":"Know2Good"},
			"east":{"uv":	[12.01,5.01,12.99,5.99],"texture":"#glass","cullface":"Know2Good"}
		}
	},
	{
		"__comment":"Glass top top-left to bottom-right",
		"from":[8,15,10],
		"to":[9,15.5,11],
		"faces": {
			"up":{"uv":		[8.01,9.01,8.99,9.99],"texture":"#glass","cullface":"Know2Good"},
			"down":{"uv":	[8.01,9.01,8.99,9.99],"texture":"#glass","cullface":"Know2Good"},
			"north":{"uv":	[8.01,9.01,8.99,9.99],"texture":"#glass","cullface":"Know2Good"},
			"south":{"uv":	[8.01,9.01,8.99,9.99],"texture":"#glass","cullface":"Know2Good"},
			"west":{"uv":	[8.01,9.01,8.99,9.99],"texture":"#glass","cullface":"Know2Good"},
			"east":{"uv":	[8.01,9.01,8.99,9.99],"texture":"#glass","cullface":"Know2Good"}
		}
	},
	{
		"__comment":"Glass top top-left to bottom-right",
		"from":[7,15,11],
		"to":[8,15.5,12],
		"faces": {
			"up":{"uv":		[7.01,10.01,7.99,10.99],"texture":"#glass","cullface":"Know2Good"},
			"down":{"uv":	[7.01,10.01,7.99,10.99],"texture":"#glass","cullface":"Know2Good"},
			"north":{"uv":	[7.01,10.01,7.99,10.99],"texture":"#glass","cullface":"Know2Good"},
			"south":{"uv":	[7.01,10.01,7.99,10.99],"texture":"#glass","cullface":"Know2Good"},
			"west":{"uv":	[7.01,10.01,7.99,10.99],"texture":"#glass","cullface":"Know2Good"},
			"east":{"uv":	[7.01,10.01,7.99,10.99],"texture":"#glass","cullface":"Know2Good"}
		}
	},
	{
		"__comment":"Glass top top-left to bottom-right",
		"from":[6,15,12],
		"to":[7,15.25,13],
		"faces": {
			"up":{"uv":		[6.01,11.01,6.99,11.99],"texture":"#glass","cullface":"Know2Good"},
			"down":{"uv":	[6.01,11.01,6.99,11.99],"texture":"#glass","cullface":"Know2Good"},
			"north":{"uv":	[6.01,11.01,6.99,11.99],"texture":"#glass","cullface":"Know2Good"},
			"south":{"uv":	[6.01,11.01,6.99,11.99],"texture":"#glass","cullface":"Know2Good"},
			"west":{"uv":	[6.01,11.01,6.99,11.99],"texture":"#glass","cullface":"Know2Good"},
			"east":{"uv":	[6.01,11.01,6.99,11.99],"texture":"#glass","cullface":"Know2Good"}
		}
	},
	{
		"__comment":"Glass top top-left to bottom-right",
		"from":[13,15,11],
		"to":[14,15.5,12],
		"faces": {
			"up":{"uv":		[13.01,10.01,13.99,10.99],"texture":"#glass","cullface":"Know2Good"},
			"down":{"uv":	[13.01,10.01,13.99,10.99],"texture":"#glass","cullface":"Know2Good"},
			"north":{"uv":	[13.01,10.01,13.99,10.99],"texture":"#glass","cullface":"Know2Good"},
			"south":{"uv":	[13.01,10.01,13.99,10.99],"texture":"#glass","cullface":"Know2Good"},
			"west":{"uv":	[13.01,10.01,13.99,10.99],"texture":"#glass","cullface":"Know2Good"},
			"east":{"uv":	[13.01,10.01,13.99,10.99],"texture":"#glass","cullface":"Know2Good"}
		}
	},
	{
		"__comment":"Glass top top-left to bottom-right",
		"from":[12,15,12],
		"to":[13,15.5,13],
		"faces": {
			"up":{"uv":		[12.01,11.01,12.99,11.99],"texture":"#glass","cullface":"Know2Good"},
			"down":{"uv":	[12.01,11.01,12.99,11.99],"texture":"#glass","cullface":"Know2Good"},
			"north":{"uv":	[12.01,11.01,12.99,11.99],"texture":"#glass","cullface":"Know2Good"},
			"south":{"uv":	[12.01,11.01,12.99,11.99],"texture":"#glass","cullface":"Know2Good"},
			"west":{"uv":	[12.01,11.01,12.99,11.99],"texture":"#glass","cullface":"Know2Good"},
			"east":{"uv":	[12.01,11.01,12.99,11.99],"texture":"#glass","cullface":"Know2Good"}
		}
	},
	{
		"__comment":"Glass top top-left to bottom-right",
		"from":[11,15,13],
		"to":[12,15.5,14],
		"faces": {
			"up":{"uv":		[11.01,12.01,11.99,12.99],"texture":"#glass","cullface":"Know2Good"},
			"down":{"uv":	[11.01,12.01,11.99,12.99],"texture":"#glass","cullface":"Know2Good"},
			"north":{"uv":	[11.01,12.01,11.99,12.99],"texture":"#glass","cullface":"Know2Good"},
			"south":{"uv":	[11.01,12.01,11.99,12.99],"texture":"#glass","cullface":"Know2Good"},
			"west":{"uv":	[11.01,12.01,11.99,12.99],"texture":"#glass","cullface":"Know2Good"},
			"east":{"uv":	[11.01,12.01,11.99,12.99],"texture":"#glass","cullface":"Know2Good"}
            }
        }
    ]
}