{
"__comment":"Made by Know2Good, part of the 'Default 3D™' resource pack || Official download page: http://www.planetminecraft.com/texture_pack/default-3d-2985741/ || © Know2Good. All rights reserved. ",
"__comment":"No UV-bleed, OK coordinate, OK texture, OK cullface",

"textures": {
    "texture": 	"blocks/glass_cyan",
    "particle": "blocks/glass_cyan"
},
"elements":[
	{
		"__comment":"Top",
		"from":[7,15,7],
		"to":[9,16,9],
		"faces": {
			"north":{"uv":	[7.01,0.01,8.99,0.99],"texture":"#texture","cullface":"Know2Good"}
		}
	},
	{
		"__comment":"Top",
		"from":[7,0,7],
		"to":[9,1,9],
		"faces": {
			"north":{"uv":	[7.01,15.01,8.99,15.99],"texture":"#texture","cullface":"Know2Good"}
		}
	},
	{
		"__comment":"Main",
		"from":[7.5,1,7.5],
		"to":[8.5,15,8.5],
		"faces": {
			"north":{"uv":	[8.50,1.01,7.50,14.99],"texture":"#texture","cullface":"Know2Good"}
			}
		}
    ]
}