{
"__comment":"Made by Know2Good, part of the 'Default 3D™' resource pack || Official download page: http://www.planetminecraft.com/texture_pack/default-3d-2985741/ || © Know2Good. All rights reserved. ",
"__comment":"No UV-bleed, OK coordinate, OK texture, OK cullface",

"textures": {
    "texture": 	"blocks/planks_big_oak",
    "particle": "blocks/planks_big_oak"
},
"elements":[
	{
		"__comment":"The center post",
		"from":[6,0,6],
		"to":[10,16,10],
		"faces": {
			"down":{"uv":	[6.01,6.01,9.99,9.99],"texture":"#texture","cullface":"down"},
			"up":{"uv":		[6.01,6.01,9.99,9.99],"texture":"#texture","cullface":"up"},
			"north":{"uv":	[6.01,0.01,9.99,15.99],"texture":"#texture","cullface":"Know2Good"},
			"south":{"uv":	[6.01,0.01,9.99,15.99],"texture":"#texture","cullface":"Know2Good"},
			"west":{"uv":	[6.01,0.01,9.99,15.99],"texture":"#texture","cullface":"Know2Good"},
			"east":{"uv":	[6.01,0.01,9.99,15.99],"texture":"#texture","cullface":"Know2Good"}
		}
	},
	{
		"__comment":"Center top",
		"from":[6.002,16,6.002],
		"to":[9.998,16.5,9.998],
		"faces": {
			"up":{"uv":		[6.01,6.01,9.99,9.99],"texture":"#texture","cullface":"up"},
			"north":{"uv":	[6.01,6.01,9.99,6.99],"texture":"#texture","cullface":"up","rotation":180},
			"south":{"uv":	[6.01,9.01,9.99,9.99],"texture":"#texture","cullface":"up"},
			"west":{"uv":	[6.01,6.01,6.99,9.99],"texture":"#texture","cullface":"up","rotation":270},
			"east":{"uv":	[9.01,6.01,9.99,9.99],"texture":"#texture","cullface":"up","rotation":90}
		}
	},
	{
		"__comment":"North center plank 1",
		"from":[6,13,5.5],
		"to":[10,16,6],
		"faces": {
			"down":{"uv":	[6.01,2.01,9.99,2.99],"texture":"#texture","cullface":"Know2Good","rotation":180},
			"up":{"uv":		[6.01,0.01,9.99,0.99],"texture":"#texture","cullface":"Know2Good","rotation":180},
			"north":{"uv":	[6.01,0.01,9.99,2.99],"texture":"#texture","cullface":"Know2Good"},
			"west":{"uv":	[9.01,0.01,9.99,2.99],"texture":"#texture","cullface":"Know2Good"},
			"east":{"uv":	[6.01,0.01,6.99,2.99],"texture":"#texture","cullface":"Know2Good"}
		}
	},
	{
		"__comment":"North center plank 2",
		"from":[6,9,5.5],
		"to":[10,12,6],
		"faces": {
			"down":{"uv":	[6.01,6.01,9.99,6.99],"texture":"#texture","cullface":"Know2Good","rotation":180},
			"up":{"uv":		[6.01,4.01,9.99,4.99],"texture":"#texture","cullface":"Know2Good","rotation":180},
			"north":{"uv":	[6.01,4.01,9.99,6.99],"texture":"#texture","cullface":"Know2Good"},
			"west":{"uv":	[9.01,4.01,9.99,6.99],"texture":"#texture","cullface":"Know2Good"},
			"east":{"uv":	[6.01,4.01,6.99,6.99],"texture":"#texture","cullface":"Know2Good"}
		}
	},
	{
		"__comment":"North center plank 3",
		"from":[6,5,5.5],
		"to":[10,8,6],
		"faces": {
			"down":{"uv":	[6.01,10.01,9.99,10.99],"texture":"#texture","cullface":"Know2Good","rotation":180},
			"up":{"uv":		[6.01,8.01,9.99,8.99],"texture":"#texture","cullface":"Know2Good","rotation":180},
			"north":{"uv":	[6.01,8.01,9.99,10.99],"texture":"#texture","cullface":"Know2Good"},
			"west":{"uv":	[9.01,8.01,9.99,10.99],"texture":"#texture","cullface":"Know2Good"},
			"east":{"uv":	[6.01,8.01,6.99,10.99],"texture":"#texture","cullface":"Know2Good"}
		}
	},
	{
		"__comment":"North center plank 4",
		"from":[6,1,5.5],
		"to":[10,4,6],
		"faces": {
			"down":{"uv":	[6.01,14.01,9.99,14.99],"texture":"#texture","cullface":"Know2Good","rotation":180},
			"up":{"uv":		[6.01,12.01,9.99,12.99],"texture":"#texture","cullface":"Know2Good","rotation":180},
			"north":{"uv":	[6.01,12.01,9.99,14.99],"texture":"#texture","cullface":"Know2Good"},
			"west":{"uv":	[9.01,12.01,9.99,14.99],"texture":"#texture","cullface":"Know2Good"},
			"east":{"uv":	[6.01,12.01,6.99,14.99],"texture":"#texture","cullface":"Know2Good"}
		}
	},
	{
		"__comment":"East center plank 1",
		"from":[10,13,6],
		"to":[10.5,16,10],
		"faces": {
			"down":{"uv":	[6.01,2.01,9.99,2.99],"texture":"#texture","cullface":"Know2Good","rotation":90},
			"up":{"uv":		[6.01,0.01,9.99,0.99],"texture":"#texture","cullface":"Know2Good","rotation":270},
			"north":{"uv":	[9.01,0.01,9.99,2.99],"texture":"#texture","cullface":"Know2Good"},
			"south":{"uv":	[6.01,0.01,6.99,2.99],"texture":"#texture","cullface":"Know2Good"},
			"east":{"uv":	[6.01,0.01,9.99,2.99],"texture":"#texture","cullface":"Know2Good"}
		}
	},
	{
		"__comment":"East center plank 2",
		"from":[10,9,6],
		"to":[10.5,12,10],
		"faces": {
			"down":{"uv":	[6.01,6.01,9.99,6.99],"texture":"#texture","cullface":"Know2Good","rotation":90},
			"up":{"uv":		[6.01,4.01,9.99,4.99],"texture":"#texture","cullface":"Know2Good","rotation":270},
			"north":{"uv":	[9.01,4.01,9.99,6.99],"texture":"#texture","cullface":"Know2Good"},
			"south":{"uv":	[6.01,4.01,6.99,6.99],"texture":"#texture","cullface":"Know2Good"},
			"east":{"uv":	[6.01,4.01,9.99,6.99],"texture":"#texture","cullface":"Know2Good"}
		}
	},
	{
		"__comment":"East center plank 3",
		"from":[10,5,6],
		"to":[10.5,8,10],
		"faces": {
			"down":{"uv":	[6.01,10.01,9.99,10.99],"texture":"#texture","cullface":"Know2Good","rotation":90},
			"up":{"uv":		[6.01,8.01,9.99,8.99],"texture":"#texture","cullface":"Know2Good","rotation":270},
			"north":{"uv":	[9.01,8.01,9.99,10.99],"texture":"#texture","cullface":"Know2Good"},
			"south":{"uv":	[6.01,8.01,6.99,10.99],"texture":"#texture","cullface":"Know2Good"},
			"east":{"uv":	[6.01,8.01,9.99,10.99],"texture":"#texture","cullface":"Know2Good"}
		}
	},
	{
		"__comment":"East center plank 4",
		"from":[10,1,6],
		"to":[10.5,4,10],
		"faces": {
			"down":{"uv":	[6.01,14.01,9.99,14.99],"texture":"#texture","cullface":"Know2Good","rotation":90},
			"up":{"uv":		[6.01,12.01,9.99,12.99],"texture":"#texture","cullface":"Know2Good","rotation":270},
			"north":{"uv":	[9.01,12.01,9.99,14.99],"texture":"#texture","cullface":"Know2Good"},
			"south":{"uv":	[6.01,12.01,6.99,14.99],"texture":"#texture","cullface":"Know2Good"},
			"east":{"uv":	[6.01,12.01,9.99,14.99],"texture":"#texture","cullface":"Know2Good"}
		}
	},
	{
		"__comment":"South center plank 1",
		"from":[6,13,10],
		"to":[10,16,10.5],
		"faces": {
			"down":{"uv":	[6.01,2.01,9.99,2.99],"texture":"#texture","cullface":"Know2Good"},
			"up":{"uv":		[6.01,0.01,9.99,0.99],"texture":"#texture","cullface":"Know2Good"},
			"south":{"uv":	[6.01,0.01,9.99,2.99],"texture":"#texture","cullface":"Know2Good"},
			"west":{"uv":	[6.01,0.01,6.99,2.99],"texture":"#texture","cullface":"Know2Good"},
			"east":{"uv":	[9.01,0.01,9.99,2.99],"texture":"#texture","cullface":"Know2Good"}
		}
	},
	{
		"__comment":"South center plank 2",
		"from":[6,9,10],
		"to":[10,12,10.5],
		"faces": {
			"down":{"uv":	[6.01,6.01,9.99,6.99],"texture":"#texture","cullface":"Know2Good"},
			"up":{"uv":		[6.01,4.01,9.99,4.99],"texture":"#texture","cullface":"Know2Good"},
			"south":{"uv":	[6.01,4.01,9.99,6.99],"texture":"#texture","cullface":"Know2Good"},
			"west":{"uv":	[6.01,4.01,6.99,6.99],"texture":"#texture","cullface":"Know2Good"},
			"east":{"uv":	[9.01,4.01,9.99,6.99],"texture":"#texture","cullface":"Know2Good"}
		}
	},
	{
		"__comment":"South center plank 3",
		"from":[6,5,10],
		"to":[10,8,10.5],
		"faces": {
			"down":{"uv":	[6.01,10.01,9.99,10.99],"texture":"#texture","cullface":"Know2Good"},
			"up":{"uv":		[6.01,8.01,9.99,8.99],"texture":"#texture","cullface":"Know2Good"},
			"south":{"uv":	[6.01,8.01,9.99,10.99],"texture":"#texture","cullface":"Know2Good"},
			"west":{"uv":	[6.01,8.01,6.99,10.99],"texture":"#texture","cullface":"Know2Good"},
			"east":{"uv":	[9.01,8.01,9.99,10.99],"texture":"#texture","cullface":"Know2Good"}
		}
	},
	{
		"__comment":"South center plank 4",
		"from":[6,1,10],
		"to":[10,4,10.5],
		"faces": {
			"down":{"uv":	[6.01,14.01,9.99,14.99],"texture":"#texture","cullface":"Know2Good"},
			"up":{"uv":		[6.01,12.01,9.99,12.99],"texture":"#texture","cullface":"Know2Good"},
			"south":{"uv":	[6.01,12.01,9.99,14.99],"texture":"#texture","cullface":"Know2Good"},
			"west":{"uv":	[6.01,12.01,6.99,14.99],"texture":"#texture","cullface":"Know2Good"},
			"east":{"uv":	[9.01,12.01,9.99,14.99],"texture":"#texture","cullface":"Know2Good"}
		}
	},
	{
		"__comment":"West center plank 1",
		"from":[5.5,13,6],
		"to":[6,16,10],
		"faces": {
			"down":{"uv":	[6.01,2.01,9.99,2.99],"texture":"#texture","cullface":"Know2Good","rotation":270},
			"up":{"uv":		[6.01,0.01,9.99,0.99],"texture":"#texture","cullface":"Know2Good","rotation":90},
			"north":{"uv":	[6.01,0.01,6.99,2.99],"texture":"#texture","cullface":"Know2Good"},
			"south":{"uv":	[9.01,0.01,9.99,2.99],"texture":"#texture","cullface":"Know2Good"},
			"west":{"uv":	[6.01,0.01,9.99,2.99],"texture":"#texture","cullface":"Know2Good"}
		}
	},
	{
		"__comment":"West center plank 2",
		"from":[5.5,9,6],
		"to":[6,12,10],
		"faces": {
			"down":{"uv":	[6.01,6.01,9.99,6.99],"texture":"#texture","cullface":"Know2Good","rotation":270},
			"up":{"uv":		[6.01,4.01,9.99,4.99],"texture":"#texture","cullface":"Know2Good","rotation":90},
			"north":{"uv":	[6.01,4.01,6.99,6.99],"texture":"#texture","cullface":"Know2Good"},
			"south":{"uv":	[9.01,4.01,9.99,6.99],"texture":"#texture","cullface":"Know2Good"},
			"west":{"uv":	[6.01,4.01,9.99,6.99],"texture":"#texture","cullface":"Know2Good"}
		}
	},
	{
		"__comment":"West center plank 3",
		"from":[5.5,5,6],
		"to":[6,8,10],
		"faces": {
			"down":{"uv":	[6.01,10.01,9.99,10.99],"texture":"#texture","cullface":"Know2Good","rotation":270},
			"up":{"uv":		[6.01,8.01,9.99,8.99],"texture":"#texture","cullface":"Know2Good","rotation":90},
			"north":{"uv":	[6.01,8.01,6.99,10.99],"texture":"#texture","cullface":"Know2Good"},
			"south":{"uv":	[9.01,8.01,9.99,10.99],"texture":"#texture","cullface":"Know2Good"},
			"west":{"uv":	[6.01,8.01,9.99,10.99],"texture":"#texture","cullface":"Know2Good"}
		}
	},
	{
		"__comment":"West center plank 4",
		"from":[5.5,1,6],
		"to":[6,4,10],
		"faces": {
			"down":{"uv":	[6.01,14.01,9.99,14.99],"texture":"#texture","cullface":"Know2Good","rotation":270},
			"up":{"uv":		[6.01,12.01,9.99,12.99],"texture":"#texture","cullface":"Know2Good","rotation":90},
			"north":{"uv":	[6.01,12.01,6.99,14.99],"texture":"#texture","cullface":"Know2Good"},
			"south":{"uv":	[9.01,12.01,9.99,14.99],"texture":"#texture","cullface":"Know2Good"},
			"west":{"uv":	[6.01,12.01,9.99,14.99],"texture":"#texture","cullface":"Know2Good"}
            }
        }
    ]
}