{
"__comment":"Made by Know2Good, part of the 'Default 3D™' resource pack || Official download page: http://www.planetminecraft.com/texture_pack/default-3d-2985741/ || © Know2Good. All rights reserved. ",
"__comment":"No UV-bleed, OK coordinate, OK texture, OK cullface",
"ambientocclusion": false,

"textures": {
	"bottom": 		"blocks/double_plant_syringa_bottom",
	"top": 			"blocks/double_plant_syringa_top",
	"particle":		"blocks/double_plant_syringa_top"
},
"elements":[
	{
		"__comment": "Stem bottom to top",
		"from": [7.5,0,7.5],
		"to": [8.5,6,8.5],
		"faces": {
			"up":{"uv":		[8.01,10.01,8.99,10.99],"texture":"#bottom","cullface":"Know2Good"},
			"north":{"uv":	[8.01,10.01,8.99,15.99],"texture":"#bottom","cullface":"Know2Good"},
			"south":{"uv":	[8.01,10.01,8.99,15.99],"texture":"#bottom","cullface":"Know2Good"},
			"west":{"uv":	[8.01,10.01,8.99,15.99],"texture":"#bottom","cullface":"Know2Good"},
			"east":{"uv":	[8.01,10.01,8.99,15.99],"texture":"#bottom","cullface":"Know2Good"}
		}
	},
	{
		"__comment": "Stem bottom to top",
		"from": [6.5,6,7.5],
		"to": [7.5,13,8.5],
		"faces": {
			"up":{"uv":		[7.01,3.01,7.99,3.99],"texture":"#bottom","cullface":"Know2Good"},
			"down":{"uv":	[7.01,9.01,7.99,9.99],"texture":"#bottom","cullface":"Know2Good"},
			"north":{"uv":	[7.01,3.01,7.99,9.99],"texture":"#bottom","cullface":"Know2Good"},
			"south":{"uv":	[7.01,3.01,7.99,9.99],"texture":"#bottom","cullface":"Know2Good"},
			"west":{"uv":	[7.01,3.01,7.99,9.99],"texture":"#bottom","cullface":"Know2Good"},
			"east":{"uv":	[7.01,3.01,7.99,9.99],"texture":"#bottom","cullface":"Know2Good"}
		}
	},
	{
		"__comment": "Stem bottom to top",
		"from": [7.5,13,7.5],
		"to": [8.5,16,8.5],
		"faces": {
			"down":{"uv":	[8.01,2.01,8.99,2.99],"texture":"#bottom","cullface":"Know2Good"},
			"north":{"uv":	[8.01,0.01,8.99,2.99],"texture":"#bottom","cullface":"Know2Good"},
			"south":{"uv":	[8.01,0.01,8.99,2.99],"texture":"#bottom","cullface":"Know2Good"},
			"west":{"uv":	[8.01,0.01,8.99,2.99],"texture":"#bottom","cullface":"Know2Good"},
			"east":{"uv":	[8.01,0.01,8.99,2.99],"texture":"#bottom","cullface":"Know2Good"}
		}
	},
	{
		"__comment": "Stem bottom to top",
		"from": [7.5,16,7.5],
		"to": [8.5,26,8.5],
		"faces": {
			"up":{"uv":		[8.01,6.01,8.99,6.99],"texture":"#top","cullface":"Know2Good"},
			"north":{"uv":	[8.01,6.01,8.99,15.99],"texture":"#top","cullface":"Know2Good"},
			"south":{"uv":	[8.01,6.01,8.99,15.99],"texture":"#top","cullface":"Know2Good"},
			"west":{"uv":	[8.01,6.01,8.99,15.99],"texture":"#top","cullface":"Know2Good"},
			"east":{"uv":	[8.01,6.01,8.99,15.99],"texture":"#top","cullface":"Know2Good"}
		}
	},
	{
		"__comment": "Flowers bottom left to top right",
		"from": [8.5,3,7.5],
		"to": [9.5,4,8.5],
		"faces": {
			"down":{"uv":	[9.01,12.01,9.99,12.99],"texture":"#bottom","cullface":"Know2Good"},
			"up":{"uv":		[9.01,12.01,9.99,12.99],"texture":"#bottom","cullface":"Know2Good"},
			"north":{"uv":	[9.01,12.01,9.99,12.99],"texture":"#bottom","cullface":"Know2Good"},
			"south":{"uv":	[9.01,12.01,9.99,12.99],"texture":"#bottom","cullface":"Know2Good"},
			"east":{"uv":	[9.01,12.01,9.99,12.99],"texture":"#bottom","cullface":"Know2Good"}
		}
	},
	{
		"__comment": "Flowers bottom left to top right",
		"from": [9.5,4,8],
		"to": [10.5,5,9],
		"faces": {
			"down":{"uv":	[10.01,11.01,10.99,11.99],"texture":"#bottom","cullface":"Know2Good"},
			"up":{"uv":		[10.01,11.01,10.99,11.99],"texture":"#bottom","cullface":"Know2Good"},
			"north":{"uv":	[10.01,11.01,10.99,11.99],"texture":"#bottom","cullface":"Know2Good"},
			"south":{"uv":	[10.01,11.01,10.99,11.99],"texture":"#bottom","cullface":"Know2Good"},
			"west":{"uv":	[10.01,11.01,10.99,11.99],"texture":"#bottom","cullface":"Know2Good"},
			"east":{"uv":	[10.01,11.01,10.99,11.99],"texture":"#bottom","cullface":"Know2Good"}
		}
	},
	{
		"__comment": "Flowers bottom left to top right",
		"from": [6.5,3,7.5],
		"to": [7.5,4,8.5],
		"faces": {
			"down":{"uv":	[7.01,12.01,7.99,12.99],"texture":"#bottom","cullface":"Know2Good"},
			"up":{"uv":		[7.01,12.01,7.99,12.99],"texture":"#bottom","cullface":"Know2Good"},
			"north":{"uv":	[7.01,12.01,7.99,12.99],"texture":"#bottom","cullface":"Know2Good"},
			"south":{"uv":	[7.01,12.01,7.99,12.99],"texture":"#bottom","cullface":"Know2Good"},
			"west":{"uv":	[7.01,12.01,7.99,12.99],"texture":"#bottom","cullface":"Know2Good"}
		}
	},
	{
		"__comment": "Flowers bottom left to top right",
		"from": [3.5,4,6.25],
		"to": [4.5,5,8.75],
		"faces": {
			"down":{"uv":	[4.01,11.01,4.99,11.99],"texture":"#bottom","cullface":"Know2Good"},
			"up":{"uv":		[4.01,11.01,4.99,11.99],"texture":"#bottom","cullface":"Know2Good"},
			"north":{"uv":	[4.01,11.01,4.99,11.99],"texture":"#bottom","cullface":"Know2Good"},
			"south":{"uv":	[4.01,11.01,4.99,11.99],"texture":"#bottom","cullface":"Know2Good"},
			"west":{"uv":	[4.01,11.01,4.99,11.99],"texture":"#bottom","cullface":"Know2Good"},
			"east":{"uv":	[4.01,11.01,4.99,11.99],"texture":"#bottom","cullface":"Know2Good"}
		}
	},
	{
		"__comment": "Flowers bottom left to top right",
		"from": [4.5,4,6.5],
		"to": [5.5,5,8.5],
		"faces": {
			"down":{"uv":	[5.01,11.01,5.99,11.99],"texture":"#bottom","cullface":"Know2Good"},
			"up":{"uv":		[5.01,11.01,5.99,11.99],"texture":"#bottom","cullface":"Know2Good"},
			"north":{"uv":	[5.01,11.01,5.99,11.99],"texture":"#bottom","cullface":"Know2Good"},
			"south":{"uv":	[5.01,11.01,5.99,11.99],"texture":"#bottom","cullface":"Know2Good"},
			"west":{"uv":	[5.01,11.01,5.99,11.99],"texture":"#bottom","cullface":"Know2Good"},
			"east":{"uv":	[5.01,11.01,5.99,11.99],"texture":"#bottom","cullface":"Know2Good"}
		}
	},
	{
		"__comment": "Flowers bottom left to top right",
		"from": [5.5,4,7],
		"to": [6.5,5,8],
		"faces": {
			"down":{"uv":	[6.01,11.01,6.99,11.99],"texture":"#bottom","cullface":"Know2Good"},
			"up":{"uv":		[6.01,11.01,6.99,11.99],"texture":"#bottom","cullface":"Know2Good"},
			"north":{"uv":	[6.01,11.01,6.99,11.99],"texture":"#bottom","cullface":"Know2Good"},
			"south":{"uv":	[6.01,11.01,6.99,11.99],"texture":"#bottom","cullface":"Know2Good"},
			"west":{"uv":	[6.01,11.01,6.99,11.99],"texture":"#bottom","cullface":"Know2Good"},
			"east":{"uv":	[6.01,11.01,6.99,11.99],"texture":"#bottom","cullface":"Know2Good"}
		}
	},
	{
		"__comment": "Flowers bottom left to top right",
		"from": [2.5,5,6.25],
		"to": [3.5,6,8.75],
		"faces": {
			"down":{"uv":	[3.01,10.01,3.99,10.99],"texture":"#bottom","cullface":"Know2Good"},
			"up":{"uv":		[3.01,10.01,3.99,10.99],"texture":"#bottom","cullface":"Know2Good"},
			"north":{"uv":	[3.01,10.01,3.99,10.99],"texture":"#bottom","cullface":"Know2Good"},
			"south":{"uv":	[3.01,10.01,3.99,10.99],"texture":"#bottom","cullface":"Know2Good"},
			"west":{"uv":	[3.01,10.01,3.99,10.99],"texture":"#bottom","cullface":"Know2Good"},
			"east":{"uv":	[3.01,10.01,3.99,10.99],"texture":"#bottom","cullface":"Know2Good"}
		}
	},
	{
		"__comment": "Flowers bottom left to top right",
		"from": [3.5,5,6.5],
		"to": [4.5,6,8.5],
		"faces": {
			"down":{"uv":	[4.01,10.01,4.99,10.99],"texture":"#bottom","cullface":"Know2Good"},
			"up":{"uv":		[4.01,10.01,4.99,10.99],"texture":"#bottom","cullface":"Know2Good"},
			"north":{"uv":	[4.01,10.01,4.99,10.99],"texture":"#bottom","cullface":"Know2Good"},
			"south":{"uv":	[4.01,10.01,4.99,10.99],"texture":"#bottom","cullface":"Know2Good"},
			"west":{"uv":	[4.01,10.01,4.99,10.99],"texture":"#bottom","cullface":"Know2Good"},
			"east":{"uv":	[4.01,10.01,4.99,10.99],"texture":"#bottom","cullface":"Know2Good"}
		}
	},
	{
		"__comment": "Flowers bottom left to top right",
		"from": [4.5,5,7],
		"to": [5.5,6,8],
		"faces": {
			"down":{"uv":	[5.01,10.01,5.99,10.99],"texture":"#bottom","cullface":"Know2Good"},
			"up":{"uv":		[5.01,10.01,5.99,10.99],"texture":"#bottom","cullface":"Know2Good"},
			"north":{"uv":	[5.01,10.01,5.99,10.99],"texture":"#bottom","cullface":"Know2Good"},
			"south":{"uv":	[5.01,10.01,5.99,10.99],"texture":"#bottom","cullface":"Know2Good"},
			"west":{"uv":	[5.01,10.01,5.99,10.99],"texture":"#bottom","cullface":"Know2Good"},
			"east":{"uv":	[5.01,10.01,5.99,10.99],"texture":"#bottom","cullface":"Know2Good"}
		}
	},
	{
		"__comment": "Flowers bottom left to top right",
		"from": [5.5,5,6],
		"to": [6.5,6,9],
		"faces": {
			"down":{"uv":	[6.01,10.01,6.99,10.99],"texture":"#bottom","cullface":"Know2Good"},
			"up":{"uv":		[6.01,10.01,6.99,10.99],"texture":"#bottom","cullface":"Know2Good"},
			"north":{"uv":	[6.01,10.01,6.99,10.99],"texture":"#bottom","cullface":"Know2Good"},
			"south":{"uv":	[6.01,10.01,6.99,10.99],"texture":"#bottom","cullface":"Know2Good"},
			"west":{"uv":	[6.01,10.01,6.99,10.99],"texture":"#bottom","cullface":"Know2Good"},
			"east":{"uv":	[6.01,10.01,6.99,10.99],"texture":"#bottom","cullface":"Know2Good"}
		}
	},
	{
		"__comment": "Flowers bottom left to top right",
		"from": [1.5,6,6],
		"to": [2.5,7,9],
		"faces": {
			"down":{"uv":	[2.01,9.01,2.99,9.99],"texture":"#bottom","cullface":"Know2Good"},
			"up":{"uv":		[2.01,9.01,2.99,9.99],"texture":"#bottom","cullface":"Know2Good"},
			"north":{"uv":	[2.01,9.01,2.99,9.99],"texture":"#bottom","cullface":"Know2Good"},
			"south":{"uv":	[2.01,9.01,2.99,9.99],"texture":"#bottom","cullface":"Know2Good"},
			"west":{"uv":	[2.01,9.01,2.99,9.99],"texture":"#bottom","cullface":"Know2Good"},
			"east":{"uv":	[2.01,9.01,2.99,9.99],"texture":"#bottom","cullface":"Know2Good"}
		}
	},
	{
		"__comment": "Flowers bottom left to top right",
		"from": [2.5,6,6.5],
		"to": [3.5,7,8.5],
		"faces": {
			"down":{"uv":	[3.01,9.01,3.99,9.99],"texture":"#bottom","cullface":"Know2Good"},
			"up":{"uv":		[3.01,9.01,3.99,9.99],"texture":"#bottom","cullface":"Know2Good"},
			"north":{"uv":	[3.01,9.01,3.99,9.99],"texture":"#bottom","cullface":"Know2Good"},
			"south":{"uv":	[3.01,9.01,3.99,9.99],"texture":"#bottom","cullface":"Know2Good"},
			"west":{"uv":	[3.01,9.01,3.99,9.99],"texture":"#bottom","cullface":"Know2Good"},
			"east":{"uv":	[3.01,9.01,3.99,9.99],"texture":"#bottom","cullface":"Know2Good"}
		}
	},
	{
		"__comment": "Flowers bottom left to top right",
		"from": [3.5,6,6.75],
		"to": [4.5,7,8.25],
		"faces": {
			"down":{"uv":	[4.01,9.01,4.99,9.99],"texture":"#bottom","cullface":"Know2Good"},
			"up":{"uv":		[4.01,9.01,4.99,9.99],"texture":"#bottom","cullface":"Know2Good"},
			"north":{"uv":	[4.01,9.01,4.99,9.99],"texture":"#bottom","cullface":"Know2Good"},
			"south":{"uv":	[4.01,9.01,4.99,9.99],"texture":"#bottom","cullface":"Know2Good"},
			"west":{"uv":	[4.01,9.01,4.99,9.99],"texture":"#bottom","cullface":"Know2Good"},
			"east":{"uv":	[4.01,9.01,4.99,9.99],"texture":"#bottom","cullface":"Know2Good"}
		}
	},
	{
		"__comment": "Flowers bottom left to top right",
		"from": [4.5,6,6.5],
		"to": [5.5,7,8.5],
		"faces": {
			"down":{"uv":	[5.01,9.01,5.99,9.99],"texture":"#bottom","cullface":"Know2Good"},
			"up":{"uv":		[5.01,9.01,5.99,9.99],"texture":"#bottom","cullface":"Know2Good"},
			"north":{"uv":	[5.01,9.01,5.99,9.99],"texture":"#bottom","cullface":"Know2Good"},
			"south":{"uv":	[5.01,9.01,5.99,9.99],"texture":"#bottom","cullface":"Know2Good"},
			"west":{"uv":	[5.01,9.01,5.99,9.99],"texture":"#bottom","cullface":"Know2Good"},
			"east":{"uv":	[5.01,9.01,5.99,9.99],"texture":"#bottom","cullface":"Know2Good"}
		}
	},
	{
		"__comment": "Flowers bottom left to top right",
		"from": [1.5,7,6.5],
		"to": [2.5,8,8.5],
		"faces": {
			"down":{"uv":	[2.01,8.01,2.99,8.99],"texture":"#bottom","cullface":"Know2Good"},
			"up":{"uv":		[2.01,8.01,2.99,8.99],"texture":"#bottom","cullface":"Know2Good"},
			"north":{"uv":	[2.01,8.01,2.99,8.99],"texture":"#bottom","cullface":"Know2Good"},
			"south":{"uv":	[2.01,8.01,2.99,8.99],"texture":"#bottom","cullface":"Know2Good"},
			"west":{"uv":	[2.01,8.01,2.99,8.99],"texture":"#bottom","cullface":"Know2Good"},
			"east":{"uv":	[2.01,8.01,2.99,8.99],"texture":"#bottom","cullface":"Know2Good"}
		}
	},
	{
		"__comment": "Flowers bottom left to top right",
		"from": [2.5,7,6.75],
		"to": [3.5,8,8.25],
		"faces": {
			"down":{"uv":	[3.01,8.01,3.99,8.99],"texture":"#bottom","cullface":"Know2Good"},
			"up":{"uv":		[3.01,8.01,3.99,8.99],"texture":"#bottom","cullface":"Know2Good"},
			"north":{"uv":	[3.01,8.01,3.99,8.99],"texture":"#bottom","cullface":"Know2Good"},
			"south":{"uv":	[3.01,8.01,3.99,8.99],"texture":"#bottom","cullface":"Know2Good"},
			"west":{"uv":	[3.01,8.01,3.99,8.99],"texture":"#bottom","cullface":"Know2Good"},
			"east":{"uv":	[3.01,8.01,3.99,8.99],"texture":"#bottom","cullface":"Know2Good"}
		}
	},
	{
		"__comment": "Flowers bottom left to top right",
		"from": [8.5,6,7.5],
		"to": [9.5,7,8.5],
		"faces": {
			"down":{"uv":	[9.01,9.01,9.99,9.99],"texture":"#bottom","cullface":"Know2Good"},
			"up":{"uv":		[9.01,9.01,9.99,9.99],"texture":"#bottom","cullface":"Know2Good"},
			"north":{"uv":	[9.01,9.01,9.99,9.99],"texture":"#bottom","cullface":"Know2Good"},
			"south":{"uv":	[9.01,9.01,9.99,9.99],"texture":"#bottom","cullface":"Know2Good"},
			"west":{"uv":	[9.01,9.01,9.99,9.99],"texture":"#bottom","cullface":"Know2Good"},
			"east":{"uv":	[9.01,9.01,9.99,9.99],"texture":"#bottom","cullface":"Know2Good"}
		}
	},
	{
		"__comment": "Flowers bottom left to top right",
		"from": [9.5,6,7],
		"to": [10.5,7,9],
		"faces": {
			"down":{"uv":	[10.01,9.01,10.99,9.99],"texture":"#bottom","cullface":"Know2Good"},
			"up":{"uv":		[10.01,9.01,10.99,9.99],"texture":"#bottom","cullface":"Know2Good"},
			"north":{"uv":	[10.01,9.01,10.99,9.99],"texture":"#bottom","cullface":"Know2Good"},
			"south":{"uv":	[10.01,9.01,10.99,9.99],"texture":"#bottom","cullface":"Know2Good"},
			"west":{"uv":	[10.01,9.01,10.99,9.99],"texture":"#bottom","cullface":"Know2Good"},
			"east":{"uv":	[10.01,9.01,10.99,9.99],"texture":"#bottom","cullface":"Know2Good"}
		}
	},
	{
		"__comment": "Flowers bottom left to top right",
		"from": [10.5,6,6.75],
		"to": [11.5,7,9.25],
		"faces": {
			"down":{"uv":	[11.01,9.01,11.99,9.99],"texture":"#bottom","cullface":"Know2Good"},
			"up":{"uv":		[11.01,9.01,11.99,9.99],"texture":"#bottom","cullface":"Know2Good"},
			"north":{"uv":	[11.01,9.01,11.99,9.99],"texture":"#bottom","cullface":"Know2Good"},
			"south":{"uv":	[11.01,9.01,11.99,9.99],"texture":"#bottom","cullface":"Know2Good"},
			"west":{"uv":	[11.01,9.01,11.99,9.99],"texture":"#bottom","cullface":"Know2Good"},
			"east":{"uv":	[11.01,9.01,11.99,9.99],"texture":"#bottom","cullface":"Know2Good"}
		}
	},
	{
		"__comment": "Flowers bottom left to top right",
		"from": [8.5,7,6.75],
		"to": [9.5,8,9.25],
		"faces": {
			"down":{"uv":	[9.01,8.01,9.99,8.99],"texture":"#bottom","cullface":"Know2Good"},
			"up":{"uv":		[9.01,8.01,9.99,8.99],"texture":"#bottom","cullface":"Know2Good"},
			"north":{"uv":	[9.01,8.01,9.99,8.99],"texture":"#bottom","cullface":"Know2Good"},
			"south":{"uv":	[9.01,8.01,9.99,8.99],"texture":"#bottom","cullface":"Know2Good"},
			"west":{"uv":	[9.01,8.01,9.99,8.99],"texture":"#bottom","cullface":"Know2Good"},
			"east":{"uv":	[9.01,8.01,9.99,8.99],"texture":"#bottom","cullface":"Know2Good"}
		}
	},
	{
		"__comment": "Flowers bottom left to top right",
		"from": [9.5,7,7.5],
		"to": [10.5,8,8.5],
		"faces": {
			"down":{"uv":	[10.01,8.01,10.99,8.99],"texture":"#bottom","cullface":"Know2Good"},
			"up":{"uv":		[10.01,8.01,10.99,8.99],"texture":"#bottom","cullface":"Know2Good"},
			"north":{"uv":	[10.01,8.01,10.99,8.99],"texture":"#bottom","cullface":"Know2Good"},
			"south":{"uv":	[10.01,8.01,10.99,8.99],"texture":"#bottom","cullface":"Know2Good"},
			"west":{"uv":	[10.01,8.01,10.99,8.99],"texture":"#bottom","cullface":"Know2Good"},
			"east":{"uv":	[10.01,8.01,10.99,8.99],"texture":"#bottom","cullface":"Know2Good"}
		}
	},
	{
		"__comment": "Flowers bottom left to top right",
		"from": [10.5,7,7],
		"to": [11.5,8,9],
		"faces": {
			"down":{"uv":	[11.01,8.01,11.99,8.99],"texture":"#bottom","cullface":"Know2Good"},
			"up":{"uv":		[11.01,8.01,11.99,8.99],"texture":"#bottom","cullface":"Know2Good"},
			"north":{"uv":	[11.01,8.01,11.99,8.99],"texture":"#bottom","cullface":"Know2Good"},
			"south":{"uv":	[11.01,8.01,11.99,8.99],"texture":"#bottom","cullface":"Know2Good"},
			"west":{"uv":	[11.01,8.01,11.99,8.99],"texture":"#bottom","cullface":"Know2Good"},
			"east":{"uv":	[11.01,8.01,11.99,8.99],"texture":"#bottom","cullface":"Know2Good"}
		}
	},
	{
		"__comment": "Flowers bottom left to top right",
		"from": [11.5,7,6.5],
		"to": [12.5,8,9.5],
		"faces": {
			"down":{"uv":	[12.01,8.01,12.99,8.99],"texture":"#bottom","cullface":"Know2Good"},
			"up":{"uv":		[12.01,8.01,12.99,8.99],"texture":"#bottom","cullface":"Know2Good"},
			"north":{"uv":	[12.01,8.01,12.99,8.99],"texture":"#bottom","cullface":"Know2Good"},
			"south":{"uv":	[12.01,8.01,12.99,8.99],"texture":"#bottom","cullface":"Know2Good"},
			"west":{"uv":	[12.01,8.01,12.99,8.99],"texture":"#bottom","cullface":"Know2Good"},
			"east":{"uv":	[12.01,8.01,12.99,8.99],"texture":"#bottom","cullface":"Know2Good"}
		}
	},
	{
		"__comment": "Flowers bottom left to top right",
		"from": [9.5,8,7],
		"to": [10.5,9,9],
		"faces": {
			"down":{"uv":	[10.01,7.01,10.99,7.99],"texture":"#bottom","cullface":"Know2Good"},
			"up":{"uv":		[10.01,7.01,10.99,7.99],"texture":"#bottom","cullface":"Know2Good"},
			"north":{"uv":	[10.01,7.01,10.99,7.99],"texture":"#bottom","cullface":"Know2Good"},
			"south":{"uv":	[10.01,7.01,10.99,7.99],"texture":"#bottom","cullface":"Know2Good"},
			"west":{"uv":	[10.01,7.01,10.99,7.99],"texture":"#bottom","cullface":"Know2Good"},
			"east":{"uv":	[10.01,7.01,10.99,7.99],"texture":"#bottom","cullface":"Know2Good"}
		}
	},
	{
		"__comment": "Flowers bottom left to top right",
		"from": [10.5,8,6.75],
		"to": [11.5,9,9.25],
		"faces": {
			"down":{"uv":	[11.01,7.01,11.99,7.99],"texture":"#bottom","cullface":"Know2Good"},
			"up":{"uv":		[11.01,7.01,11.99,7.99],"texture":"#bottom","cullface":"Know2Good"},
			"north":{"uv":	[11.01,7.01,11.99,7.99],"texture":"#bottom","cullface":"Know2Good"},
			"south":{"uv":	[11.01,7.01,11.99,7.99],"texture":"#bottom","cullface":"Know2Good"},
			"west":{"uv":	[11.01,7.01,11.99,7.99],"texture":"#bottom","cullface":"Know2Good"},
			"east":{"uv":	[11.01,7.01,11.99,7.99],"texture":"#bottom","cullface":"Know2Good"}
		}
	},
	{
		"__comment": "Flowers bottom left to top right",
		"from": [11.5,8,7],
		"to": [12.5,9,9],
		"faces": {
			"down":{"uv":	[12.01,7.01,12.99,7.99],"texture":"#bottom","cullface":"Know2Good"},
			"up":{"uv":		[12.01,7.01,12.99,7.99],"texture":"#bottom","cullface":"Know2Good"},
			"north":{"uv":	[12.01,7.01,12.99,7.99],"texture":"#bottom","cullface":"Know2Good"},
			"south":{"uv":	[12.01,7.01,12.99,7.99],"texture":"#bottom","cullface":"Know2Good"},
			"west":{"uv":	[12.01,7.01,12.99,7.99],"texture":"#bottom","cullface":"Know2Good"},
			"east":{"uv":	[12.01,7.01,12.99,7.99],"texture":"#bottom","cullface":"Know2Good"}
		}
	},
	{
		"__comment": "Flowers bottom left to top right",
		"from": [12.5,8,6.75],
		"to": [13.5,9,9.25],
		"faces": {
			"down":{"uv":	[13.01,7.01,13.99,7.99],"texture":"#bottom","cullface":"Know2Good"},
			"up":{"uv":		[13.01,7.01,13.99,7.99],"texture":"#bottom","cullface":"Know2Good"},
			"north":{"uv":	[13.01,7.01,13.99,7.99],"texture":"#bottom","cullface":"Know2Good"},
			"south":{"uv":	[13.01,7.01,13.99,7.99],"texture":"#bottom","cullface":"Know2Good"},
			"west":{"uv":	[13.01,7.01,13.99,7.99],"texture":"#bottom","cullface":"Know2Good"},
			"east":{"uv":	[13.01,7.01,13.99,7.99],"texture":"#bottom","cullface":"Know2Good"}
		}
	},
	{
		"__comment": "Flowers bottom left to top right",
		"from": [11.5,9,6.75],
		"to": [12.5,10,9.25],
		"faces": {
			"down":{"uv":	[12.01,6.01,12.99,6.99],"texture":"#bottom","cullface":"Know2Good"},
			"up":{"uv":		[12.01,6.01,12.99,6.99],"texture":"#bottom","cullface":"Know2Good"},
			"north":{"uv":	[12.01,6.01,12.99,6.99],"texture":"#bottom","cullface":"Know2Good"},
			"south":{"uv":	[12.01,6.01,12.99,6.99],"texture":"#bottom","cullface":"Know2Good"},
			"west":{"uv":	[12.01,6.01,12.99,6.99],"texture":"#bottom","cullface":"Know2Good"},
			"east":{"uv":	[12.01,6.01,12.99,6.99],"texture":"#bottom","cullface":"Know2Good"}
		}
	},
	{
		"__comment": "Flowers bottom left to top right",
		"from": [12.5,9,6.5],
		"to": [13.5,10,9.5],
		"faces": {
			"down":{"uv":	[13.01,6.01,13.99,6.99],"texture":"#bottom","cullface":"Know2Good"},
			"up":{"uv":		[13.01,6.01,13.99,6.99],"texture":"#bottom","cullface":"Know2Good"},
			"north":{"uv":	[13.01,6.01,13.99,6.99],"texture":"#bottom","cullface":"Know2Good"},
			"south":{"uv":	[13.01,6.01,13.99,6.99],"texture":"#bottom","cullface":"Know2Good"},
			"west":{"uv":	[13.01,6.01,13.99,6.99],"texture":"#bottom","cullface":"Know2Good"},
			"east":{"uv":	[13.01,6.01,13.99,6.99],"texture":"#bottom","cullface":"Know2Good"}
		}
	},
	{
		"__comment": "Flowers bottom left to top right",
		"from": [6.5,7,6.5],
		"to": [7.5,9,7.5],
		"faces": {
			"down":{"uv":	[6.01,8.01,6.99,8.99],"texture":"#bottom","cullface":"Know2Good"},
			"up":{"uv":		[6.01,7.01,6.99,7.99],"texture":"#bottom","cullface":"Know2Good"},
			"north":{"uv":	[6.01,7.01,6.99,8.99],"texture":"#bottom","cullface":"Know2Good"},
			"west":{"uv":	[6.01,7.01,6.99,8.99],"texture":"#bottom","cullface":"Know2Good"},
			"east":{"uv":	[6.01,7.01,6.99,8.99],"texture":"#bottom","cullface":"Know2Good"}
		}
	},
	{
		"__comment": "Flowers bottom left to top right",
		"from": [6.25,9,3.5],
		"to": [8.75,10,4.5],
		"faces": {
			"down":{"uv":	[3.01,6.01,3.99,6.99],"texture":"#bottom","cullface":"Know2Good"},
			"up":{"uv":		[3.01,6.01,3.99,6.99],"texture":"#bottom","cullface":"Know2Good"},
			"north":{"uv":	[3.01,6.01,3.99,6.99],"texture":"#bottom","cullface":"Know2Good"},
			"south":{"uv":	[3.01,6.01,3.99,6.99],"texture":"#bottom","cullface":"Know2Good"},
			"west":{"uv":	[3.01,6.01,3.99,6.99],"texture":"#bottom","cullface":"Know2Good"},
			"east":{"uv":	[3.01,6.01,3.99,6.99],"texture":"#bottom","cullface":"Know2Good"}
		}
	},
	{
		"__comment": "Flowers bottom left to top right",
		"from": [6,9,4.5],
		"to": [9,10,5.5],
		"faces": {
			"down":{"uv":	[4.01,6.01,4.99,6.99],"texture":"#bottom","cullface":"Know2Good"},
			"up":{"uv":		[4.01,6.01,4.99,6.99],"texture":"#bottom","cullface":"Know2Good"},
			"north":{"uv":	[4.01,6.01,4.99,6.99],"texture":"#bottom","cullface":"Know2Good"},
			"south":{"uv":	[4.01,6.01,4.99,6.99],"texture":"#bottom","cullface":"Know2Good"},
			"west":{"uv":	[4.01,6.01,4.99,6.99],"texture":"#bottom","cullface":"Know2Good"},
			"east":{"uv":	[4.01,6.01,4.99,6.99],"texture":"#bottom","cullface":"Know2Good"}
		}
	},
	{
		"__comment": "Flowers bottom left to top right",
		"from": [7,9,5.5],
		"to": [8,10,6.5],
		"faces": {
			"down":{"uv":	[5.01,6.01,5.99,6.99],"texture":"#bottom","cullface":"Know2Good"},
			"up":{"uv":		[5.01,6.01,5.99,6.99],"texture":"#bottom","cullface":"Know2Good"},
			"north":{"uv":	[5.01,6.01,5.99,6.99],"texture":"#bottom","cullface":"Know2Good"},
			"south":{"uv":	[5.01,6.01,5.99,6.99],"texture":"#bottom","cullface":"Know2Good"},
			"west":{"uv":	[5.01,6.01,5.99,6.99],"texture":"#bottom","cullface":"Know2Good"},
			"east":{"uv":	[5.01,6.01,5.99,6.99],"texture":"#bottom","cullface":"Know2Good"}
		}
	},
	{
		"__comment": "Flowers bottom left to top right",
		"from": [6.25,10,2.5],
		"to": [8.75,11,3.5],
		"faces": {
			"down":{"uv":	[2.01,5.01,2.99,5.99],"texture":"#bottom","cullface":"Know2Good"},
			"up":{"uv":		[2.01,5.01,2.99,5.99],"texture":"#bottom","cullface":"Know2Good"},
			"north":{"uv":	[2.01,5.01,2.99,5.99],"texture":"#bottom","cullface":"Know2Good"},
			"south":{"uv":	[2.01,5.01,2.99,5.99],"texture":"#bottom","cullface":"Know2Good"},
			"west":{"uv":	[2.01,5.01,2.99,5.99],"texture":"#bottom","cullface":"Know2Good"},
			"east":{"uv":	[2.01,5.01,2.99,5.99],"texture":"#bottom","cullface":"Know2Good"}
		}
	},
	{
		"__comment": "Flowers bottom left to top right",
		"from": [6.5,10,3.5],
		"to": [8.5,11,4.5],
		"faces": {
			"down":{"uv":	[3.01,5.01,3.99,5.99],"texture":"#bottom","cullface":"Know2Good"},
			"up":{"uv":		[3.01,5.01,3.99,5.99],"texture":"#bottom","cullface":"Know2Good"},
			"north":{"uv":	[3.01,5.01,3.99,5.99],"texture":"#bottom","cullface":"Know2Good"},
			"south":{"uv":	[3.01,5.01,3.99,5.99],"texture":"#bottom","cullface":"Know2Good"},
			"west":{"uv":	[3.01,5.01,3.99,5.99],"texture":"#bottom","cullface":"Know2Good"},
			"east":{"uv":	[3.01,5.01,3.99,5.99],"texture":"#bottom","cullface":"Know2Good"}
		}
	},
	{
		"__comment": "Flowers bottom left to top right",
		"from": [7,10,4.5],
		"to": [8,11,5.5],
		"faces": {
			"down":{"uv":	[4.01,5.01,4.99,5.99],"texture":"#bottom","cullface":"Know2Good"},
			"up":{"uv":		[4.01,5.01,4.99,5.99],"texture":"#bottom","cullface":"Know2Good"},
			"north":{"uv":	[4.01,5.01,4.99,5.99],"texture":"#bottom","cullface":"Know2Good"},
			"south":{"uv":	[4.01,5.01,4.99,5.99],"texture":"#bottom","cullface":"Know2Good"},
			"west":{"uv":	[4.01,5.01,4.99,5.99],"texture":"#bottom","cullface":"Know2Good"},
			"east":{"uv":	[4.01,5.01,4.99,5.99],"texture":"#bottom","cullface":"Know2Good"}
		}
	},
	{
		"__comment": "Flowers bottom left to top right",
		"from": [6.25,10,5.5],
		"to": [8.75,11,6.5],
		"faces": {
			"down":{"uv":	[5.01,5.01,5.99,5.99],"texture":"#bottom","cullface":"Know2Good"},
			"up":{"uv":		[5.01,5.01,5.99,5.99],"texture":"#bottom","cullface":"Know2Good"},
			"north":{"uv":	[5.01,5.01,5.99,5.99],"texture":"#bottom","cullface":"Know2Good"},
			"south":{"uv":	[5.01,5.01,5.99,5.99],"texture":"#bottom","cullface":"Know2Good"},
			"west":{"uv":	[5.01,5.01,5.99,5.99],"texture":"#bottom","cullface":"Know2Good"},
			"east":{"uv":	[5.01,5.01,5.99,5.99],"texture":"#bottom","cullface":"Know2Good"}
		}
	},
	{
		"__comment": "Flowers bottom left to top right",
		"from": [6,11,1.5],
		"to": [9,12,2.5],
		"faces": {
			"down":{"uv":	[1.01,4.01,1.99,4.99],"texture":"#bottom","cullface":"Know2Good"},
			"up":{"uv":		[1.01,4.01,1.99,4.99],"texture":"#bottom","cullface":"Know2Good"},
			"north":{"uv":	[1.01,4.01,1.99,4.99],"texture":"#bottom","cullface":"Know2Good"},
			"south":{"uv":	[1.01,4.01,1.99,4.99],"texture":"#bottom","cullface":"Know2Good"},
			"west":{"uv":	[1.01,4.01,1.99,4.99],"texture":"#bottom","cullface":"Know2Good"},
			"east":{"uv":	[1.01,4.01,1.99,4.99],"texture":"#bottom","cullface":"Know2Good"}
		}
	},
	{
		"__comment": "Flowers bottom left to top right",
		"from": [6.5,11,2.5],
		"to": [8.5,12,3.5],
		"faces": {
			"down":{"uv":	[2.01,4.01,2.99,4.99],"texture":"#bottom","cullface":"Know2Good"},
			"up":{"uv":		[2.01,4.01,2.99,4.99],"texture":"#bottom","cullface":"Know2Good"},
			"north":{"uv":	[2.01,4.01,2.99,4.99],"texture":"#bottom","cullface":"Know2Good"},
			"south":{"uv":	[2.01,4.01,2.99,4.99],"texture":"#bottom","cullface":"Know2Good"},
			"west":{"uv":	[2.01,4.01,2.99,4.99],"texture":"#bottom","cullface":"Know2Good"},
			"east":{"uv":	[2.01,4.01,2.99,4.99],"texture":"#bottom","cullface":"Know2Good"}
		}
	},
	{
		"__comment": "Flowers bottom left to top right",
		"from": [6.25,11,3.5],
		"to": [8.75,12,4.5],
		"faces": {
			"down":{"uv":	[3.01,4.01,3.99,4.99],"texture":"#bottom","cullface":"Know2Good"},
			"up":{"uv":		[3.01,4.01,3.99,4.99],"texture":"#bottom","cullface":"Know2Good"},
			"north":{"uv":	[3.01,4.01,3.99,4.99],"texture":"#bottom","cullface":"Know2Good"},
			"south":{"uv":	[3.01,4.01,3.99,4.99],"texture":"#bottom","cullface":"Know2Good"},
			"west":{"uv":	[3.01,4.01,3.99,4.99],"texture":"#bottom","cullface":"Know2Good"},
			"east":{"uv":	[3.01,4.01,3.99,4.99],"texture":"#bottom","cullface":"Know2Good"}
		}
	},
	{
		"__comment": "Flowers bottom left to top right",
		"from": [6.5,11,4.5],
		"to": [8.5,12,5.5],
		"faces": {
			"down":{"uv":	[4.01,4.01,4.99,4.99],"texture":"#bottom","cullface":"Know2Good"},
			"up":{"uv":		[4.01,4.01,4.99,4.99],"texture":"#bottom","cullface":"Know2Good"},
			"north":{"uv":	[4.01,4.01,4.99,4.99],"texture":"#bottom","cullface":"Know2Good"},
			"south":{"uv":	[4.01,4.01,4.99,4.99],"texture":"#bottom","cullface":"Know2Good"},
			"west":{"uv":	[4.01,4.01,4.99,4.99],"texture":"#bottom","cullface":"Know2Good"},
			"east":{"uv":	[4.01,4.01,4.99,4.99],"texture":"#bottom","cullface":"Know2Good"}
		}
	},
	{
		"__comment": "Flowers bottom left to top right",
		"from": [6.25,12,1.5],
		"to": [8.75,13,2.5],
		"faces": {
			"down":{"uv":	[1.01,3.01,1.99,3.99],"texture":"#bottom","cullface":"Know2Good"},
			"up":{"uv":		[1.01,3.01,1.99,3.99],"texture":"#bottom","cullface":"Know2Good"},
			"north":{"uv":	[1.01,3.01,1.99,3.99],"texture":"#bottom","cullface":"Know2Good"},
			"south":{"uv":	[1.01,3.01,1.99,3.99],"texture":"#bottom","cullface":"Know2Good"},
			"west":{"uv":	[1.01,3.01,1.99,3.99],"texture":"#bottom","cullface":"Know2Good"},
			"east":{"uv":	[1.01,3.01,1.99,3.99],"texture":"#bottom","cullface":"Know2Good"}
		}
	},
	{
		"__comment": "Flowers bottom left to top right",
		"from": [6,12,2.5],
		"to": [9,13,3.5],
		"faces": {
			"down":{"uv":	[2.01,3.01,2.99,3.99],"texture":"#bottom","cullface":"Know2Good"},
			"up":{"uv":		[2.01,3.01,2.99,3.99],"texture":"#bottom","cullface":"Know2Good"},
			"north":{"uv":	[2.01,3.01,2.99,3.99],"texture":"#bottom","cullface":"Know2Good"},
			"south":{"uv":	[2.01,3.01,2.99,3.99],"texture":"#bottom","cullface":"Know2Good"},
			"west":{"uv":	[2.01,3.01,2.99,3.99],"texture":"#bottom","cullface":"Know2Good"},
			"east":{"uv":	[2.01,3.01,2.99,3.99],"texture":"#bottom","cullface":"Know2Good"}
		}
	},
	{
		"__comment": "Flowers bottom left to top right",
		"from": [6.5,10,8.5],
		"to": [7.5,11,9.5],
		"faces": {
			"down":{"uv":	[8.01,5.01,8.99,5.99],"texture":"#bottom","cullface":"Know2Good"},
			"up":{"uv":		[8.01,5.01,8.99,5.99],"texture":"#bottom","cullface":"Know2Good"},
			"north":{"uv":	[8.01,5.01,8.99,5.99],"texture":"#bottom","cullface":"Know2Good"},
			"south":{"uv":	[8.01,5.01,8.99,5.99],"texture":"#bottom","cullface":"Know2Good"},
			"west":{"uv":	[8.01,5.01,8.99,5.99],"texture":"#bottom","cullface":"Know2Good"},
			"east":{"uv":	[8.01,5.01,8.99,5.99],"texture":"#bottom","cullface":"Know2Good"}
		}
	},
	{
		"__comment": "Flowers bottom left to top right",
		"from": [6,11,9.5],
		"to": [7,12,10.5],
		"faces": {
			"down":{"uv":	[9.01,4.01,9.99,4.99],"texture":"#bottom","cullface":"Know2Good"},
			"up":{"uv":		[9.01,4.01,9.99,4.99],"texture":"#bottom","cullface":"Know2Good"},
			"north":{"uv":	[9.01,4.01,9.99,4.99],"texture":"#bottom","cullface":"Know2Good"},
			"south":{"uv":	[9.01,4.01,9.99,4.99],"texture":"#bottom","cullface":"Know2Good"},
			"west":{"uv":	[9.01,4.01,9.99,4.99],"texture":"#bottom","cullface":"Know2Good"},
			"east":{"uv":	[9.01,4.01,9.99,4.99],"texture":"#bottom","cullface":"Know2Good"}
		}
	},
	{
		"__comment": "Flowers bottom left to top right",
		"from": [5.5,11,10.5],
		"to": [7.5,12,11.5],
		"faces": {
			"down":{"uv":	[10.01,4.01,10.99,4.99],"texture":"#bottom","cullface":"Know2Good"},
			"up":{"uv":		[10.01,4.01,10.99,4.99],"texture":"#bottom","cullface":"Know2Good"},
			"north":{"uv":	[10.01,4.01,10.99,4.99],"texture":"#bottom","cullface":"Know2Good"},
			"south":{"uv":	[10.01,4.01,10.99,4.99],"texture":"#bottom","cullface":"Know2Good"},
			"west":{"uv":	[10.01,4.01,10.99,4.99],"texture":"#bottom","cullface":"Know2Good"},
			"east":{"uv":	[10.01,4.01,10.99,4.99],"texture":"#bottom","cullface":"Know2Good"}
		}
	},
	{
		"__comment": "Flowers bottom left to top right",
		"from": [5.25,11,11.5],
		"to": [7.75,12,12.5],
		"faces": {
			"down":{"uv":	[11.01,4.01,11.99,4.99],"texture":"#bottom","cullface":"Know2Good"},
			"up":{"uv":		[11.01,4.01,11.99,4.99],"texture":"#bottom","cullface":"Know2Good"},
			"north":{"uv":	[11.01,4.01,11.99,4.99],"texture":"#bottom","cullface":"Know2Good"},
			"south":{"uv":	[11.01,4.01,11.99,4.99],"texture":"#bottom","cullface":"Know2Good"},
			"west":{"uv":	[11.01,4.01,11.99,4.99],"texture":"#bottom","cullface":"Know2Good"},
			"east":{"uv":	[11.01,4.01,11.99,4.99],"texture":"#bottom","cullface":"Know2Good"}
		}
	},
	{
		"__comment": "Flowers bottom left to top right",
		"from": [6,12,10.5],
		"to": [7,13,11.5],
		"faces": {
			"down":{"uv":	[10.01,3.01,10.99,3.99],"texture":"#bottom","cullface":"Know2Good"},
			"up":{"uv":		[10.01,3.01,10.99,3.99],"texture":"#bottom","cullface":"Know2Good"},
			"north":{"uv":	[10.01,3.01,10.99,3.99],"texture":"#bottom","cullface":"Know2Good"},
			"south":{"uv":	[10.01,3.01,10.99,3.99],"texture":"#bottom","cullface":"Know2Good"},
			"west":{"uv":	[10.01,3.01,10.99,3.99],"texture":"#bottom","cullface":"Know2Good"},
			"east":{"uv":	[10.01,3.01,10.99,3.99],"texture":"#bottom","cullface":"Know2Good"}
		}
	},
	{
		"__comment": "Flowers bottom left to top right",
		"from": [5.5,12,11.5],
		"to": [7.5,13,12.5],
		"faces": {
			"down":{"uv":	[11.01,3.01,11.99,3.99],"texture":"#bottom","cullface":"Know2Good"},
			"up":{"uv":		[11.01,3.01,11.99,3.99],"texture":"#bottom","cullface":"Know2Good"},
			"north":{"uv":	[11.01,3.01,11.99,3.99],"texture":"#bottom","cullface":"Know2Good"},
			"south":{"uv":	[11.01,3.01,11.99,3.99],"texture":"#bottom","cullface":"Know2Good"},
			"west":{"uv":	[11.01,3.01,11.99,3.99],"texture":"#bottom","cullface":"Know2Good"},
			"east":{"uv":	[11.01,3.01,11.99,3.99],"texture":"#bottom","cullface":"Know2Good"}
		}
	},
	{
		"__comment": "Flowers bottom left to top right",
		"from": [5,12,12.5],
		"to": [8,13,13.5],
		"faces": {
			"down":{"uv":	[12.01,3.01,12.99,3.99],"texture":"#bottom","cullface":"Know2Good"},
			"up":{"uv":		[12.01,3.01,12.99,3.99],"texture":"#bottom","cullface":"Know2Good"},
			"north":{"uv":	[12.01,3.01,12.99,3.99],"texture":"#bottom","cullface":"Know2Good"},
			"south":{"uv":	[12.01,3.01,12.99,3.99],"texture":"#bottom","cullface":"Know2Good"},
			"west":{"uv":	[12.01,3.01,12.99,3.99],"texture":"#bottom","cullface":"Know2Good"},
			"east":{"uv":	[12.01,3.01,12.99,3.99],"texture":"#bottom","cullface":"Know2Good"}
		}
	},
	{
		"__comment": "Flowers bottom left to top right",
		"from": [5.25,12,13.5],
		"to": [7.75,13,14.5],
		"faces": {
			"down":{"uv":	[13.01,3.01,13.99,3.99],"texture":"#bottom","cullface":"Know2Good"},
			"up":{"uv":		[13.01,3.01,13.99,3.99],"texture":"#bottom","cullface":"Know2Good"},
			"north":{"uv":	[13.01,3.01,13.99,3.99],"texture":"#bottom","cullface":"Know2Good"},
			"south":{"uv":	[13.01,3.01,13.99,3.99],"texture":"#bottom","cullface":"Know2Good"},
			"west":{"uv":	[13.01,3.01,13.99,3.99],"texture":"#bottom","cullface":"Know2Good"},
			"east":{"uv":	[13.01,3.01,13.99,3.99],"texture":"#bottom","cullface":"Know2Good"}
		}
	},
	{
		"__comment": "Flowers bottom left to top right",
		"from": [5,13,10.5],
		"to": [8,14,11.5],
		"faces": {
			"down":{"uv":	[10.01,2.01,10.99,2.99],"texture":"#bottom","cullface":"Know2Good"},
			"up":{"uv":		[10.01,2.01,10.99,2.99],"texture":"#bottom","cullface":"Know2Good"},
			"north":{"uv":	[10.01,2.01,10.99,2.99],"texture":"#bottom","cullface":"Know2Good"},
			"south":{"uv":	[10.01,2.01,10.99,2.99],"texture":"#bottom","cullface":"Know2Good"},
			"west":{"uv":	[10.01,2.01,10.99,2.99],"texture":"#bottom","cullface":"Know2Good"},
			"east":{"uv":	[10.01,2.01,10.99,2.99],"texture":"#bottom","cullface":"Know2Good"}
		}
	},
	{
		"__comment": "Flowers bottom left to top right",
		"from": [5.25,13,11.5],
		"to": [7.75,14,12.5],
		"faces": {
			"down":{"uv":	[11.01,2.01,11.99,2.99],"texture":"#bottom","cullface":"Know2Good"},
			"up":{"uv":		[11.01,2.01,11.99,2.99],"texture":"#bottom","cullface":"Know2Good"},
			"north":{"uv":	[11.01,2.01,11.99,2.99],"texture":"#bottom","cullface":"Know2Good"},
			"south":{"uv":	[11.01,2.01,11.99,2.99],"texture":"#bottom","cullface":"Know2Good"},
			"west":{"uv":	[11.01,2.01,11.99,2.99],"texture":"#bottom","cullface":"Know2Good"},
			"east":{"uv":	[11.01,2.01,11.99,2.99],"texture":"#bottom","cullface":"Know2Good"}
		}
	},
	{
		"__comment": "Flowers bottom left to top right",
		"from": [5.5,13,12.5],
		"to": [7.5,14,14.5],
		"faces": {
			"down":{"uv":	[12.01,2.01,13.99,2.99],"texture":"#bottom","cullface":"Know2Good","rotation":270},
			"up":{"uv":		[12.01,2.01,13.99,2.99],"texture":"#bottom","cullface":"Know2Good","rotation":90},
			"north":{"uv":	[12.01,2.01,12.99,2.99],"texture":"#bottom","cullface":"Know2Good"},
			"south":{"uv":	[13.01,2.01,13.99,2.99],"texture":"#bottom","cullface":"Know2Good"},
			"west":{"uv":	[12.01,2.01,13.99,2.99],"texture":"#bottom","cullface":"Know2Good"},
			"east":{"uv":	[12.01,2.01,13.99,2.99],"texture":"#bottom","cullface":"Know2Good","rotation":180}
		}
	},
	{
		"__comment": "Flowers bottom left to top right",
		"from": [5.25,13,14.5],
		"to": [7.75,14,15.5],
		"faces": {
			"down":{"uv":	[14.01,2.01,14.99,2.99],"texture":"#bottom","cullface":"Know2Good"},
			"up":{"uv":		[14.01,2.01,14.99,2.99],"texture":"#bottom","cullface":"Know2Good"},
			"north":{"uv":	[14.01,2.01,14.99,2.99],"texture":"#bottom","cullface":"Know2Good"},
			"south":{"uv":	[14.01,2.01,14.99,2.99],"texture":"#bottom","cullface":"Know2Good"},
			"west":{"uv":	[14.01,2.01,14.99,2.99],"texture":"#bottom","cullface":"Know2Good"},
			"east":{"uv":	[14.01,2.01,14.99,2.99],"texture":"#bottom","cullface":"Know2Good"}
		}
	},
	{
		"__comment": "Flowers bottom left to top right",
		"from": [5,14,12.5],
		"to": [8,15,13.5],
		"faces": {
			"down":{"uv":	[12.01,1.01,12.99,1.99],"texture":"#bottom","cullface":"Know2Good"},
			"up":{"uv":		[12.01,1.01,12.99,1.99],"texture":"#bottom","cullface":"Know2Good"},
			"north":{"uv":	[12.01,1.01,12.99,1.99],"texture":"#bottom","cullface":"Know2Good"},
			"south":{"uv":	[12.01,1.01,12.99,1.99],"texture":"#bottom","cullface":"Know2Good"},
			"west":{"uv":	[12.01,1.01,12.99,1.99],"texture":"#bottom","cullface":"Know2Good"},
			"east":{"uv":	[12.01,1.01,12.99,1.99],"texture":"#bottom","cullface":"Know2Good"}
		}
	},
	{
		"__comment": "Flowers bottom left to top right",
		"from": [5.25,14,13.5],
		"to": [7.75,15,14.5],
		"faces": {
			"down":{"uv":	[13.01,1.01,13.99,1.99],"texture":"#bottom","cullface":"Know2Good"},
			"up":{"uv":		[13.01,1.01,13.99,1.99],"texture":"#bottom","cullface":"Know2Good"},
			"north":{"uv":	[13.01,1.01,13.99,1.99],"texture":"#bottom","cullface":"Know2Good"},
			"south":{"uv":	[13.01,1.01,13.99,1.99],"texture":"#bottom","cullface":"Know2Good"},
			"west":{"uv":	[13.01,1.01,13.99,1.99],"texture":"#bottom","cullface":"Know2Good"},
			"east":{"uv":	[13.01,1.01,13.99,1.99],"texture":"#bottom","cullface":"Know2Good"}
		}
	},
	{
		"__comment": "Flowers bottom left to top right",
		"from": [3.5,13,7],
		"to": [4.5,14,9],
		"faces": {
			"down":{"uv":	[4.01,2.01,4.99,2.99],"texture":"#bottom","cullface":"Know2Good"},
			"up":{"uv":		[4.01,2.01,4.99,2.99],"texture":"#bottom","cullface":"Know2Good"},
			"north":{"uv":	[4.01,2.01,4.99,2.99],"texture":"#bottom","cullface":"Know2Good"},
			"south":{"uv":	[4.01,2.01,4.99,2.99],"texture":"#bottom","cullface":"Know2Good"},
			"west":{"uv":	[4.01,2.01,4.99,2.99],"texture":"#bottom","cullface":"Know2Good"},
			"east":{"uv":	[4.01,2.01,4.99,2.99],"texture":"#bottom","cullface":"Know2Good"}
		}
	},
	{
		"__comment": "Flowers bottom left to top right",
		"from": [4.5,13,7.5],
		"to": [6.5,14,8.5],
		"faces": {
			"down":{"uv":	[5.01,2.01,6.99,2.99],"texture":"#bottom","cullface":"Know2Good"},
			"up":{"uv":		[5.01,2.01,6.99,2.99],"texture":"#bottom","cullface":"Know2Good"},
			"north":{"uv":	[5.01,2.01,6.99,2.99],"texture":"#bottom","cullface":"Know2Good","rotation":180},
			"south":{"uv":	[5.01,2.01,6.99,2.99],"texture":"#bottom","cullface":"Know2Good"},
			"west":{"uv":	[5.01,2.01,5.99,2.99],"texture":"#bottom","cullface":"Know2Good"},
			"east":{"uv":	[6.01,2.01,6.99,2.99],"texture":"#bottom","cullface":"Know2Good"}
		}
	},
	{
		"__comment": "Flowers bottom left to top right",
		"from": [1.5,14,7],
		"to": [2.5,15,9],
		"faces": {
			"down":{"uv":	[2.01,1.01,2.99,1.99],"texture":"#bottom","cullface":"Know2Good"},
			"up":{"uv":		[2.01,1.01,2.99,1.99],"texture":"#bottom","cullface":"Know2Good"},
			"north":{"uv":	[2.01,1.01,2.99,1.99],"texture":"#bottom","cullface":"Know2Good"},
			"south":{"uv":	[2.01,1.01,2.99,1.99],"texture":"#bottom","cullface":"Know2Good"},
			"west":{"uv":	[2.01,1.01,2.99,1.99],"texture":"#bottom","cullface":"Know2Good"},
			"east":{"uv":	[2.01,1.01,2.99,1.99],"texture":"#bottom","cullface":"Know2Good"}
		}
	},
	{
		"__comment": "Flowers bottom left to top right",
		"from": [2.5,14,6.5],
		"to": [3.5,15,9.5],
		"faces": {
			"down":{"uv":	[3.01,1.01,3.99,1.99],"texture":"#bottom","cullface":"Know2Good"},
			"up":{"uv":		[3.01,1.01,3.99,1.99],"texture":"#bottom","cullface":"Know2Good"},
			"north":{"uv":	[3.01,1.01,3.99,1.99],"texture":"#bottom","cullface":"Know2Good"},
			"south":{"uv":	[3.01,1.01,3.99,1.99],"texture":"#bottom","cullface":"Know2Good"},
			"west":{"uv":	[3.01,1.01,3.99,1.99],"texture":"#bottom","cullface":"Know2Good"},
			"east":{"uv":	[3.01,1.01,3.99,1.99],"texture":"#bottom","cullface":"Know2Good"}
		}
	},
	{
		"__comment": "Flowers bottom left to top right",
		"from": [3.5,14,7.5],
		"to": [5.5,15,8.5],
		"faces": {
			"down":{"uv":	[4.01,1.01,5.99,1.99],"texture":"#bottom","cullface":"Know2Good"},
			"up":{"uv":		[4.01,1.01,5.99,1.99],"texture":"#bottom","cullface":"Know2Good"},
			"north":{"uv":	[4.01,1.01,5.99,1.99],"texture":"#bottom","cullface":"Know2Good","rotation":180},
			"south":{"uv":	[4.01,1.01,5.99,1.99],"texture":"#bottom","cullface":"Know2Good"},
			"west":{"uv":	[4.01,1.01,4.99,1.99],"texture":"#bottom","cullface":"Know2Good"},
			"east":{"uv":	[5.01,1.01,5.99,1.99],"texture":"#bottom","cullface":"Know2Good"}
		}
	},
	{
		"__comment": "Flowers bottom left to top right",
		"from": [1.5,15,6.75],
		"to": [2.5,16,9.25],
		"faces": {
			"down":{"uv":	[2.01,0.01,2.99,0.99],"texture":"#bottom","cullface":"Know2Good"},
			"up":{"uv":		[2.01,0.01,2.99,0.99],"texture":"#bottom","cullface":"Know2Good"},
			"north":{"uv":	[2.01,0.01,2.99,0.99],"texture":"#bottom","cullface":"Know2Good"},
			"south":{"uv":	[2.01,0.01,2.99,0.99],"texture":"#bottom","cullface":"Know2Good"},
			"west":{"uv":	[2.01,0.01,2.99,0.99],"texture":"#bottom","cullface":"Know2Good"},
			"east":{"uv":	[2.01,0.01,2.99,0.99],"texture":"#bottom","cullface":"Know2Good"}
		}
	},
	{
		"__comment": "Flowers bottom left to top right",
		"from": [2.5,15,7],
		"to": [3.5,16,9],
		"faces": {
			"down":{"uv":	[3.01,0.01,3.99,0.99],"texture":"#bottom","cullface":"Know2Good"},
			"up":{"uv":		[3.01,0.01,3.99,0.99],"texture":"#bottom","cullface":"Know2Good"},
			"north":{"uv":	[3.01,0.01,3.99,0.99],"texture":"#bottom","cullface":"Know2Good"},
			"south":{"uv":	[3.01,0.01,3.99,0.99],"texture":"#bottom","cullface":"Know2Good"},
			"west":{"uv":	[3.01,0.01,3.99,0.99],"texture":"#bottom","cullface":"Know2Good"},
			"east":{"uv":	[3.01,0.01,3.99,0.99],"texture":"#bottom","cullface":"Know2Good"}
		}
	},
	{
		"__comment": "Flowers bottom left to top right",
		"from": [3.5,15,6.75],
		"to": [4.5,16,9.25],
		"faces": {
			"down":{"uv":	[4.01,0.01,4.99,0.99],"texture":"#bottom","cullface":"Know2Good"},
			"up":{"uv":		[4.01,0.01,4.99,0.99],"texture":"#bottom","cullface":"Know2Good"},
			"north":{"uv":	[4.01,0.01,4.99,0.99],"texture":"#bottom","cullface":"Know2Good"},
			"south":{"uv":	[4.01,0.01,4.99,0.99],"texture":"#bottom","cullface":"Know2Good"},
			"west":{"uv":	[4.01,0.01,4.99,0.99],"texture":"#bottom","cullface":"Know2Good"},
			"east":{"uv":	[4.01,0.01,4.99,0.99],"texture":"#bottom","cullface":"Know2Good"}
		}
	},
	{
		"__comment": "Flowers bottom left to top right",
		"from": [1.5,16,6.75],
		"to": [2.5,17,9.25],
		"faces": {
			"down":{"uv":	[2.01,15.01,2.99,15.99],"texture":"#top","cullface":"Know2Good"},
			"up":{"uv":		[2.01,15.01,2.99,15.99],"texture":"#top","cullface":"Know2Good"},
			"north":{"uv":	[2.01,15.01,2.99,15.99],"texture":"#top","cullface":"Know2Good"},
			"south":{"uv":	[2.01,15.01,2.99,15.99],"texture":"#top","cullface":"Know2Good"},
			"west":{"uv":	[2.01,15.01,2.99,15.99],"texture":"#top","cullface":"Know2Good"},
			"east":{"uv":	[2.01,15.01,2.99,15.99],"texture":"#top","cullface":"Know2Good"}
		}
	},
	{
		"__comment": "Flowers bottom left to top right",
		"from": [2.5,16,7],
		"to": [3.5,17,9],
		"faces": {
			"down":{"uv":	[3.01,15.01,3.99,15.99],"texture":"#top","cullface":"Know2Good"},
			"up":{"uv":		[3.01,15.01,3.99,15.99],"texture":"#top","cullface":"Know2Good"},
			"north":{"uv":	[3.01,15.01,3.99,15.99],"texture":"#top","cullface":"Know2Good"},
			"south":{"uv":	[3.01,15.01,3.99,15.99],"texture":"#top","cullface":"Know2Good"},
			"west":{"uv":	[3.01,15.01,3.99,15.99],"texture":"#top","cullface":"Know2Good"},
			"east":{"uv":	[3.01,15.01,3.99,15.99],"texture":"#top","cullface":"Know2Good"}
		}
	},
	{
		"__comment": "Flowers bottom left to top right",
		"from": [8.5,14,7.5],
		"to": [9.5,15,8.5],
		"faces": {
			"down":{"uv":	[9.01,1.01,9.99,1.99],"texture":"#bottom","cullface":"Know2Good"},
			"up":{"uv":		[9.01,1.01,9.99,1.99],"texture":"#bottom","cullface":"Know2Good"},
			"north":{"uv":	[9.01,1.01,9.99,1.99],"texture":"#bottom","cullface":"Know2Good"},
			"south":{"uv":	[9.01,1.01,9.99,1.99],"texture":"#bottom","cullface":"Know2Good"},
			"east":{"uv":	[9.01,1.01,9.99,1.99],"texture":"#bottom","cullface":"Know2Good"}
		}
	},
	{
		"__comment": "Flowers bottom left to top right",
		"from": [9.5,15,8],
		"to": [10.5,16,9],
		"faces": {
			"down":{"uv":	[10.01,0.01,10.99,0.99],"texture":"#bottom","cullface":"Know2Good"},
			"north":{"uv":	[10.01,0.01,10.99,0.99],"texture":"#bottom","cullface":"Know2Good"},
			"south":{"uv":	[10.01,0.01,10.99,0.99],"texture":"#bottom","cullface":"Know2Good"},
			"west":{"uv":	[10.01,0.01,10.99,0.99],"texture":"#bottom","cullface":"Know2Good"},
			"east":{"uv":	[10.01,0.01,10.99,0.99],"texture":"#bottom","cullface":"Know2Good"}
		}
	},
	{
		"__comment": "Flowers bottom left to top right",
		"from": [9.5,16,8],
		"to": [10.5,17,9],
		"faces": {
			"up":{"uv":		[10.01,15.01,10.99,15.99],"texture":"#top","cullface":"Know2Good"},
			"north":{"uv":	[10.01,15.01,10.99,15.99],"texture":"#top","cullface":"Know2Good"},
			"south":{"uv":	[10.01,15.01,10.99,15.99],"texture":"#top","cullface":"Know2Good"},
			"west":{"uv":	[10.01,15.01,10.99,15.99],"texture":"#top","cullface":"Know2Good"},
			"east":{"uv":	[10.01,15.01,10.99,15.99],"texture":"#top","cullface":"Know2Good"}
		}
	},
	{
		"__comment": "Flowers bottom left to top right",
		"from": [10.5,17,8.5],
		"to": [12.5,18,9.5],
		"faces": {
			"down":{"uv":	[11.01,14.01,12.99,14.99],"texture":"#top","cullface":"Know2Good"},
			"up":{"uv":		[11.01,14.01,12.99,14.99],"texture":"#top","cullface":"Know2Good"},
			"north":{"uv":	[11.01,14.01,12.99,14.99],"texture":"#top","cullface":"Know2Good","rotation":180},
			"south":{"uv":	[11.01,14.01,12.99,14.99],"texture":"#top","cullface":"Know2Good"},
			"west":{"uv":	[11.01,14.01,11.99,14.99],"texture":"#top","cullface":"Know2Good"},
			"east":{"uv":	[12.01,14.01,12.99,14.99],"texture":"#top","cullface":"Know2Good"}
		}
	},
	{
		"__comment": "Flowers bottom left to top right",
		"from": [12.5,17,7.5],
		"to": [13.5,18,10.5],
		"faces": {
			"down":{"uv":	[13.01,14.01,13.99,14.99],"texture":"#top","cullface":"Know2Good"},
			"up":{"uv":		[13.01,14.01,13.99,14.99],"texture":"#top","cullface":"Know2Good"},
			"north":{"uv":	[13.01,14.01,13.99,14.99],"texture":"#top","cullface":"Know2Good"},
			"south":{"uv":	[13.01,14.01,13.99,14.99],"texture":"#top","cullface":"Know2Good"},
			"west":{"uv":	[13.01,14.01,13.99,14.99],"texture":"#top","cullface":"Know2Good"},
			"east":{"uv":	[13.01,14.01,13.99,14.99],"texture":"#top","cullface":"Know2Good"}
		}
	},
	{
		"__comment": "Flowers bottom left to top right",
		"from": [10.5,18,8],
		"to": [11.5,19,10],
		"faces": {
			"down":{"uv":	[11.01,13.01,11.99,13.99],"texture":"#top","cullface":"Know2Good"},
			"up":{"uv":		[11.01,13.01,11.99,13.99],"texture":"#top","cullface":"Know2Good"},
			"north":{"uv":	[11.01,13.01,11.99,13.99],"texture":"#top","cullface":"Know2Good"},
			"south":{"uv":	[11.01,13.01,11.99,13.99],"texture":"#top","cullface":"Know2Good"},
			"west":{"uv":	[11.01,13.01,11.99,13.99],"texture":"#top","cullface":"Know2Good"},
			"east":{"uv":	[11.01,13.01,11.99,13.99],"texture":"#top","cullface":"Know2Good"}
		}
	},
	{
		"__comment": "Flowers bottom left to top right",
		"from": [11.5,18,7.75],
		"to": [12.5,19,10.25],
		"faces": {
			"down":{"uv":	[12.01,13.01,12.99,13.99],"texture":"#top","cullface":"Know2Good"},
			"up":{"uv":		[12.01,13.01,12.99,13.99],"texture":"#top","cullface":"Know2Good"},
			"north":{"uv":	[12.01,13.01,12.99,13.99],"texture":"#top","cullface":"Know2Good"},
			"south":{"uv":	[12.01,13.01,12.99,13.99],"texture":"#top","cullface":"Know2Good"},
			"west":{"uv":	[12.01,13.01,12.99,13.99],"texture":"#top","cullface":"Know2Good"},
			"east":{"uv":	[12.01,13.01,12.99,13.99],"texture":"#top","cullface":"Know2Good"}
		}
	},
	{
		"__comment": "Flowers bottom left to top right",
		"from": [12.5,18,8],
		"to": [13.5,19,10],
		"faces": {
			"down":{"uv":	[13.01,13.01,13.99,13.99],"texture":"#top","cullface":"Know2Good"},
			"up":{"uv":		[13.01,13.01,13.99,13.99],"texture":"#top","cullface":"Know2Good"},
			"north":{"uv":	[13.01,13.01,13.99,13.99],"texture":"#top","cullface":"Know2Good"},
			"south":{"uv":	[13.01,13.01,13.99,13.99],"texture":"#top","cullface":"Know2Good"},
			"west":{"uv":	[13.01,13.01,13.99,13.99],"texture":"#top","cullface":"Know2Good"},
			"east":{"uv":	[13.01,13.01,13.99,13.99],"texture":"#top","cullface":"Know2Good"}
		}
	},
	{
		"__comment": "Flowers bottom left to top right",
		"from": [13.5,18,7.75],
		"to": [14.5,19,10.25],
		"faces": {
			"down":{"uv":	[14.01,13.01,14.99,13.99],"texture":"#top","cullface":"Know2Good"},
			"up":{"uv":		[14.01,13.01,14.99,13.99],"texture":"#top","cullface":"Know2Good"},
			"north":{"uv":	[14.01,13.01,14.99,13.99],"texture":"#top","cullface":"Know2Good"},
			"south":{"uv":	[14.01,13.01,14.99,13.99],"texture":"#top","cullface":"Know2Good"},
			"west":{"uv":	[14.01,13.01,14.99,13.99],"texture":"#top","cullface":"Know2Good"},
			"east":{"uv":	[14.01,13.01,14.99,13.99],"texture":"#top","cullface":"Know2Good"}
		}
	},
	{
		"__comment": "Flowers bottom left to top right",
		"from": [11.5,19,8],
		"to": [12.5,20,10],
		"faces": {
			"down":{"uv":	[12.01,12.01,12.99,12.99],"texture":"#top","cullface":"Know2Good"},
			"up":{"uv":		[12.01,12.01,12.99,12.99],"texture":"#top","cullface":"Know2Good"},
			"north":{"uv":	[12.01,12.01,12.99,12.99],"texture":"#top","cullface":"Know2Good"},
			"south":{"uv":	[12.01,12.01,12.99,12.99],"texture":"#top","cullface":"Know2Good"},
			"west":{"uv":	[12.01,12.01,12.99,12.99],"texture":"#top","cullface":"Know2Good"},
			"east":{"uv":	[12.01,12.01,12.99,12.99],"texture":"#top","cullface":"Know2Good"}
		}
	},
	{
		"__comment": "Flowers bottom left to top right",
		"from": [12.5,19,7.75],
		"to": [13.5,20,10.25],
		"faces": {
			"down":{"uv":	[13.01,12.01,13.99,12.99],"texture":"#top","cullface":"Know2Good"},
			"up":{"uv":		[13.01,12.01,13.99,12.99],"texture":"#top","cullface":"Know2Good"},
			"north":{"uv":	[13.01,12.01,13.99,12.99],"texture":"#top","cullface":"Know2Good"},
			"south":{"uv":	[13.01,12.01,13.99,12.99],"texture":"#top","cullface":"Know2Good"},
			"west":{"uv":	[13.01,12.01,13.99,12.99],"texture":"#top","cullface":"Know2Good"},
			"east":{"uv":	[13.01,12.01,13.99,12.99],"texture":"#top","cullface":"Know2Good"}
		}
	},
	{
		"__comment": "Flowers bottom left to top right",
		"from": [13.5,19,8],
		"to": [14.5,20,10],
		"faces": {
			"down":{"uv":	[14.01,12.01,14.99,12.99],"texture":"#top","cullface":"Know2Good"},
			"up":{"uv":		[14.01,12.01,14.99,12.99],"texture":"#top","cullface":"Know2Good"},
			"north":{"uv":	[14.01,12.01,14.99,12.99],"texture":"#top","cullface":"Know2Good"},
			"south":{"uv":	[14.01,12.01,14.99,12.99],"texture":"#top","cullface":"Know2Good"},
			"west":{"uv":	[14.01,12.01,14.99,12.99],"texture":"#top","cullface":"Know2Good"},
			"east":{"uv":	[14.01,12.01,14.99,12.99],"texture":"#top","cullface":"Know2Good"}
		}
	},
	{
		"__comment": "Flowers bottom left to top right",
		"from": [14.5,19,7.5],
		"to": [15.5,20,10.5],
		"faces": {
			"down":{"uv":	[15.01,12.01,15.99,12.99],"texture":"#top","cullface":"Know2Good"},
			"up":{"uv":		[15.01,12.01,15.99,12.99],"texture":"#top","cullface":"Know2Good"},
			"north":{"uv":	[15.01,12.01,15.99,12.99],"texture":"#top","cullface":"Know2Good"},
			"south":{"uv":	[15.01,12.01,15.99,12.99],"texture":"#top","cullface":"Know2Good"},
			"west":{"uv":	[15.01,12.01,15.99,12.99],"texture":"#top","cullface":"Know2Good"},
			"east":{"uv":	[15.01,12.01,15.99,12.99],"texture":"#top","cullface":"Know2Good"}
		}
	},
	{
		"__comment": "Flowers bottom left to top right",
		"from": [7.5,18,6.5],
		"to": [8.5,20,7.5],
		"faces": {
			"down":{"uv":	[7.01,13.01,7.99,13.99],"texture":"#top","cullface":"Know2Good"},
			"up":{"uv":		[7.01,12.01,7.99,12.99],"texture":"#top","cullface":"Know2Good"},
			"north":{"uv":	[7.01,12.01,7.99,13.99],"texture":"#top","cullface":"Know2Good"},
			"west":{"uv":	[7.01,12.01,7.99,13.99],"texture":"#top","cullface":"Know2Good"},
			"east":{"uv":	[7.01,12.01,7.99,13.99],"texture":"#top","cullface":"Know2Good"}
		}
	},
	{
		"__comment": "Flowers bottom left to top right",
		"from": [8,19,5.5],
		"to": [9,20,6.5],
		"faces": {
			"down":{"uv":	[6.01,12.01,6.99,12.99],"texture":"#top","cullface":"Know2Good"},
			"up":{"uv":		[6.01,12.01,6.99,12.99],"texture":"#top","cullface":"Know2Good"},
			"north":{"uv":	[6.01,12.01,6.99,12.99],"texture":"#top","cullface":"Know2Good"},
			"south":{"uv":	[6.01,12.01,6.99,12.99],"texture":"#top","cullface":"Know2Good"},
			"west":{"uv":	[6.01,12.01,6.99,12.99],"texture":"#top","cullface":"Know2Good"},
			"east":{"uv":	[6.01,12.01,6.99,12.99],"texture":"#top","cullface":"Know2Good"}
		}
	},
	{
		"__comment": "Flowers bottom left to top right",
		"from": [8.5,20,4.5],
		"to": [9.5,21,5.5],
		"faces": {
			"down":{"uv":	[5.01,11.01,5.99,11.99],"texture":"#top","cullface":"Know2Good"},
			"up":{"uv":		[5.01,11.01,5.99,11.99],"texture":"#top","cullface":"Know2Good"},
			"north":{"uv":	[5.01,11.01,5.99,11.99],"texture":"#top","cullface":"Know2Good"},
			"south":{"uv":	[5.01,11.01,5.99,11.99],"texture":"#top","cullface":"Know2Good"},
			"west":{"uv":	[5.01,11.01,5.99,11.99],"texture":"#top","cullface":"Know2Good"},
			"east":{"uv":	[5.01,11.01,5.99,11.99],"texture":"#top","cullface":"Know2Good"}
		}
	},
	{
		"__comment": "Flowers bottom left to top right",
		"from": [8.5,21,2.5],
		"to": [10.5,22,3.5],
		"faces": {
			"down":{"uv":	[3.01,10.01,3.99,10.99],"texture":"#top","cullface":"Know2Good"},
			"up":{"uv":		[3.01,10.01,3.99,10.99],"texture":"#top","cullface":"Know2Good"},
			"north":{"uv":	[3.01,10.01,3.99,10.99],"texture":"#top","cullface":"Know2Good"},
			"south":{"uv":	[3.01,10.01,3.99,10.99],"texture":"#top","cullface":"Know2Good"},
			"west":{"uv":	[3.01,10.01,3.99,10.99],"texture":"#top","cullface":"Know2Good"},
			"east":{"uv":	[3.01,10.01,3.99,10.99],"texture":"#top","cullface":"Know2Good"}
		}
	},
	{
		"__comment": "Flowers bottom left to top right",
		"from": [8,22,2.5],
		"to": [11,23,3.5],
		"faces": {
			"down":{"uv":	[3.01,9.01,3.99,9.99],"texture":"#top","cullface":"Know2Good"},
			"up":{"uv":		[3.01,9.01,3.99,9.99],"texture":"#top","cullface":"Know2Good"},
			"north":{"uv":	[3.01,9.01,3.99,9.99],"texture":"#top","cullface":"Know2Good"},
			"south":{"uv":	[3.01,9.01,3.99,9.99],"texture":"#top","cullface":"Know2Good"},
			"west":{"uv":	[3.01,9.01,3.99,9.99],"texture":"#top","cullface":"Know2Good"},
			"east":{"uv":	[3.01,9.01,3.99,9.99],"texture":"#top","cullface":"Know2Good"}
		}
	},
	{
		"__comment": "Flowers bottom left to top right",
		"from": [9,21,3.5],
		"to": [10,23,4.5],
		"faces": {
			"down":{"uv":	[4.01,10.01,4.99,10.99],"texture":"#top","cullface":"Know2Good"},
			"up":{"uv":		[4.01,9.01,4.99,9.99],"texture":"#top","cullface":"Know2Good"},
			"north":{"uv":	[4.01,9.01,4.99,10.99],"texture":"#top","cullface":"Know2Good"},
			"south":{"uv":	[4.01,9.01,4.99,10.99],"texture":"#top","cullface":"Know2Good"},
			"west":{"uv":	[4.01,9.01,4.99,10.99],"texture":"#top","cullface":"Know2Good"},
			"east":{"uv":	[4.01,9.01,4.99,10.99],"texture":"#top","cullface":"Know2Good"}
		}
	},
	{
		"__comment": "Flowers bottom left to top right",
		"from": [8.5,22,4.5],
		"to": [10.5,23,5.5],
		"faces": {
			"down":{"uv":	[5.01,9.01,5.99,9.99],"texture":"#top","cullface":"Know2Good"},
			"up":{"uv":		[5.01,9.01,5.99,9.99],"texture":"#top","cullface":"Know2Good"},
			"north":{"uv":	[5.01,9.01,5.99,9.99],"texture":"#top","cullface":"Know2Good"},
			"south":{"uv":	[5.01,9.01,5.99,9.99],"texture":"#top","cullface":"Know2Good"},
			"west":{"uv":	[5.01,9.01,5.99,9.99],"texture":"#top","cullface":"Know2Good"},
			"east":{"uv":	[5.01,9.01,5.99,9.99],"texture":"#top","cullface":"Know2Good"}
		}
	},
	{
		"__comment": "Flowers bottom left to top right",
		"from": [8.5,23,2.5],
		"to": [10.5,24,3.5],
		"faces": {
			"down":{"uv":	[3.01,8.01,3.99,8.99],"texture":"#top","cullface":"Know2Good"},
			"up":{"uv":		[3.01,8.01,3.99,8.99],"texture":"#top","cullface":"Know2Good"},
			"north":{"uv":	[3.01,8.01,3.99,8.99],"texture":"#top","cullface":"Know2Good"},
			"south":{"uv":	[3.01,8.01,3.99,8.99],"texture":"#top","cullface":"Know2Good"},
			"west":{"uv":	[3.01,8.01,3.99,8.99],"texture":"#top","cullface":"Know2Good"},
			"east":{"uv":	[3.01,8.01,3.99,8.99],"texture":"#top","cullface":"Know2Good"}
		}
	},
	{
		"__comment": "Flowers bottom left to top right",
		"from": [8.25,23,3.5],
		"to": [10.75,24,4.5],
		"faces": {
			"down":{"uv":	[4.01,8.01,4.99,8.99],"texture":"#top","cullface":"Know2Good"},
			"up":{"uv":		[4.01,8.01,4.99,8.99],"texture":"#top","cullface":"Know2Good"},
			"north":{"uv":	[4.01,8.01,4.99,8.99],"texture":"#top","cullface":"Know2Good"},
			"south":{"uv":	[4.01,8.01,4.99,8.99],"texture":"#top","cullface":"Know2Good"},
			"west":{"uv":	[4.01,8.01,4.99,8.99],"texture":"#top","cullface":"Know2Good"},
			"east":{"uv":	[4.01,8.01,4.99,8.99],"texture":"#top","cullface":"Know2Good"}
		}
	},
	{
		"__comment": "Flowers bottom left to top right",
		"from": [8,23,4.5],
		"to": [11,24,5.5],
		"faces": {
			"down":{"uv":	[5.01,8.01,5.99,8.99],"texture":"#top","cullface":"Know2Good"},
			"up":{"uv":		[5.01,8.01,5.99,8.99],"texture":"#top","cullface":"Know2Good"},
			"north":{"uv":	[5.01,8.01,5.99,8.99],"texture":"#top","cullface":"Know2Good"},
			"south":{"uv":	[5.01,8.01,5.99,8.99],"texture":"#top","cullface":"Know2Good"},
			"west":{"uv":	[5.01,8.01,5.99,8.99],"texture":"#top","cullface":"Know2Good"},
			"east":{"uv":	[5.01,8.01,5.99,8.99],"texture":"#top","cullface":"Know2Good"}
		}
	},
	{
		"__comment": "Flowers bottom left to top right",
		"from": [8.25,24,1.5],
		"to": [10.75,25,3.5],
		"faces": {
			"down":{"uv":	[2.01,7.01,3.99,7.99],"texture":"#top","cullface":"Know2Good","rotation":270},
			"up":{"uv":		[2.01,7.01,3.99,7.99],"texture":"#top","cullface":"Know2Good","rotation":90},
			"north":{"uv":	[2.01,7.01,2.99,7.99],"texture":"#top","cullface":"Know2Good"},
			"south":{"uv":	[3.01,7.01,3.99,7.99],"texture":"#top","cullface":"Know2Good"},
			"west":{"uv":	[2.01,7.01,3.99,7.99],"texture":"#top","cullface":"Know2Good"},
			"east":{"uv":	[2.01,7.01,3.99,7.99],"texture":"#top","cullface":"Know2Good","rotation":180}
		}
	},
	{
		"__comment": "Flowers bottom left to top right",
		"from": [8.5,24,3.5],
		"to": [10.5,25,4.5],
		"faces": {
			"down":{"uv":	[4.01,7.01,4.99,7.99],"texture":"#top","cullface":"Know2Good"},
			"up":{"uv":		[4.01,7.01,4.99,7.99],"texture":"#top","cullface":"Know2Good"},
			"north":{"uv":	[4.01,7.01,4.99,7.99],"texture":"#top","cullface":"Know2Good"},
			"south":{"uv":	[4.01,7.01,4.99,7.99],"texture":"#top","cullface":"Know2Good"},
			"west":{"uv":	[4.01,7.01,4.99,7.99],"texture":"#top","cullface":"Know2Good"},
			"east":{"uv":	[4.01,7.01,4.99,7.99],"texture":"#top","cullface":"Know2Good"}
		}
	},
	{
		"__comment": "Flowers bottom left to top right",
		"from": [8,25,1.5],
		"to": [11,26,2.5],
		"faces": {
			"down":{"uv":	[2.01,6.01,2.99,6.99],"texture":"#top","cullface":"Know2Good"},
			"up":{"uv":		[2.01,6.01,2.99,6.99],"texture":"#top","cullface":"Know2Good"},
			"north":{"uv":	[2.01,6.01,2.99,6.99],"texture":"#top","cullface":"Know2Good"},
			"south":{"uv":	[2.01,6.01,2.99,6.99],"texture":"#top","cullface":"Know2Good"},
			"west":{"uv":	[2.01,6.01,2.99,6.99],"texture":"#top","cullface":"Know2Good"},
			"east":{"uv":	[2.01,6.01,2.99,6.99],"texture":"#top","cullface":"Know2Good"}
		}
	},
	{
		"__comment": "Flowers bottom left to top right",
		"from": [8.5,25,2.5],
		"to": [10.5,26,3.5],
		"faces": {
			"down":{"uv":	[3.01,6.01,3.99,6.99],"texture":"#top","cullface":"Know2Good"},
			"up":{"uv":		[3.01,6.01,3.99,6.99],"texture":"#top","cullface":"Know2Good"},
			"north":{"uv":	[3.01,6.01,3.99,6.99],"texture":"#top","cullface":"Know2Good"},
			"south":{"uv":	[3.01,6.01,3.99,6.99],"texture":"#top","cullface":"Know2Good"},
			"west":{"uv":	[3.01,6.01,3.99,6.99],"texture":"#top","cullface":"Know2Good"},
			"east":{"uv":	[3.01,6.01,3.99,6.99],"texture":"#top","cullface":"Know2Good"}
		}
	},
	{
		"__comment": "Flowers bottom left to top right",
		"from": [8.25,25,3.5],
		"to": [10.75,26,4.5],
		"faces": {
			"down":{"uv":	[4.01,6.01,4.99,6.99],"texture":"#top","cullface":"Know2Good"},
			"up":{"uv":		[4.01,6.01,4.99,6.99],"texture":"#top","cullface":"Know2Good"},
			"north":{"uv":	[4.01,6.01,4.99,6.99],"texture":"#top","cullface":"Know2Good"},
			"south":{"uv":	[4.01,6.01,4.99,6.99],"texture":"#top","cullface":"Know2Good"},
			"west":{"uv":	[4.01,6.01,4.99,6.99],"texture":"#top","cullface":"Know2Good"},
			"east":{"uv":	[4.01,6.01,4.99,6.99],"texture":"#top","cullface":"Know2Good"}
		}
	},
	{
		"__comment": "Flowers bottom left to top right",
		"from": [7.5,20,8.5],
		"to": [8.5,22,9.5],
		"faces": {
			"down":{"uv":	[9.01,11.01,9.99,11.99],"texture":"#top","cullface":"Know2Good"},
			"up":{"uv":		[9.01,10.01,9.99,10.99],"texture":"#top","cullface":"Know2Good"},
			"south":{"uv":	[9.01,10.01,9.99,11.99],"texture":"#top","cullface":"Know2Good"},
			"west":{"uv":	[9.01,10.01,9.99,11.99],"texture":"#top","cullface":"Know2Good"},
			"east":{"uv":	[9.01,10.01,9.99,11.99],"texture":"#top","cullface":"Know2Good"}
		}
	},
	{
		"__comment": "Flowers bottom left to top right",
		"from": [7,22,9.5],
		"to": [8,23,10.5],
		"faces": {
			"down":{"uv":	[10.01,9.01,10.99,9.99],"texture":"#top","cullface":"Know2Good"},
			"up":{"uv":		[10.01,9.01,10.99,9.99],"texture":"#top","cullface":"Know2Good"},
			"north":{"uv":	[10.01,9.01,10.99,9.99],"texture":"#top","cullface":"Know2Good"},
			"south":{"uv":	[10.01,9.01,10.99,9.99],"texture":"#top","cullface":"Know2Good"},
			"west":{"uv":	[10.01,9.01,10.99,9.99],"texture":"#top","cullface":"Know2Good"},
			"east":{"uv":	[10.01,9.01,10.99,9.99],"texture":"#top","cullface":"Know2Good"}
		}
	},
	{
		"__comment": "Flowers bottom left to top right",
		"from": [6.5,23,9.5],
		"to": [8.5,24,10.5],
		"faces": {
			"down":{"uv":	[10.01,8.01,10.99,8.99],"texture":"#top","cullface":"Know2Good"},
			"up":{"uv":		[10.01,8.01,10.99,8.99],"texture":"#top","cullface":"Know2Good"},
			"north":{"uv":	[10.01,8.01,10.99,8.99],"texture":"#top","cullface":"Know2Good"},
			"south":{"uv":	[10.01,8.01,10.99,8.99],"texture":"#top","cullface":"Know2Good"},
			"west":{"uv":	[10.01,8.01,10.99,8.99],"texture":"#top","cullface":"Know2Good"},
			"east":{"uv":	[10.01,8.01,10.99,8.99],"texture":"#top","cullface":"Know2Good"}
		}
	},
	{
		"__comment": "Flowers bottom left to top right",
		"from": [7,22,10.5],
		"to": [8,24,11.5],
		"faces": {
			"down":{"uv":	[11.01,9.01,11.99,9.99],"texture":"#top","cullface":"Know2Good"},
			"up":{"uv":		[11.01,8.01,11.99,8.99],"texture":"#top","cullface":"Know2Good"},
			"north":{"uv":	[11.01,8.01,11.99,9.99],"texture":"#top","cullface":"Know2Good"},
			"south":{"uv":	[11.01,8.01,11.99,9.99],"texture":"#top","cullface":"Know2Good"},
			"west":{"uv":	[11.01,8.01,11.99,9.99],"texture":"#top","cullface":"Know2Good"},
			"east":{"uv":	[11.01,8.01,11.99,9.99],"texture":"#top","cullface":"Know2Good"}
		}
	},
	{
		"__comment": "Flowers bottom left to top right",
		"from": [6.5,22,11.5],
		"to": [8.5,23,12.5],
		"faces": {
			"down":{"uv":	[12.01,9.01,12.99,9.99],"texture":"#top","cullface":"Know2Good"},
			"up":{"uv":		[12.01,9.01,12.99,9.99],"texture":"#top","cullface":"Know2Good"},
			"north":{"uv":	[12.01,9.01,12.99,9.99],"texture":"#top","cullface":"Know2Good"},
			"south":{"uv":	[12.01,9.01,12.99,9.99],"texture":"#top","cullface":"Know2Good"},
			"west":{"uv":	[12.01,9.01,12.99,9.99],"texture":"#top","cullface":"Know2Good"},
			"east":{"uv":	[12.01,9.01,12.99,9.99],"texture":"#top","cullface":"Know2Good"}
		}
	},
	{
		"__comment": "Flowers bottom left to top right",
		"from": [6.25,23,11.5],
		"to": [8.75,24,12.5],
		"faces": {
			"down":{"uv":	[12.01,8.01,12.99,8.99],"texture":"#top","cullface":"Know2Good"},
			"up":{"uv":		[12.01,8.01,12.99,8.99],"texture":"#top","cullface":"Know2Good"},
			"north":{"uv":	[12.01,8.01,12.99,8.99],"texture":"#top","cullface":"Know2Good"},
			"south":{"uv":	[12.01,8.01,12.99,8.99],"texture":"#top","cullface":"Know2Good"},
			"west":{"uv":	[12.01,8.01,12.99,8.99],"texture":"#top","cullface":"Know2Good"},
			"east":{"uv":	[12.01,8.01,12.99,8.99],"texture":"#top","cullface":"Know2Good"}
		}
	},
	{
		"__comment": "Flowers bottom left to top right",
		"from": [6.5,23,12.5],
		"to": [8.5,24,13.5],
		"faces": {
			"down":{"uv":	[13.01,8.01,13.99,8.99],"texture":"#top","cullface":"Know2Good"},
			"up":{"uv":		[13.01,8.01,13.99,8.99],"texture":"#top","cullface":"Know2Good"},
			"north":{"uv":	[13.01,8.01,13.99,8.99],"texture":"#top","cullface":"Know2Good"},
			"south":{"uv":	[13.01,8.01,13.99,8.99],"texture":"#top","cullface":"Know2Good"},
			"west":{"uv":	[13.01,8.01,13.99,8.99],"texture":"#top","cullface":"Know2Good"},
			"east":{"uv":	[13.01,8.01,13.99,8.99],"texture":"#top","cullface":"Know2Good"}
		}
	},
	{
		"__comment": "Flowers bottom left to top right",
		"from": [6.25,24,10.5],
		"to": [8.75,25,11.5],
		"faces": {
			"down":{"uv":	[11.01,7.01,11.99,7.99],"texture":"#top","cullface":"Know2Good"},
			"up":{"uv":		[11.01,7.01,11.99,7.99],"texture":"#top","cullface":"Know2Good"},
			"north":{"uv":	[11.01,7.01,11.99,7.99],"texture":"#top","cullface":"Know2Good"},
			"south":{"uv":	[11.01,7.01,11.99,7.99],"texture":"#top","cullface":"Know2Good"},
			"west":{"uv":	[11.01,7.01,11.99,7.99],"texture":"#top","cullface":"Know2Good"},
			"east":{"uv":	[11.01,7.01,11.99,7.99],"texture":"#top","cullface":"Know2Good"}
		}
	},
	{
		"__comment": "Flowers bottom left to top right",
		"from": [6.5,24,11.5],
		"to": [8.5,25,12.5],
		"faces": {
			"down":{"uv":	[12.01,7.01,12.99,7.99],"texture":"#top","cullface":"Know2Good"},
			"up":{"uv":		[12.01,7.01,12.99,7.99],"texture":"#top","cullface":"Know2Good"},
			"north":{"uv":	[12.01,7.01,12.99,7.99],"texture":"#top","cullface":"Know2Good"},
			"south":{"uv":	[12.01,7.01,12.99,7.99],"texture":"#top","cullface":"Know2Good"},
			"west":{"uv":	[12.01,7.01,12.99,7.99],"texture":"#top","cullface":"Know2Good"},
			"east":{"uv":	[12.01,7.01,12.99,7.99],"texture":"#top","cullface":"Know2Good"}
		}
	},
	{
		"__comment": "Flowers bottom left to top right",
		"from": [6,24,12.5],
		"to": [9,25,13.5],
		"faces": {
			"down":{"uv":	[13.01,7.01,13.99,7.99],"texture":"#top","cullface":"Know2Good"},
			"up":{"uv":		[13.01,7.01,13.99,7.99],"texture":"#top","cullface":"Know2Good"},
			"north":{"uv":	[13.01,7.01,13.99,7.99],"texture":"#top","cullface":"Know2Good"},
			"south":{"uv":	[13.01,7.01,13.99,7.99],"texture":"#top","cullface":"Know2Good"},
			"west":{"uv":	[13.01,7.01,13.99,7.99],"texture":"#top","cullface":"Know2Good"},
			"east":{"uv":	[13.01,7.01,13.99,7.99],"texture":"#top","cullface":"Know2Good"}
		}
	},
	{
		"__comment": "Flowers bottom left to top right",
		"from": [6.5,25,10.5],
		"to": [8.5,26,11.5],
		"faces": {
			"down":{"uv":	[11.01,6.01,11.99,6.99],"texture":"#top","cullface":"Know2Good"},
			"up":{"uv":		[11.01,6.01,11.99,6.99],"texture":"#top","cullface":"Know2Good"},
			"north":{"uv":	[11.01,6.01,11.99,6.99],"texture":"#top","cullface":"Know2Good"},
			"south":{"uv":	[11.01,6.01,11.99,6.99],"texture":"#top","cullface":"Know2Good"},
			"west":{"uv":	[11.01,6.01,11.99,6.99],"texture":"#top","cullface":"Know2Good"},
			"east":{"uv":	[11.01,6.01,11.99,6.99],"texture":"#top","cullface":"Know2Good"}
		}
	},
	{
		"__comment": "Flowers bottom left to top right",
		"from": [6.25,25,11.5],
		"to": [8.75,26,12.5],
		"faces": {
			"down":{"uv":	[12.01,6.01,12.99,6.99],"texture":"#top","cullface":"Know2Good"},
			"up":{"uv":		[12.01,6.01,12.99,6.99],"texture":"#top","cullface":"Know2Good"},
			"north":{"uv":	[12.01,6.01,12.99,6.99],"texture":"#top","cullface":"Know2Good"},
			"south":{"uv":	[12.01,6.01,12.99,6.99],"texture":"#top","cullface":"Know2Good"},
			"west":{"uv":	[12.01,6.01,12.99,6.99],"texture":"#top","cullface":"Know2Good"},
			"east":{"uv":	[12.01,6.01,12.99,6.99],"texture":"#top","cullface":"Know2Good"}
		}
	},
	{
		"__comment": "Flowers bottom left to top right",
		"from": [6.5,25,7.5],
		"to": [7.5,26,8.5],
		"faces": {
			"down":{"uv":	[7.01,6.01,7.99,6.99],"texture":"#top","cullface":"Know2Good"},
			"up":{"uv":		[7.01,6.01,7.99,6.99],"texture":"#top","cullface":"Know2Good"},
			"north":{"uv":	[7.01,6.01,7.99,6.99],"texture":"#top","cullface":"Know2Good"},
			"south":{"uv":	[7.01,6.01,7.99,6.99],"texture":"#top","cullface":"Know2Good"},
			"west":{"uv":	[7.01,6.01,7.99,6.99],"texture":"#top","cullface":"Know2Good"}
		}
	},
	{
		"__comment": "Flowers bottom left to top right",
		"from": [5.5,26,7],
		"to": [6.5,27,8],
		"faces": {
			"down":{"uv":	[6.01,5.01,6.99,5.99],"texture":"#top","cullface":"Know2Good"},
			"up":{"uv":		[6.01,5.01,6.99,5.99],"texture":"#top","cullface":"Know2Good"},
			"north":{"uv":	[6.01,5.01,6.99,5.99],"texture":"#top","cullface":"Know2Good"},
			"south":{"uv":	[6.01,5.01,6.99,5.99],"texture":"#top","cullface":"Know2Good"},
			"west":{"uv":	[6.01,5.01,6.99,5.99],"texture":"#top","cullface":"Know2Good"},
			"east":{"uv":	[6.01,5.01,6.99,5.99],"texture":"#top","cullface":"Know2Good"}
		}
	},
	{
		"__comment": "Flowers bottom left to top right",
		"from": [2.5,27,6.25],
		"to": [3.5,28,8.75],
		"faces": {
			"down":{"uv":	[3.01,4.01,3.99,4.99],"texture":"#top","cullface":"Know2Good"},
			"up":{"uv":		[3.01,4.01,3.99,4.99],"texture":"#top","cullface":"Know2Good"},
			"north":{"uv":	[3.01,4.01,3.99,4.99],"texture":"#top","cullface":"Know2Good"},
			"south":{"uv":	[3.01,4.01,3.99,4.99],"texture":"#top","cullface":"Know2Good"},
			"west":{"uv":	[3.01,4.01,3.99,4.99],"texture":"#top","cullface":"Know2Good"},
			"east":{"uv":	[3.01,4.01,3.99,4.99],"texture":"#top","cullface":"Know2Good"}
		}
	},
	{
		"__comment": "Flowers bottom left to top right",
		"from": [3.5,27,6.5],
		"to": [4.5,28,8.5],
		"faces": {
			"down":{"uv":	[4.01,4.01,4.99,4.99],"texture":"#top","cullface":"Know2Good"},
			"up":{"uv":		[4.01,4.01,4.99,4.99],"texture":"#top","cullface":"Know2Good"},
			"north":{"uv":	[4.01,4.01,4.99,4.99],"texture":"#top","cullface":"Know2Good"},
			"south":{"uv":	[4.01,4.01,4.99,4.99],"texture":"#top","cullface":"Know2Good"},
			"west":{"uv":	[4.01,4.01,4.99,4.99],"texture":"#top","cullface":"Know2Good"},
			"east":{"uv":	[4.01,4.01,4.99,4.99],"texture":"#top","cullface":"Know2Good"}
		}
	},
	{
		"__comment": "Flowers bottom left to top right",
		"from": [4.5,27,7],
		"to": [5.5,28,8],
		"faces": {
			"down":{"uv":	[5.01,4.01,5.99,4.99],"texture":"#top","cullface":"Know2Good"},
			"up":{"uv":		[5.01,4.01,5.99,4.99],"texture":"#top","cullface":"Know2Good"},
			"north":{"uv":	[5.01,4.01,5.99,4.99],"texture":"#top","cullface":"Know2Good"},
			"south":{"uv":	[5.01,4.01,5.99,4.99],"texture":"#top","cullface":"Know2Good"},
			"west":{"uv":	[5.01,4.01,5.99,4.99],"texture":"#top","cullface":"Know2Good"},
			"east":{"uv":	[5.01,4.01,5.99,4.99],"texture":"#top","cullface":"Know2Good"}
		}
	},
	{
		"__comment": "Flowers bottom left to top right",
		"from": [1.5,28,6],
		"to": [2.5,29,9],
		"faces": {
			"down":{"uv":	[2.01,3.01,2.99,3.99],"texture":"#top","cullface":"Know2Good"},
			"up":{"uv":		[2.01,3.01,2.99,3.99],"texture":"#top","cullface":"Know2Good"},
			"north":{"uv":	[2.01,3.01,2.99,3.99],"texture":"#top","cullface":"Know2Good"},
			"south":{"uv":	[2.01,3.01,2.99,3.99],"texture":"#top","cullface":"Know2Good"},
			"west":{"uv":	[2.01,3.01,2.99,3.99],"texture":"#top","cullface":"Know2Good"},
			"east":{"uv":	[2.01,3.01,2.99,3.99],"texture":"#top","cullface":"Know2Good"}
		}
	},
	{
		"__comment": "Flowers bottom left to top right",
		"from": [2.5,28,6.5],
		"to": [3.5,29,8.5],
		"faces": {
			"down":{"uv":	[3.01,3.01,3.99,3.99],"texture":"#top","cullface":"Know2Good"},
			"up":{"uv":		[3.01,3.01,3.99,3.99],"texture":"#top","cullface":"Know2Good"},
			"north":{"uv":	[3.01,3.01,3.99,3.99],"texture":"#top","cullface":"Know2Good"},
			"south":{"uv":	[3.01,3.01,3.99,3.99],"texture":"#top","cullface":"Know2Good"},
			"west":{"uv":	[3.01,3.01,3.99,3.99],"texture":"#top","cullface":"Know2Good"},
			"east":{"uv":	[3.01,3.01,3.99,3.99],"texture":"#top","cullface":"Know2Good"}
		}
	},
	{
		"__comment": "Flowers bottom left to top right",
		"from": [3.5,28,7],
		"to": [4.5,29,8],
		"faces": {
			"down":{"uv":	[4.01,3.01,4.99,3.99],"texture":"#top","cullface":"Know2Good"},
			"up":{"uv":		[4.01,3.01,4.99,3.99],"texture":"#top","cullface":"Know2Good"},
			"north":{"uv":	[4.01,3.01,4.99,3.99],"texture":"#top","cullface":"Know2Good"},
			"south":{"uv":	[4.01,3.01,4.99,3.99],"texture":"#top","cullface":"Know2Good"},
			"west":{"uv":	[4.01,3.01,4.99,3.99],"texture":"#top","cullface":"Know2Good"},
			"east":{"uv":	[4.01,3.01,4.99,3.99],"texture":"#top","cullface":"Know2Good"}
		}
	},
	{
		"__comment": "Flowers bottom left to top right",
		"from": [4.5,28,6.5],
		"to": [5.5,29,8.5],
		"faces": {
			"down":{"uv":	[5.01,3.01,5.99,3.99],"texture":"#top","cullface":"Know2Good"},
			"up":{"uv":		[5.01,3.01,5.99,3.99],"texture":"#top","cullface":"Know2Good"},
			"north":{"uv":	[5.01,3.01,5.99,3.99],"texture":"#top","cullface":"Know2Good"},
			"south":{"uv":	[5.01,3.01,5.99,3.99],"texture":"#top","cullface":"Know2Good"},
			"west":{"uv":	[5.01,3.01,5.99,3.99],"texture":"#top","cullface":"Know2Good"},
			"east":{"uv":	[5.01,3.01,5.99,3.99],"texture":"#top","cullface":"Know2Good"}
		}
	},
	{
		"__comment": "Flowers bottom left to top right",
		"from": [0.5,29,6.25],
		"to": [1.5,30,8.75],
		"faces": {
			"down":{"uv":	[1.01,2.01,1.99,2.99],"texture":"#top","cullface":"Know2Good"},
			"up":{"uv":		[1.01,2.01,1.99,2.99],"texture":"#top","cullface":"Know2Good"},
			"north":{"uv":	[1.01,2.01,1.99,2.99],"texture":"#top","cullface":"Know2Good"},
			"south":{"uv":	[1.01,2.01,1.99,2.99],"texture":"#top","cullface":"Know2Good"},
			"west":{"uv":	[1.01,2.01,1.99,2.99],"texture":"#top","cullface":"Know2Good"},
			"east":{"uv":	[1.01,2.01,1.99,2.99],"texture":"#top","cullface":"Know2Good"}
		}
	},
	{
		"__comment": "Flowers bottom left to top right",
		"from": [1.5,29,6.5],
		"to": [2.5,30,8.5],
		"faces": {
			"down":{"uv":	[2.01,2.01,2.99,2.99],"texture":"#top","cullface":"Know2Good"},
			"up":{"uv":		[2.01,2.01,2.99,2.99],"texture":"#top","cullface":"Know2Good"},
			"north":{"uv":	[2.01,2.01,2.99,2.99],"texture":"#top","cullface":"Know2Good"},
			"south":{"uv":	[2.01,2.01,2.99,2.99],"texture":"#top","cullface":"Know2Good"},
			"west":{"uv":	[2.01,2.01,2.99,2.99],"texture":"#top","cullface":"Know2Good"},
			"east":{"uv":	[2.01,2.01,2.99,2.99],"texture":"#top","cullface":"Know2Good"}
		}
	},
	{
		"__comment": "Flowers bottom left to top right",
		"from": [2.5,29,6.25],
		"to": [3.5,30,8.75],
		"faces": {
			"down":{"uv":	[3.01,2.01,3.99,2.99],"texture":"#top","cullface":"Know2Good"},
			"up":{"uv":		[3.01,2.01,3.99,2.99],"texture":"#top","cullface":"Know2Good"},
			"north":{"uv":	[3.01,2.01,3.99,2.99],"texture":"#top","cullface":"Know2Good"},
			"south":{"uv":	[3.01,2.01,3.99,2.99],"texture":"#top","cullface":"Know2Good"},
			"west":{"uv":	[3.01,2.01,3.99,2.99],"texture":"#top","cullface":"Know2Good"},
			"east":{"uv":	[3.01,2.01,3.99,2.99],"texture":"#top","cullface":"Know2Good"}
		}
	},
	{
		"__comment": "Flowers bottom left to top right",
		"from": [3.5,29,6.5],
		"to": [4.5,30,8.5],
		"faces": {
			"down":{"uv":	[4.01,2.01,4.99,2.99],"texture":"#top","cullface":"Know2Good"},
			"up":{"uv":		[4.01,2.01,4.99,2.99],"texture":"#top","cullface":"Know2Good"},
			"north":{"uv":	[4.01,2.01,4.99,2.99],"texture":"#top","cullface":"Know2Good"},
			"south":{"uv":	[4.01,2.01,4.99,2.99],"texture":"#top","cullface":"Know2Good"},
			"west":{"uv":	[4.01,2.01,4.99,2.99],"texture":"#top","cullface":"Know2Good"},
			"east":{"uv":	[4.01,2.01,4.99,2.99],"texture":"#top","cullface":"Know2Good"}
		}
	},
	{
		"__comment": "Flowers bottom left to top right",
		"from": [4.5,29,6],
		"to": [5.5,30,9],
		"faces": {
			"down":{"uv":	[5.01,2.01,5.99,2.99],"texture":"#top","cullface":"Know2Good"},
			"up":{"uv":		[5.01,2.01,5.99,2.99],"texture":"#top","cullface":"Know2Good"},
			"north":{"uv":	[5.01,2.01,5.99,2.99],"texture":"#top","cullface":"Know2Good"},
			"south":{"uv":	[5.01,2.01,5.99,2.99],"texture":"#top","cullface":"Know2Good"},
			"west":{"uv":	[5.01,2.01,5.99,2.99],"texture":"#top","cullface":"Know2Good"},
			"east":{"uv":	[5.01,2.01,5.99,2.99],"texture":"#top","cullface":"Know2Good"}
		}
	},
	{
		"__comment": "Flowers bottom left to top right",
		"from": [2.5,30,6],
		"to": [3.5,31,9],
		"faces": {
			"down":{"uv":	[3.01,1.01,3.99,1.99],"texture":"#top","cullface":"Know2Good"},
			"up":{"uv":		[3.01,1.01,3.99,1.99],"texture":"#top","cullface":"Know2Good"},
			"north":{"uv":	[3.01,1.01,3.99,1.99],"texture":"#top","cullface":"Know2Good"},
			"south":{"uv":	[3.01,1.01,3.99,1.99],"texture":"#top","cullface":"Know2Good"},
			"west":{"uv":	[3.01,1.01,3.99,1.99],"texture":"#top","cullface":"Know2Good"},
			"east":{"uv":	[3.01,1.01,3.99,1.99],"texture":"#top","cullface":"Know2Good"}
		}
	},
	{
		"__comment": "Flowers bottom left to top right",
		"from": [8.5,25,7.5],
		"to": [9.5,27,8.5],
		"faces": {
			"down":{"uv":	[9.01,6.01,9.99,6.99],"texture":"#top","cullface":"Know2Good"},
			"up":{"uv":		[9.01,5.01,9.99,5.99],"texture":"#top","cullface":"Know2Good"},
			"north":{"uv":	[9.01,5.01,9.99,6.99],"texture":"#top","cullface":"Know2Good"},
			"south":{"uv":	[9.01,5.01,9.99,6.99],"texture":"#top","cullface":"Know2Good"},
			"west":{"uv":	[9.01,5.01,9.99,6.99],"texture":"#top","cullface":"Know2Good"},
			"east":{"uv":	[9.01,5.01,9.99,6.99],"texture":"#top","cullface":"Know2Good"}
		}
	},
	{
		"__comment": "Flowers bottom left to top right",
		"from": [7.5,26,7],
		"to": [8.5,27,9],
		"faces": {
			"down":{"uv":	[8.01,5.01,8.99,5.99],"texture":"#top","cullface":"Know2Good"},
			"up":{"uv":		[8.01,5.01,8.99,5.99],"texture":"#top","cullface":"Know2Good"},
			"north":{"uv":	[8.01,5.01,8.99,5.99],"texture":"#top","cullface":"Know2Good"},
			"south":{"uv":	[8.01,5.01,8.99,5.99],"texture":"#top","cullface":"Know2Good"},
			"west":{"uv":	[8.01,5.01,8.99,5.99],"texture":"#top","cullface":"Know2Good"},
			"east":{"uv":	[8.01,5.01,8.99,5.99],"texture":"#top","cullface":"Know2Good"}
		}
	},
	{
		"__comment": "Flowers bottom left to top right",
		"from": [9.5,26,6.75],
		"to": [10.5,27,9.25],
		"faces": {
			"down":{"uv":	[10.01,5.01,10.99,5.99],"texture":"#top","cullface":"Know2Good"},
			"up":{"uv":		[10.01,5.01,10.99,5.99],"texture":"#top","cullface":"Know2Good"},
			"north":{"uv":	[10.01,5.01,10.99,5.99],"texture":"#top","cullface":"Know2Good"},
			"south":{"uv":	[10.01,5.01,10.99,5.99],"texture":"#top","cullface":"Know2Good"},
			"west":{"uv":	[10.01,5.01,10.99,5.99],"texture":"#top","cullface":"Know2Good"},
			"east":{"uv":	[10.01,5.01,10.99,5.99],"texture":"#top","cullface":"Know2Good"}
		}
	},
	{
		"__comment": "Flowers bottom left to top right",
		"from": [8.5,27,7],
		"to": [10.5,28,9],
		"faces": {
			"down":{"uv":	[9.01,4.01,10.99,4.99],"texture":"#top","cullface":"Know2Good"},
			"up":{"uv":		[9.01,4.01,10.99,4.99],"texture":"#top","cullface":"Know2Good"},
			"north":{"uv":	[9.01,4.01,10.99,4.99],"texture":"#top","cullface":"Know2Good","rotation":180},
			"south":{"uv":	[9.01,4.01,10.99,4.99],"texture":"#top","cullface":"Know2Good"},
			"west":{"uv":	[9.01,4.01,9.99,4.99],"texture":"#top","cullface":"Know2Good"},
			"east":{"uv":	[10.01,4.01,10.99,4.99],"texture":"#top","cullface":"Know2Good"}
		}
	},
	{
		"__comment": "Flowers bottom left to top right",
		"from": [10.5,27,6.5],
		"to": [11.5,28,9.5],
		"faces": {
			"down":{"uv":	[11.01,4.01,11.99,4.99],"texture":"#top","cullface":"Know2Good"},
			"up":{"uv":		[11.01,4.01,11.99,4.99],"texture":"#top","cullface":"Know2Good"},
			"north":{"uv":	[11.01,4.01,11.99,4.99],"texture":"#top","cullface":"Know2Good"},
			"south":{"uv":	[11.01,4.01,11.99,4.99],"texture":"#top","cullface":"Know2Good"},
			"west":{"uv":	[11.01,4.01,11.99,4.99],"texture":"#top","cullface":"Know2Good"},
			"east":{"uv":	[11.01,4.01,11.99,4.99],"texture":"#top","cullface":"Know2Good"}
		}
	},
	{
		"__comment": "Flowers bottom left to top right",
		"from": [9.5,28,6.75],
		"to": [10.5,29,9.25],
		"faces": {
			"down":{"uv":	[10.01,3.01,10.99,3.99],"texture":"#top","cullface":"Know2Good"},
			"up":{"uv":		[10.01,3.01,10.99,3.99],"texture":"#top","cullface":"Know2Good"},
			"north":{"uv":	[10.01,3.01,10.99,3.99],"texture":"#top","cullface":"Know2Good"},
			"south":{"uv":	[10.01,3.01,10.99,3.99],"texture":"#top","cullface":"Know2Good"},
			"west":{"uv":	[10.01,3.01,10.99,3.99],"texture":"#top","cullface":"Know2Good"},
			"east":{"uv":	[10.01,3.01,10.99,3.99],"texture":"#top","cullface":"Know2Good"}
		}
	},
	{
		"__comment": "Flowers bottom left to top right",
		"from": [10.5,28,7],
		"to": [12.5,29,9],
		"faces": {
			"down":{"uv":	[11.01,3.01,12.99,3.99],"texture":"#top","cullface":"Know2Good"},
			"up":{"uv":		[11.01,3.01,12.99,3.99],"texture":"#top","cullface":"Know2Good"},
			"north":{"uv":	[11.01,3.01,12.99,3.99],"texture":"#top","cullface":"Know2Good","rotation":180},
			"south":{"uv":	[11.01,3.01,12.99,3.99],"texture":"#top","cullface":"Know2Good"},
			"west":{"uv":	[11.01,3.01,11.99,3.99],"texture":"#top","cullface":"Know2Good"},
			"east":{"uv":	[12.01,3.01,12.99,3.99],"texture":"#top","cullface":"Know2Good"}
		}
	},
	{
		"__comment": "Flowers bottom left to top right",
		"from": [10.5,29,6.75],
		"to": [11.5,30,9.25],
		"faces": {
			"down":{"uv":	[11.01,2.01,11.99,2.99],"texture":"#top","cullface":"Know2Good"},
			"up":{"uv":		[11.01,2.01,11.99,2.99],"texture":"#top","cullface":"Know2Good"},
			"north":{"uv":	[11.01,2.01,11.99,2.99],"texture":"#top","cullface":"Know2Good"},
			"south":{"uv":	[11.01,2.01,11.99,2.99],"texture":"#top","cullface":"Know2Good"},
			"west":{"uv":	[11.01,2.01,11.99,2.99],"texture":"#top","cullface":"Know2Good"},
			"east":{"uv":	[11.01,2.01,11.99,2.99],"texture":"#top","cullface":"Know2Good"}
		}
	},
	{
		"__comment": "Flowers bottom left to top right",
		"from": [11.5,29,6.5],
		"to": [12.5,30,9.5],
		"faces": {
			"down":{"uv":	[12.01,2.01,12.99,2.99],"texture":"#top","cullface":"Know2Good"},
			"up":{"uv":		[12.01,2.01,12.99,2.99],"texture":"#top","cullface":"Know2Good"},
			"north":{"uv":	[12.01,2.01,12.99,2.99],"texture":"#top","cullface":"Know2Good"},
			"south":{"uv":	[12.01,2.01,12.99,2.99],"texture":"#top","cullface":"Know2Good"},
			"west":{"uv":	[12.01,2.01,12.99,2.99],"texture":"#top","cullface":"Know2Good"},
			"east":{"uv":	[12.01,2.01,12.99,2.99],"texture":"#top","cullface":"Know2Good"}
            }
        }
    ]
}
