{
"__comment":"Made by Know2Good, part of the 'Default 3D™' resource pack || Official download page: http://www.planetminecraft.com/texture_pack/default-3d-2985741/ || © Know2Good. All rights reserved. ",
"__comment":"No UV-bleed, OK coordinate, OK texture, OK cullface",

"textures": {
	"block": 	"blocks/flower_pot",
	"flower": 	"blocks/mushroom_brown",
	"soil": 	"blocks/dirt",
	"particle":	"blocks/flower_pot"
},
"elements":[
	{
		"__comment": "Stalk",
        "from": [7,5,7],
        "to": [9,10,9],
		"faces": {
			"north":{"uv":	[8.01,14.01,8.99,15.99],"texture":"#flower","cullface":"Know2Good"},
			"south":{"uv":	[7.01,14.01,7.99,15.99],"texture":"#flower","cullface":"Know2Good"},
			"west":{"uv":	[7.01,14.01,7.99,15.99],"texture":"#flower","cullface":"Know2Good"},
			"east":{"uv":	[8.01,14.01,8.99,15.99],"texture":"#flower","cullface":"Know2Good"}
		}
	},
	{
		"__comment": "Cap north",
        "from": [5,7,4],
        "to": [11,10,5],
		"faces": {
			"up":{"uv":		[5.01,11.01,10.99,11.99],"texture":"#flower","cullface":"Know2Good","rotation":180},
			"down":{"uv":	[5.01,13.01,10.99,13.99],"texture":"#flower","cullface":"Know2Good","rotation":180},
			"north":{"uv":	[5.01,11.01,10.99,13.99],"texture":"#flower","cullface":"Know2Good"},
			"south":{"uv":	[5.01,11.01,10.99,13.99],"texture":"#flower","cullface":"Know2Good"},
			"west":{"uv":	[10.01,11.01,10.99,13.99],"texture":"#flower","cullface":"Know2Good"},
			"east":{"uv":	[5.01,11.01,5.99,13.99],"texture":"#flower","cullface":"Know2Good"}
		}
	},
	{
		"__comment": "Cap east",
        "from": [11,7,5],
        "to": [12,10,11],
		"faces": {
			"up":{"uv":		[5.01,11.01,10.99,11.99],"texture":"#flower","cullface":"Know2Good","rotation":270},
			"down":{"uv":	[5.01,13.01,10.99,13.99],"texture":"#flower","cullface":"Know2Good","rotation":90},
			"north":{"uv":	[10.01,11.01,10.99,13.99],"texture":"#flower","cullface":"Know2Good"},
			"south":{"uv":	[5.01,11.01,5.99,13.99],"texture":"#flower","cullface":"Know2Good"},
			"west":{"uv":	[5.01,11.01,10.99,13.99],"texture":"#flower","cullface":"Know2Good"},
			"east":{"uv":	[5.01,11.01,10.99,13.99],"texture":"#flower","cullface":"Know2Good"}
		}
	},
	{
		"__comment": "Cap south",
        "from": [5,7,11],
        "to": [11,10,12],
		"faces": {
			"up":{"uv":		[5.01,11.01,10.99,11.99],"texture":"#flower","cullface":"Know2Good"},
			"down":{"uv":	[5.01,13.01,10.99,13.99],"texture":"#flower","cullface":"Know2Good"},
			"north":{"uv":	[5.01,11.01,10.99,13.99],"texture":"#flower","cullface":"Know2Good"},
			"south":{"uv":	[5.01,11.01,10.99,13.99],"texture":"#flower","cullface":"Know2Good"},
			"west":{"uv":	[5.01,11.01,5.99,13.99],"texture":"#flower","cullface":"Know2Good"},
			"east":{"uv":	[10.01,11.01,10.99,13.99],"texture":"#flower","cullface":"Know2Good"}
		}
	},
	{
		"__comment": "Cap west",
        "from": [4,7,5],
        "to": [5,10,11],
		"faces": {
			"up":{"uv":		[5.01,11.01,10.99,11.99],"texture":"#flower","cullface":"Know2Good","rotation":90},
			"down":{"uv":	[5.01,13.01,10.99,13.99],"texture":"#flower","cullface":"Know2Good","rotation":270},
			"north":{"uv":	[5.01,11.01,5.99,13.99],"texture":"#flower","cullface":"Know2Good"},
			"south":{"uv":	[10.01,11.01,10.99,13.99],"texture":"#flower","cullface":"Know2Good"},
			"west":{"uv":	[5.01,11.01,10.99,13.99],"texture":"#flower","cullface":"Know2Good"},
			"east":{"uv":	[5.01,11.01,10.99,13.99],"texture":"#flower","cullface":"Know2Good"}
		}
	},
	{
		"__comment": "Cap top",
        "from": [5,10,5],
        "to": [11,11,11],
		"faces": {
			"up":{"uv":		[6.01,10.01,9.99,13.99],"texture":"#flower","cullface":"Know2Good"},
			"down":{"uv":	[9.99,10.01,6.01,13.99],"texture":"#flower","cullface":"Know2Good","rotation":180},
			"north":{"uv":	[6.01,10.01,9.99,10.99],"texture":"#flower","cullface":"Know2Good","rotation":180},
			"south":{"uv":	[6.01,13.01,9.99,13.99],"texture":"#flower","cullface":"Know2Good"},
			"west":{"uv":	[6.01,10.01,6.99,13.99],"texture":"#flower","cullface":"Know2Good","rotation":270},
			"east":{"uv":	[9.01,10.01,9.99,13.99],"texture":"#flower","cullface":"Know2Good","rotation":90}
        }
    },
	{
		"__comment":"North",
		"from":[6,0,5.002],
		"to":[9.9998,6,6],
		"faces": {
			"down":{"uv":	[6.01,15.01,9.99,15.99],"texture":"#block","cullface":"down","rotation":180},
			"up":{"uv":		[6.01,10.01,9.99,10.99],"texture":"#block","cullface":"Know2Good","rotation":180},
			"north":{"uv":	[6.01,10.01,9.99,15.99],"texture":"#block","cullface":"Know2Good"},
			"south":{"uv":	[9.99,10.01,6.01,15.99],"texture":"#block","cullface":"Know2Good"}
		}
	},
	{
		"__comment":"East",
		"from":[10,0,5.002],
		"to":[10.998,6,10.998],
		"faces": {
			"down":{"uv":	[5.01,15.01,10.99,15.99],"texture":"#block","cullface":"down","rotation":90},
			"up":{"uv":		[5.01,10.01,10.99,10.99],"texture":"#block","cullface":"Know2Good","rotation":270},
			"north":{"uv":	[10.01,10.01,10.99,15.99],"texture":"#block","cullface":"Know2Good"},
			"south":{"uv":	[5.01,10.01,5.99,15.99],"texture":"#block","cullface":"Know2Good"},
			"west":{"uv":	[10.99,10.01,5.01,15.99],"texture":"#block","cullface":"Know2Good"},
			"east":{"uv":	[5.01,10.01,10.99,15.99],"texture":"#block","cullface":"Know2Good"}
		}
	},
	{
		"__comment":"South",
		"from":[6,0,10],
		"to":[9.9998,6,10.998],
		"faces": {
			"down":{"uv":	[6.01,15.01,9.99,15.99],"texture":"#block","cullface":"down"},
			"up":{"uv":		[6.01,10.01,9.99,10.99],"texture":"#block","cullface":"Know2Good"},
			"north":{"uv":	[9.99,10.01,6.01,15.99],"texture":"#block","cullface":"Know2Good"},
			"south":{"uv":	[6.01,10.01,9.99,15.99],"texture":"#block","cullface":"Know2Good"}
		}
	},
	{
		"__comment":"West",
		"from":[5.002,0,5.002],
		"to":[6,6,10.998],
		"faces": {
			"down":{"uv":	[5.01,15.01,10.99,15.99],"texture":"#block","cullface":"down","rotation":270},
			"up":{"uv":		[5.01,10.01,10.99,10.99],"texture":"#block","cullface":"Know2Good","rotation":90},
			"north":{"uv":	[5.01,10.01,5.99,15.99],"texture":"#block","cullface":"Know2Good"},
			"south":{"uv":	[10.01,10.01,10.99,15.99],"texture":"#block","cullface":"Know2Good"},
			"west":{"uv":	[5.01,10.01,10.99,15.99],"texture":"#block","cullface":"Know2Good"},
			"east":{"uv":	[10.99,10.01,5.01,15.99],"texture":"#block","cullface":"Know2Good"}
		}
	},
	{
		"__comment":"Bottom",
		"from":[6,1,6],
		"to":[10,1,10],
		"faces": {
			"down":{"uv":	[6.01,12.01,10.99,15.99],"texture":"#block","cullface":"down"}
		}
	},
	{
		"__comment":"Soil",
		"from":[6,5,6],
		"to":[10,5,10],
		"faces": {
			"up":{"uv":		[3.01,12.01,6.99,15.99],"texture":"#soil","cullface":"Know2Good"}
			}
		}
    ]
}