{
"__comment":"Made by Know2Good, part of the 'Default 3D™' resource pack || Official download page: http://www.planetminecraft.com/texture_pack/default-3d-2985741/ || © Know2Good. All rights reserved. ",
"__comment":"No UV-bleed, OK coordinate, OK texture, OK cullface",

"textures": {
	"block": 	"blocks/flower_pot",
	"soil": 	"blocks/dirt",
	"flower": 	"blocks/flower_tulip_red",
	"stigma": 	"blocks/sponge",
	"particle":	"blocks/flower_pot"
},
"elements":[
	{
		"__comment": "Stigma",
		"from": [7.5,14,7.5],
		"to": [8.5,16.5,8.5],
		"faces": {
			"up":{"uv":		[0.01,0.01,0.99,0.99],"texture":"#stigma","cullface":"Know2Good"},
			"north":{"uv":	[7.01,5.01,7.99,6.99],"texture":"#flower","cullface":"Know2Good"},
			"south":{"uv":	[7.01,5.01,7.99,6.99],"texture":"#flower","cullface":"Know2Good"},
			"west":{"uv":	[7.01,5.01,7.99,6.99],"texture":"#flower","cullface":"Know2Good"},
			"east":{"uv":	[7.01,5.01,7.99,6.99],"texture":"#flower","cullface":"Know2Good"}
		}
	},
	{
		"__comment": "North-west petal",
		"from": [6.5,15.5,6.5],
		"to": [7.5,18.5,7.5],
		"faces": {
			"down":{"uv":	[6.01,5.01,6.99,5.99],"texture":"#flower","cullface":"Know2Good"},
			"up":{"uv":		[6.01,3.01,6.99,3.99],"texture":"#flower","cullface":"Know2Good"},
			"north":{"uv":	[6.01,3.01,6.99,5.99],"texture":"#flower","cullface":"Know2Good"},
			"south":{"uv":	[6.01,3.01,6.99,5.99],"texture":"#flower","cullface":"Know2Good"},
			"west":{"uv":	[6.01,3.01,6.99,5.99],"texture":"#flower","cullface":"Know2Good"},
			"east":{"uv":	[6.01,3.01,6.99,5.99],"texture":"#flower","cullface":"Know2Good"}
		}
	},
	{
		"__comment": "North-east petal",
		"from": [8.5,15.5,6.5],
		"to": [9.5,18.5,7.5],
		"faces": {
			"down":{"uv":	[8.01,5.01,8.99,5.99],"texture":"#flower","cullface":"Know2Good"},
			"up":{"uv":		[8.01,3.01,8.99,3.99],"texture":"#flower","cullface":"Know2Good"},
			"north":{"uv":	[8.01,3.01,8.99,5.99],"texture":"#flower","cullface":"Know2Good"},
			"south":{"uv":	[8.01,3.01,8.99,5.99],"texture":"#flower","cullface":"Know2Good"},
			"west":{"uv":	[8.01,3.01,8.99,5.99],"texture":"#flower","cullface":"Know2Good"},
			"east":{"uv":	[8.01,3.01,8.99,5.99],"texture":"#flower","cullface":"Know2Good"}
		}
	},
	{
		"__comment": "South-east petal",
		"from": [8.5,15.5,8.5],
		"to": [9.5,18.5,9.5],
		"faces": {
			"down":{"uv":	[8.01,5.01,8.99,5.99],"texture":"#flower","cullface":"Know2Good"},
			"up":{"uv":		[8.01,3.01,8.99,3.99],"texture":"#flower","cullface":"Know2Good"},
			"north":{"uv":	[8.01,3.01,8.99,5.99],"texture":"#flower","cullface":"Know2Good"},
			"south":{"uv":	[8.01,3.01,8.99,5.99],"texture":"#flower","cullface":"Know2Good"},
			"west":{"uv":	[8.01,3.01,8.99,5.99],"texture":"#flower","cullface":"Know2Good"},
			"east":{"uv":	[8.01,3.01,8.99,5.99],"texture":"#flower","cullface":"Know2Good"}
		}
	},
	{
		"__comment": "South-west petal",
		"from": [6.5,15.5,8.5],
		"to": [7.5,18.5,9.5],
		"faces": {
			"down":{"uv":	[6.01,5.01,6.99,5.99],"texture":"#flower","cullface":"Know2Good"},
			"up":{"uv":		[6.01,3.01,6.99,3.99],"texture":"#flower","cullface":"Know2Good"},
			"north":{"uv":	[6.01,3.01,6.99,5.99],"texture":"#flower","cullface":"Know2Good"},
			"south":{"uv":	[6.01,3.01,6.99,5.99],"texture":"#flower","cullface":"Know2Good"},
			"west":{"uv":	[6.01,3.01,6.99,5.99],"texture":"#flower","cullface":"Know2Good"},
			"east":{"uv":	[6.01,3.01,6.99,5.99],"texture":"#flower","cullface":"Know2Good"}
		}
	},
	{
		"__comment": "North petal",
		"from": [7.5,14.5,6.5],
		"to": [8.5,17.5,7.5],
		"faces": {
			"down":{"uv":	[8.01,5.01,8.99,5.99],"texture":"#flower","cullface":"Know2Good"},
			"up":{"uv":		[8.01,3.01,8.99,3.99],"texture":"#flower","cullface":"Know2Good"},
			"north":{"uv":	[8.01,3.01,8.99,5.99],"texture":"#flower","cullface":"Know2Good"},
			"south":{"uv":	[8.01,3.01,8.99,5.99],"texture":"#flower","cullface":"Know2Good"},
			"west":{"uv":	[8.01,3.01,8.99,5.99],"texture":"#flower","cullface":"Know2Good"},
			"east":{"uv":	[8.01,3.01,8.99,5.99],"texture":"#flower","cullface":"Know2Good"}
		}
	},
	{
		"__comment": "East petal",
		"from": [8.5,14.5,7.5],
		"to": [9.5,17.5,8.5],
		"faces": {
			"down":{"uv":	[8.01,5.01,8.99,5.99],"texture":"#flower","cullface":"Know2Good"},
			"up":{"uv":		[8.01,3.01,8.99,3.99],"texture":"#flower","cullface":"Know2Good"},
			"north":{"uv":	[8.01,3.01,8.99,5.99],"texture":"#flower","cullface":"Know2Good"},
			"south":{"uv":	[8.01,3.01,8.99,5.99],"texture":"#flower","cullface":"Know2Good"},
			"west":{"uv":	[8.01,3.01,8.99,5.99],"texture":"#flower","cullface":"Know2Good"},
			"east":{"uv":	[8.01,3.01,8.99,5.99],"texture":"#flower","cullface":"Know2Good"}
		}
	},
	{
		"__comment": "South petal",
		"from": [7.5,14.5,8.5],
		"to": [8.5,17.5,9.5],
		"faces": {
			"down":{"uv":	[8.01,5.01,8.99,5.99],"texture":"#flower","cullface":"Know2Good"},
			"up":{"uv":		[8.01,3.01,8.99,3.99],"texture":"#flower","cullface":"Know2Good"},
			"north":{"uv":	[8.01,3.01,8.99,5.99],"texture":"#flower","cullface":"Know2Good"},
			"south":{"uv":	[8.01,3.01,8.99,5.99],"texture":"#flower","cullface":"Know2Good"},
			"west":{"uv":	[8.01,3.01,8.99,5.99],"texture":"#flower","cullface":"Know2Good"},
			"east":{"uv":	[8.01,3.01,8.99,5.99],"texture":"#flower","cullface":"Know2Good"}
		}
	},
	{
		"__comment": "West petal",
		"from": [6.5,14.5,7.5],
		"to": [7.5,17.5,8.5],
		"faces": {
			"down":{"uv":	[8.01,5.01,8.99,5.99],"texture":"#flower","cullface":"Know2Good"},
			"up":{"uv":		[8.01,3.01,8.99,3.99],"texture":"#flower","cullface":"Know2Good"},
			"north":{"uv":	[8.01,3.01,8.99,5.99],"texture":"#flower","cullface":"Know2Good"},
			"south":{"uv":	[8.01,3.01,8.99,5.99],"texture":"#flower","cullface":"Know2Good"},
			"west":{"uv":	[8.01,3.01,8.99,5.99],"texture":"#flower","cullface":"Know2Good"},
			"east":{"uv":	[8.01,3.01,8.99,5.99],"texture":"#flower","cullface":"Know2Good"}
		}
	},
	{
		"__comment": "Stem",
		"from": [7.5,5,7.5],
		"to": [8.5,14,8.5],
		"faces": {
			"down":{"uv":	[7.01,7.01,7.99,7.99],"texture":"#flower","cullface":"Know2Good"},
			"up":{"uv":		[7.01,15.01,7.99,15.99],"texture":"#flower","cullface":"Know2Good"},
			"north":{"uv":	[7.01,7.01,7.99,15.99],"texture":"#flower","cullface":"Know2Good"},
			"south":{"uv":	[7.01,7.01,7.99,15.99],"texture":"#flower","cullface":"Know2Good"},
			"west":{"uv":	[7.01,7.01,7.99,15.99],"texture":"#flower","cullface":"Know2Good"},
			"east":{"uv":	[7.01,7.01,7.99,15.99],"texture":"#flower","cullface":"Know2Good"}
		}
	},
	{
		"__comment": "North leaf part 1",
		"from": [7.5,6,6.5],
		"to": [8.5,12,7.5],
		"faces": {
			"down":{"uv":	[6.01,14.01,6.99,14.99],"texture":"#flower","cullface":"Know2Good"},
			"up":{"uv":		[6.01,9.01,6.99,9.99],"texture":"#flower","cullface":"Know2Good"},
			"north":{"uv":	[6.01,9.01,6.99,14.99],"texture":"#flower","cullface":"Know2Good"},
			"south":{"uv":	[6.01,9.01,6.99,14.99],"texture":"#flower","cullface":"Know2Good"},
			"west":{"uv":	[6.01,9.01,6.99,14.99],"texture":"#flower","cullface":"Know2Good"},
			"east":{"uv":	[6.01,9.01,6.99,14.99],"texture":"#flower","cullface":"Know2Good"}
		}
	},
	{
		"__comment": "North leaf part 2",
		"from": [8,8,5.5],
		"to": [9,14,6.5],
		"faces": {
			"down":{"uv":	[5.01,12.01,5.99,12.99],"texture":"#flower","cullface":"Know2Good"},
			"up":{"uv":		[5.01,7.01,5.99,7.99],"texture":"#flower","cullface":"Know2Good"},
			"north":{"uv":	[5.01,7.01,5.99,12.99],"texture":"#flower","cullface":"Know2Good"},
			"south":{"uv":	[5.01,7.01,5.99,12.99],"texture":"#flower","cullface":"Know2Good"},
			"west":{"uv":	[5.01,7.01,5.99,12.99],"texture":"#flower","cullface":"Know2Good"},
			"east":{"uv":	[5.01,7.01,5.99,12.99],"texture":"#flower","cullface":"Know2Good"}
		}
	},
	{
		"__comment": "North leaf part 3",
		"from": [8.5,10,4.5],
		"to": [9.5,13,5.5],
		"faces": {
			"down":{"uv":	[4.01,10.01,4.99,10.99],"texture":"#flower","cullface":"Know2Good"},
			"up":{"uv":		[4.01,8.01,4.99,8.99],"texture":"#flower","cullface":"Know2Good"},
			"north":{"uv":	[4.01,8.01,4.99,10.99],"texture":"#flower","cullface":"Know2Good"},
			"south":{"uv":	[4.01,8.01,4.99,10.99],"texture":"#flower","cullface":"Know2Good"},
			"west":{"uv":	[4.01,8.01,4.99,10.99],"texture":"#flower","cullface":"Know2Good"},
			"east":{"uv":	[4.01,8.01,4.99,10.99],"texture":"#flower","cullface":"Know2Good"}
		}
	},
	{
		"__comment": "East leaf part 1",
		"from": [8.5,6,7.5],
		"to": [9.5,11,8.5],
		"faces": {
			"down":{"uv":	[8.01,14.01,8.99,14.99],"texture":"#flower","cullface":"Know2Good"},
			"up":{"uv":		[8.01,10.01,8.99,10.99],"texture":"#flower","cullface":"Know2Good"},
			"north":{"uv":	[8.01,10.01,8.99,14.99],"texture":"#flower","cullface":"Know2Good"},
			"south":{"uv":	[8.01,10.01,8.99,14.99],"texture":"#flower","cullface":"Know2Good"},
			"west":{"uv":	[8.01,10.01,8.99,14.99],"texture":"#flower","cullface":"Know2Good"},
			"east":{"uv":	[8.01,10.01,8.99,14.99],"texture":"#flower","cullface":"Know2Good"}
		}
	},
	{
		"__comment": "East leaf part 2",
		"from": [9.5,6,8],
		"to": [10.5,14,9],
		"faces": {
			"down":{"uv":	[9.01,14.01,9.99,14.99],"texture":"#flower","cullface":"Know2Good"},
			"up":{"uv":		[9.01,7.01,9.99,7.99],"texture":"#flower","cullface":"Know2Good"},
			"north":{"uv":	[9.01,7.01,9.99,14.99],"texture":"#flower","cullface":"Know2Good"},
			"south":{"uv":	[9.01,7.01,9.99,14.99],"texture":"#flower","cullface":"Know2Good"},
			"west":{"uv":	[9.01,7.01,9.99,14.99],"texture":"#flower","cullface":"Know2Good"},
			"east":{"uv":	[9.01,7.01,9.99,14.99],"texture":"#flower","cullface":"Know2Good"}
		}
	},
	{
		"__comment": "East leaf part 3",
		"from": [10.5,10,8.5],
		"to": [11.5,13,9.5],
		"faces": {
			"down":{"uv":	[10.01,10.01,10.99,10.99],"texture":"#flower","cullface":"Know2Good"},
			"up":{"uv":		[10.01,8.01,10.99,8.99],"texture":"#flower","cullface":"Know2Good"},
			"north":{"uv":	[10.01,8.01,10.99,10.99],"texture":"#flower","cullface":"Know2Good"},
			"south":{"uv":	[10.01,8.01,10.99,10.99],"texture":"#flower","cullface":"Know2Good"},
			"west":{"uv":	[10.01,8.01,10.99,10.99],"texture":"#flower","cullface":"Know2Good"},
			"east":{"uv":	[10.01,8.01,10.99,10.99],"texture":"#flower","cullface":"Know2Good"}
		}
	},
	{
		"__comment": "South leaf part 1",
		"from": [7.5,6,8.5],
		"to": [8.5,11,9.5],
		"faces": {
			"down":{"uv":	[8.01,14.01,8.99,14.99],"texture":"#flower","cullface":"Know2Good"},
			"up":{"uv":		[8.01,10.01,8.99,10.99],"texture":"#flower","cullface":"Know2Good"},
			"north":{"uv":	[8.01,10.01,8.99,14.99],"texture":"#flower","cullface":"Know2Good"},
			"south":{"uv":	[8.01,10.01,8.99,14.99],"texture":"#flower","cullface":"Know2Good"},
			"west":{"uv":	[8.01,10.01,8.99,14.99],"texture":"#flower","cullface":"Know2Good"},
			"east":{"uv":	[8.01,10.01,8.99,14.99],"texture":"#flower","cullface":"Know2Good"}
		}
	},
	{
		"__comment": "South leaf part 2",
		"from": [7,6,9.5],
		"to": [8,14,10.5],
		"faces": {
			"down":{"uv":	[9.01,14.01,9.99,14.99],"texture":"#flower","cullface":"Know2Good"},
			"up":{"uv":		[9.01,7.01,9.99,7.99],"texture":"#flower","cullface":"Know2Good"},
			"north":{"uv":	[9.01,7.01,9.99,14.99],"texture":"#flower","cullface":"Know2Good"},
			"south":{"uv":	[9.01,7.01,9.99,14.99],"texture":"#flower","cullface":"Know2Good"},
			"west":{"uv":	[9.01,7.01,9.99,14.99],"texture":"#flower","cullface":"Know2Good"},
			"east":{"uv":	[9.01,7.01,9.99,14.99],"texture":"#flower","cullface":"Know2Good"}
		}
	},
	{
		"__comment": "South leaf part 3",
		"from": [6.5,10,10.5],
		"to": [7.5,13,11.5],
		"faces": {
			"down":{"uv":	[10.01,10.01,10.99,10.99],"texture":"#flower","cullface":"Know2Good"},
			"up":{"uv":		[10.01,8.01,10.99,8.99],"texture":"#flower","cullface":"Know2Good"},
			"north":{"uv":	[10.01,8.01,10.99,10.99],"texture":"#flower","cullface":"Know2Good"},
			"south":{"uv":	[10.01,8.01,10.99,10.99],"texture":"#flower","cullface":"Know2Good"},
			"west":{"uv":	[10.01,8.01,10.99,10.99],"texture":"#flower","cullface":"Know2Good"},
			"east":{"uv":	[10.01,8.01,10.99,10.99],"texture":"#flower","cullface":"Know2Good"}
		}
	},
	{
		"__comment": "West leaf part 1",
		"from": [6.5,6,7.5],
		"to": [7.5,12,8.5],
		"faces": {
			"down":{"uv":	[6.01,14.01,6.99,14.99],"texture":"#flower","cullface":"Know2Good"},
			"up":{"uv":		[6.01,9.01,6.99,9.99],"texture":"#flower","cullface":"Know2Good"},
			"north":{"uv":	[6.01,9.01,6.99,14.99],"texture":"#flower","cullface":"Know2Good"},
			"south":{"uv":	[6.01,9.01,6.99,14.99],"texture":"#flower","cullface":"Know2Good"},
			"west":{"uv":	[6.01,9.01,6.99,14.99],"texture":"#flower","cullface":"Know2Good"},
			"east":{"uv":	[6.01,9.01,6.99,14.99],"texture":"#flower","cullface":"Know2Good"}
		}
	},
	{
		"__comment": "West leaf part 2",
		"from": [5.5,8,7],
		"to": [6.5,14,8],
		"faces": {
			"down":{"uv":	[5.01,12.01,5.99,12.99],"texture":"#flower","cullface":"Know2Good"},
			"up":{"uv":		[5.01,7.01,5.99,7.99],"texture":"#flower","cullface":"Know2Good"},
			"north":{"uv":	[5.01,7.01,5.99,12.99],"texture":"#flower","cullface":"Know2Good"},
			"south":{"uv":	[5.01,7.01,5.99,12.99],"texture":"#flower","cullface":"Know2Good"},
			"west":{"uv":	[5.01,7.01,5.99,12.99],"texture":"#flower","cullface":"Know2Good"},
			"east":{"uv":	[5.01,7.01,5.99,12.99],"texture":"#flower","cullface":"Know2Good"}
		}
	},
	{
		"__comment": "West leaf part 3",
		"from": [4.5,10,6.5],
		"to": [5.5,13,7.5],
		"faces": {
			"down":{"uv":	[4.01,10.01,4.99,10.99],"texture":"#flower","cullface":"Know2Good"},
			"up":{"uv":		[4.01,8.01,4.99,8.99],"texture":"#flower","cullface":"Know2Good"},
			"north":{"uv":	[4.01,8.01,4.99,10.99],"texture":"#flower","cullface":"Know2Good"},
			"south":{"uv":	[4.01,8.01,4.99,10.99],"texture":"#flower","cullface":"Know2Good"},
			"west":{"uv":	[4.01,8.01,4.99,10.99],"texture":"#flower","cullface":"Know2Good"},
			"east":{"uv":	[4.01,8.01,4.99,10.99],"texture":"#flower","cullface":"Know2Good"}
        }
    },
	{
		"__comment":"North",
		"from":[6,0,5.002],
		"to":[9.9998,6,6],
		"faces": {
			"down":{"uv":	[6.01,15.01,9.99,15.99],"texture":"#block","cullface":"down","rotation":180},
			"up":{"uv":		[6.01,10.01,9.99,10.99],"texture":"#block","cullface":"Know2Good","rotation":180},
			"north":{"uv":	[6.01,10.01,9.99,15.99],"texture":"#block","cullface":"Know2Good"},
			"south":{"uv":	[9.99,10.01,6.01,15.99],"texture":"#block","cullface":"Know2Good"}
		}
	},
	{
		"__comment":"East",
		"from":[10,0,5.002],
		"to":[10.998,6,10.998],
		"faces": {
			"down":{"uv":	[5.01,15.01,10.99,15.99],"texture":"#block","cullface":"down","rotation":90},
			"up":{"uv":		[5.01,10.01,10.99,10.99],"texture":"#block","cullface":"Know2Good","rotation":270},
			"north":{"uv":	[10.01,10.01,10.99,15.99],"texture":"#block","cullface":"Know2Good"},
			"south":{"uv":	[5.01,10.01,5.99,15.99],"texture":"#block","cullface":"Know2Good"},
			"west":{"uv":	[10.99,10.01,5.01,15.99],"texture":"#block","cullface":"Know2Good"},
			"east":{"uv":	[5.01,10.01,10.99,15.99],"texture":"#block","cullface":"Know2Good"}
		}
	},
	{
		"__comment":"South",
		"from":[6,0,10],
		"to":[9.9998,6,10.998],
		"faces": {
			"down":{"uv":	[6.01,15.01,9.99,15.99],"texture":"#block","cullface":"down"},
			"up":{"uv":		[6.01,10.01,9.99,10.99],"texture":"#block","cullface":"Know2Good"},
			"north":{"uv":	[9.99,10.01,6.01,15.99],"texture":"#block","cullface":"Know2Good"},
			"south":{"uv":	[6.01,10.01,9.99,15.99],"texture":"#block","cullface":"Know2Good"}
		}
	},
	{
		"__comment":"West",
		"from":[5.002,0,5.002],
		"to":[6,6,10.998],
		"faces": {
			"down":{"uv":	[5.01,15.01,10.99,15.99],"texture":"#block","cullface":"down","rotation":270},
			"up":{"uv":		[5.01,10.01,10.99,10.99],"texture":"#block","cullface":"Know2Good","rotation":90},
			"north":{"uv":	[5.01,10.01,5.99,15.99],"texture":"#block","cullface":"Know2Good"},
			"south":{"uv":	[10.01,10.01,10.99,15.99],"texture":"#block","cullface":"Know2Good"},
			"west":{"uv":	[5.01,10.01,10.99,15.99],"texture":"#block","cullface":"Know2Good"},
			"east":{"uv":	[10.99,10.01,5.01,15.99],"texture":"#block","cullface":"Know2Good"}
		}
	},
	{
		"__comment":"Bottom",
		"from":[6,1,6],
		"to":[10,1,10],
		"faces": {
			"down":{"uv":	[6.01,12.01,10.99,15.99],"texture":"#block","cullface":"down"}
		}
	},
	{
		"__comment":"Soil",
		"from":[6,5,6],
		"to":[10,5,10],
		"faces": {
			"up":{"uv":		[3.01,12.01,6.99,15.99],"texture":"#soil","cullface":"Know2Good"}
			}
		}
    ]
}