{
"__comment":"Made by Know2Good, part of the 'Default 3D™' resource pack || Official download page: http://www.planetminecraft.com/texture_pack/default-3d-2985741/ || © Know2Good. All rights reserved. ",
"__comment":"No UV-bleed, OK coordinate, OK texture, OK cullface",

"textures": {
	"block": 	"blocks/flower_pot",
	"soil": 	"blocks/dirt",
	"flower": 	"blocks/flower_rose",
	"particle":	"blocks/flower_pot"
},
"elements":[
	{
		"__comment": "Leaf north 1",
		"from": [7.5,5,6.5],
		"to": [8.5,6,7.5],
		"faces": {
			"down":{"uv":	[7.01,15.01,7.99,15.99],"texture":"#flower","cullface":"down"},
			"up":{"uv":		[7.01,15.01,7.99,15.99],"texture":"#flower","cullface":"Know2Good"},
			"north":{"uv":	[7.01,15.01,7.99,15.99],"texture":"#flower","cullface":"Know2Good"},
			"west":{"uv":	[7.01,15.01,7.99,15.99],"texture":"#flower","cullface":"Know2Good"},
			"east":{"uv":	[7.01,15.01,7.99,15.99],"texture":"#flower","cullface":"Know2Good"}
		}
	},
	{
		"__comment": "Leaf north 2",
		"from": [8,6,5.5],
		"to": [9,7,6.5],
		"faces": {
			"down":{"uv":	[6.01,14.01,6.99,14.99],"texture":"#flower","cullface":"Know2Good"},
			"up":{"uv":		[6.01,14.01,6.99,14.99],"texture":"#flower","cullface":"Know2Good"},
			"north":{"uv":	[6.01,14.01,6.99,14.99],"texture":"#flower","cullface":"Know2Good"},
			"south":{"uv":	[6.01,14.01,6.99,14.99],"texture":"#flower","cullface":"Know2Good"},
			"west":{"uv":	[6.01,14.01,6.99,14.99],"texture":"#flower","cullface":"Know2Good"},
			"east":{"uv":	[6.01,14.01,6.99,14.99],"texture":"#flower","cullface":"Know2Good"}
		}
	},
	{
		"__comment": "Leaf north 3",
		"from": [8.5,7,4.5],
		"to": [9.5,8,6.5],
		"faces": {
			"down":{"uv":	[5.01,13.01,6.99,13.99],"texture":"#flower","cullface":"Know2Good","rotation":270},
			"up":{"uv":		[5.01,13.01,6.99,13.99],"texture":"#flower","cullface":"Know2Good","rotation":90},
			"north":{"uv":	[5.01,13.01,5.99,13.99],"texture":"#flower","cullface":"Know2Good"},
			"south":{"uv":	[6.01,13.01,6.99,13.99],"texture":"#flower","cullface":"Know2Good"},
			"west":{"uv":	[5.01,13.01,6.99,13.99],"texture":"#flower","cullface":"Know2Good"},
			"east":{"uv":	[5.01,13.01,6.99,13.99],"texture":"#flower","cullface":"Know2Good","rotation":180}
		}
	},
	{
		"__comment": "Leaf east 1",
		"from": [8.5,5,8],
		"to": [9.5,7,9],
		"faces": {
			"down":{"uv":	[9.01,15.01,9.99,15.99],"texture":"#flower","cullface":"down"},
			"up":{"uv":		[9.01,14.01,9.99,14.99],"texture":"#flower","cullface":"Know2Good"},
			"north":{"uv":	[9.01,14.01,9.99,15.99],"texture":"#flower","cullface":"Know2Good"},
			"south":{"uv":	[9.01,14.01,9.99,15.99],"texture":"#flower","cullface":"Know2Good"},
			"west":{"uv":	[9.01,14.01,9.99,15.99],"texture":"#flower","cullface":"Know2Good"},
			"east":{"uv":	[9.01,14.01,9.99,15.99],"texture":"#flower","cullface":"Know2Good"}
		}
	},
	{
		"__comment": "Leaf east 2",
		"from": [9.5,7,8.5],
		"to": [11.5,8,9.5],
		"faces": {
			"down":{"uv":	[10.01,13.01,11.99,13.99],"texture":"#flower","cullface":"Know2Good"},
			"up":{"uv":		[10.01,13.01,11.99,13.99],"texture":"#flower","cullface":"Know2Good"},
			"north":{"uv":	[10.01,13.01,11.99,13.99],"texture":"#flower","cullface":"Know2Good","rotation":180},
			"south":{"uv":	[10.01,13.01,11.99,13.99],"texture":"#flower","cullface":"Know2Good"},
			"west":{"uv":	[10.01,13.01,10.99,13.99],"texture":"#flower","cullface":"Know2Good"},
			"east":{"uv":	[11.01,13.01,11.99,13.99],"texture":"#flower","cullface":"Know2Good"}
		}
	},
	{
		"__comment": "Leaf south 1",
		"from": [7,5,8.5],
		"to": [8,7,9.5],
		"faces": {
			"down":{"uv":	[9.01,15.01,9.99,15.99],"texture":"#flower","cullface":"down"},
			"up":{"uv":		[9.01,14.01,9.99,14.99],"texture":"#flower","cullface":"Know2Good"},
			"north":{"uv":	[9.01,14.01,9.99,15.99],"texture":"#flower","cullface":"Know2Good"},
			"south":{"uv":	[9.01,14.01,9.99,15.99],"texture":"#flower","cullface":"Know2Good"},
			"west":{"uv":	[9.01,14.01,9.99,15.99],"texture":"#flower","cullface":"Know2Good"},
			"east":{"uv":	[9.01,14.01,9.99,15.99],"texture":"#flower","cullface":"Know2Good"}
		}
	},
	{
		"__comment": "Leaf south 2",
		"from": [6.5,7,9.5],
		"to": [7.5,8,11.5],
		"faces": {
			"down":{"uv":	[10.01,13.01,11.99,13.99],"texture":"#flower","cullface":"Know2Good","rotation":270},
			"up":{"uv":		[10.01,13.01,11.99,13.99],"texture":"#flower","cullface":"Know2Good","rotation":90},
			"north":{"uv":	[10.01,13.01,10.99,13.99],"texture":"#flower","cullface":"Know2Good"},
			"south":{"uv":	[11.01,13.01,11.99,13.99],"texture":"#flower","cullface":"Know2Good"},
			"west":{"uv":	[10.01,13.01,11.99,13.99],"texture":"#flower","cullface":"Know2Good"},
			"east":{"uv":	[10.01,13.01,11.99,13.99],"texture":"#flower","cullface":"Know2Good","rotation":180}
		}
	},
	{
		"__comment": "Leaf west 1",
		"from": [6.5,5,7.5],
		"to": [7.5,6,8.5],
		"faces": {
			"down":{"uv":	[7.01,15.01,7.99,15.99],"texture":"#flower","cullface":"down"},
			"up":{"uv":		[7.01,15.01,7.99,15.99],"texture":"#flower","cullface":"Know2Good"},
			"north":{"uv":	[7.01,15.01,7.99,15.99],"texture":"#flower","cullface":"Know2Good"},
			"south":{"uv":	[7.01,15.01,7.99,15.99],"texture":"#flower","cullface":"Know2Good"},
			"west":{"uv":	[7.01,15.01,7.99,15.99],"texture":"#flower","cullface":"Know2Good"}
		}
	},
	{
		"__comment": "Leaf west 2",
		"from": [5.5,6,7],
		"to": [6.5,7,8],
		"faces": {
			"down":{"uv":	[6.01,14.01,6.99,14.99],"texture":"#flower","cullface":"Know2Good"},
			"up":{"uv":		[6.01,14.01,6.99,14.99],"texture":"#flower","cullface":"Know2Good"},
			"north":{"uv":	[6.01,14.01,6.99,14.99],"texture":"#flower","cullface":"Know2Good"},
			"south":{"uv":	[6.01,14.01,6.99,14.99],"texture":"#flower","cullface":"Know2Good"},
			"west":{"uv":	[6.01,14.01,6.99,14.99],"texture":"#flower","cullface":"Know2Good"},
			"east":{"uv":	[6.01,14.01,6.99,14.99],"texture":"#flower","cullface":"Know2Good"}
		}
	},
	{
		"__comment": "Leaf west 3",
		"from": [4.5,7,6.5],
		"to": [6.5,8,7.5],
		"faces": {
			"down":{"uv":	[5.01,13.01,6.99,13.99],"texture":"#flower","cullface":"Know2Good"},
			"up":{"uv":		[5.01,13.01,6.99,13.99],"texture":"#flower","cullface":"Know2Good"},
			"north":{"uv":	[5.01,13.01,6.99,13.99],"texture":"#flower","cullface":"Know2Good","rotation":180},
			"south":{"uv":	[5.01,13.01,6.99,13.99],"texture":"#flower","cullface":"Know2Good"},
			"west":{"uv":	[5.01,13.01,5.99,13.99],"texture":"#flower","cullface":"Know2Good"},
			"east":{"uv":	[6.01,13.01,6.99,13.99],"texture":"#flower","cullface":"Know2Good"}
		}
	},
	{
		"__comment": "Petal north-west",
		"from": [6.5,12.25,6.5],
		"to": [7.5,13.25,7.5],
		"faces": {
			"down":{"uv":	[6.01,6.01,6.99,6.99],"texture":"#flower","cullface":"Know2Good"},
			"up":{"uv":		[6.01,6.01,6.99,6.99],"texture":"#flower","cullface":"Know2Good"},
			"north":{"uv":	[6.01,6.01,6.99,6.99],"texture":"#flower","cullface":"Know2Good"},
			"south":{"uv":	[6.01,6.01,6.99,6.99],"texture":"#flower","cullface":"Know2Good"},
			"west":{"uv":	[6.01,6.01,6.99,6.99],"texture":"#flower","cullface":"Know2Good"},
			"east":{"uv":	[6.01,6.01,6.99,6.99],"texture":"#flower","cullface":"Know2Good"}
		}
	},
	{
		"__comment": "Petal north 1",
		"from": [7.5,12,6.5],
		"to": [8.5,12.5,7.5],
		"faces": {
			"up":{"uv":		[8.01,6.01,8.99,6.99],"texture":"#flower","cullface":"Know2Good"},
			"north":{"uv":	[8.01,6.01,8.99,6.99],"texture":"#flower","cullface":"Know2Good"},
			"west":{"uv":	[8.01,6.01,8.99,6.99],"texture":"#flower","cullface":"Know2Good"},
			"east":{"uv":	[8.01,6.01,8.99,6.99],"texture":"#flower","cullface":"Know2Good"}
		}
	},
	{
		"__comment": "Petal north 2",
		"from": [7.5,12.5,5.5],
		"to": [8.5,13.75,6.5],
		"faces": {
			"down":{"uv":	[8.01,6.01,8.99,6.99],"texture":"#flower","cullface":"Know2Good"},
			"up":{"uv":		[8.01,6.01,8.99,6.99],"texture":"#flower","cullface":"Know2Good"},
			"north":{"uv":	[8.01,6.01,8.99,6.99],"texture":"#flower","cullface":"Know2Good"},
			"south":{"uv":	[8.01,6.01,8.99,6.99],"texture":"#flower","cullface":"Know2Good"},
			"west":{"uv":	[8.01,6.01,8.99,6.99],"texture":"#flower","cullface":"Know2Good"},
			"east":{"uv":	[8.01,6.01,8.99,6.99],"texture":"#flower","cullface":"Know2Good"}
		}
	},
	{
		"__comment": "Petal north-east",
		"from": [8.5,12.25,6.5],
		"to": [9.5,13.5,7.5],
		"faces": {
			"down":{"uv":	[6.01,6.01,6.99,6.99],"texture":"#flower","cullface":"Know2Good"},
			"up":{"uv":		[6.01,6.01,6.99,6.99],"texture":"#flower","cullface":"Know2Good"},
			"north":{"uv":	[6.01,6.01,6.99,6.99],"texture":"#flower","cullface":"Know2Good"},
			"south":{"uv":	[6.01,6.01,6.99,6.99],"texture":"#flower","cullface":"Know2Good"},
			"west":{"uv":	[6.01,6.01,6.99,6.99],"texture":"#flower","cullface":"Know2Good"},
			"east":{"uv":	[6.01,6.01,6.99,6.99],"texture":"#flower","cullface":"Know2Good"}
		}
	},
	{
		"__comment": "Petal east 1",
		"from": [8.5,11.5,7.5],
		"to": [9.5,12.5,8.5],
		"faces": {
			"down":{"uv":	[8.01,6.01,8.99,6.99],"texture":"#flower","cullface":"Know2Good"},
			"up":{"uv":		[8.01,6.01,8.99,6.99],"texture":"#flower","cullface":"Know2Good"},
			"north":{"uv":	[8.01,6.01,8.99,6.99],"texture":"#flower","cullface":"Know2Good"},
			"south":{"uv":	[8.01,6.01,8.99,6.99],"texture":"#flower","cullface":"Know2Good"},
			"east":{"uv":	[8.01,6.01,8.99,6.99],"texture":"#flower","cullface":"Know2Good"}
		}
	},
	{
		"__comment": "Petal east 2",
		"from": [9.5,12.5,7.5],
		"to": [10.5,14,8.5],
		"faces": {
			"down":{"uv":	[8.01,6.01,8.99,6.99],"texture":"#flower","cullface":"Know2Good"},
			"up":{"uv":		[8.01,6.01,8.99,6.99],"texture":"#flower","cullface":"Know2Good"},
			"north":{"uv":	[8.01,6.01,8.99,6.99],"texture":"#flower","cullface":"Know2Good"},
			"south":{"uv":	[8.01,6.01,8.99,6.99],"texture":"#flower","cullface":"Know2Good"},
			"west":{"uv":	[8.01,6.01,8.99,6.99],"texture":"#flower","cullface":"Know2Good"},
			"east":{"uv":	[8.01,6.01,8.99,6.99],"texture":"#flower","cullface":"Know2Good"}
		}
	},
	{
		"__comment": "Petal south-east",
		"from": [8.5,12.25,8.5],
		"to": [9.5,13.5,9.5],
		"faces": {
			"down":{"uv":	[6.01,6.01,6.99,6.99],"texture":"#flower","cullface":"Know2Good"},
			"up":{"uv":		[6.01,6.01,6.99,6.99],"texture":"#flower","cullface":"Know2Good"},
			"north":{"uv":	[6.01,6.01,6.99,6.99],"texture":"#flower","cullface":"Know2Good"},
			"south":{"uv":	[6.01,6.01,6.99,6.99],"texture":"#flower","cullface":"Know2Good"},
			"west":{"uv":	[6.01,6.01,6.99,6.99],"texture":"#flower","cullface":"Know2Good"},
			"east":{"uv":	[6.01,6.01,6.99,6.99],"texture":"#flower","cullface":"Know2Good"}
		}
	},
	{
		"__comment": "Petal south 1",
		"from": [7.5,11.5,8.5],
		"to": [8.5,12.5,9.5],
		"faces": {
			"down":{"uv":	[6.01,6.01,6.99,6.99],"texture":"#flower","cullface":"Know2Good"},
			"up":{"uv":		[6.01,6.01,6.99,6.99],"texture":"#flower","cullface":"Know2Good"},
			"south":{"uv":	[6.01,6.01,6.99,6.99],"texture":"#flower","cullface":"Know2Good"},
			"west":{"uv":	[6.01,6.01,6.99,6.99],"texture":"#flower","cullface":"Know2Good"},
			"east":{"uv":	[6.01,6.01,6.99,6.99],"texture":"#flower","cullface":"Know2Good"}
		}
	},
	{
		"__comment": "Petal south 2",
		"from": [7.5,12.5,9.5],
		"to": [8.5,14,10.5],
		"faces": {
			"down":{"uv":	[6.01,6.01,6.99,6.99],"texture":"#flower","cullface":"Know2Good"},
			"up":{"uv":		[6.01,6.01,6.99,6.99],"texture":"#flower","cullface":"Know2Good"},
			"north":{"uv":	[6.01,6.01,6.99,6.99],"texture":"#flower","cullface":"Know2Good"},
			"south":{"uv":	[6.01,6.01,6.99,6.99],"texture":"#flower","cullface":"Know2Good"},
			"west":{"uv":	[6.01,6.01,6.99,6.99],"texture":"#flower","cullface":"Know2Good"},
			"east":{"uv":	[6.01,6.01,6.99,6.99],"texture":"#flower","cullface":"Know2Good"}
		}
	},
	{
		"__comment": "Petal south-west",
		"from": [6.5,12.25,8.5],
		"to": [7.5,13.5,9.5],
		"faces": {
			"down":{"uv":	[8.01,6.01,8.99,6.99],"texture":"#flower","cullface":"Know2Good"},
			"up":{"uv":		[8.01,6.01,8.99,6.99],"texture":"#flower","cullface":"Know2Good"},
			"north":{"uv":	[8.01,6.01,8.99,6.99],"texture":"#flower","cullface":"Know2Good"},
			"south":{"uv":	[8.01,6.01,8.99,6.99],"texture":"#flower","cullface":"Know2Good"},
			"west":{"uv":	[8.01,6.01,8.99,6.99],"texture":"#flower","cullface":"Know2Good"},
			"east":{"uv":	[8.01,6.01,8.99,6.99],"texture":"#flower","cullface":"Know2Good"}
		}
	},
	{
		"__comment": "Petal west 1",
		"from": [6.5,12,7.5],
		"to": [7.5,12.5,8.5],
		"faces": {
			"up":{"uv":		[6.01,6.01,6.99,6.99],"texture":"#flower","cullface":"Know2Good"},
			"north":{"uv":	[6.01,6.01,6.99,6.99],"texture":"#flower","cullface":"Know2Good"},
			"south":{"uv":	[6.01,6.01,6.99,6.99],"texture":"#flower","cullface":"Know2Good"},
			"west":{"uv":	[6.01,6.01,6.99,6.99],"texture":"#flower","cullface":"Know2Good"}
		}
	},
	{
		"__comment": "Petal west 2",
		"from": [5.5,12.5,7.5],
		"to": [6.5,13.75,8.5],
		"faces": {
			"down":{"uv":	[6.01,6.01,6.99,6.99],"texture":"#flower","cullface":"Know2Good"},
			"up":{"uv":		[6.01,6.01,6.99,6.99],"texture":"#flower","cullface":"Know2Good"},
			"north":{"uv":	[6.01,6.01,6.99,6.99],"texture":"#flower","cullface":"Know2Good"},
			"south":{"uv":	[6.01,6.01,6.99,6.99],"texture":"#flower","cullface":"Know2Good"},
			"west":{"uv":	[6.01,6.01,6.99,6.99],"texture":"#flower","cullface":"Know2Good"},
			"east":{"uv":	[6.01,6.01,6.99,6.99],"texture":"#flower","cullface":"Know2Good"}
		}
	},
	{
		"__comment": "Stigma",
		"from": [7.5,12,7.5],
		"to": [8.5,13,8.5],
		"faces": {
			"up":{"uv":		[7.01,7.01,7.99,7.99],"texture":"#flower","cullface":"Know2Good"},
			"north":{"uv":	[7.01,7.01,7.99,7.99],"texture":"#flower","cullface":"Know2Good"},
			"south":{"uv":	[7.01,7.01,7.99,7.99],"texture":"#flower","cullface":"Know2Good"},
			"west":{"uv":	[7.01,7.01,7.99,7.99],"texture":"#flower","cullface":"Know2Good"},
			"east":{"uv":	[7.01,7.01,7.99,7.99],"texture":"#flower","cullface":"Know2Good"}
		}
	},
	{
		"__comment": "Stem north",
		"from": [6.5,11,7.5],
		"to": [7.5,12,8.5],
		"faces": {
			"down":{"uv":	[7.01,9.01,7.99,9.99],"texture":"#flower","cullface":"down"},
			"up":{"uv":		[7.01,9.01,7.99,9.99],"texture":"#flower","cullface":"Know2Good"},
			"north":{"uv":	[7.01,9.01,7.99,9.99],"texture":"#flower","cullface":"Know2Good"},
			"south":{"uv":	[7.01,9.01,7.99,9.99],"texture":"#flower","cullface":"Know2Good"},
			"west":{"uv":	[7.01,9.01,7.99,9.99],"texture":"#flower","cullface":"Know2Good"}
		}
	},
	{
		"__comment": "Stem west",
		"from": [7.5,11,6.5],
		"to": [8.5,12,7.5],
		"faces": {
			"down":{"uv":	[7.01,9.01,7.99,9.99],"texture":"#flower","cullface":"down"},
			"up":{"uv":		[7.01,9.01,7.99,9.99],"texture":"#flower","cullface":"Know2Good"},
			"north":{"uv":	[7.01,9.01,7.99,9.99],"texture":"#flower","cullface":"Know2Good"},
			"west":{"uv":	[7.01,9.01,7.99,9.99],"texture":"#flower","cullface":"Know2Good"},
			"east":{"uv":	[7.01,9.01,7.99,9.99],"texture":"#flower","cullface":"Know2Good"}
		}
	},
	{
		"__comment": "Stem",
		"from": [7.5,5,7.5],
		"to": [8.5,12,8.5],
		"faces": {
			"down":{"uv":	[8.01,15.01,8.99,15.99],"texture":"#flower","cullface":"down"},
			"up":{"uv":		[8.01,9.01,8.99,9.99],"texture":"#flower","cullface":"Know2Good"},
			"north":{"uv":	[8.01,9.01,8.99,15.99],"texture":"#flower","cullface":"Know2Good"},
			"south":{"uv":	[8.01,9.01,8.99,15.99],"texture":"#flower","cullface":"Know2Good"},
			"west":{"uv":	[8.01,9.01,8.99,15.99],"texture":"#flower","cullface":"Know2Good"},
			"east":{"uv":	[8.01,9.01,8.99,15.99],"texture":"#flower","cullface":"Know2Good"}
        }
    },
	{
		"__comment":"North",
		"from":[6,0,5.002],
		"to":[9.9998,6,6],
		"faces": {
			"down":{"uv":	[6.01,15.01,9.99,15.99],"texture":"#block","cullface":"down","rotation":180},
			"up":{"uv":		[6.01,10.01,9.99,10.99],"texture":"#block","cullface":"Know2Good","rotation":180},
			"north":{"uv":	[6.01,10.01,9.99,15.99],"texture":"#block","cullface":"Know2Good"},
			"south":{"uv":	[9.99,10.01,6.01,15.99],"texture":"#block","cullface":"Know2Good"}
		}
	},
	{
		"__comment":"East",
		"from":[10,0,5.002],
		"to":[10.998,6,10.998],
		"faces": {
			"down":{"uv":	[5.01,15.01,10.99,15.99],"texture":"#block","cullface":"down","rotation":90},
			"up":{"uv":		[5.01,10.01,10.99,10.99],"texture":"#block","cullface":"Know2Good","rotation":270},
			"north":{"uv":	[10.01,10.01,10.99,15.99],"texture":"#block","cullface":"Know2Good"},
			"south":{"uv":	[5.01,10.01,5.99,15.99],"texture":"#block","cullface":"Know2Good"},
			"west":{"uv":	[10.99,10.01,5.01,15.99],"texture":"#block","cullface":"Know2Good"},
			"east":{"uv":	[5.01,10.01,10.99,15.99],"texture":"#block","cullface":"Know2Good"}
		}
	},
	{
		"__comment":"South",
		"from":[6,0,10],
		"to":[9.9998,6,10.998],
		"faces": {
			"down":{"uv":	[6.01,15.01,9.99,15.99],"texture":"#block","cullface":"down"},
			"up":{"uv":		[6.01,10.01,9.99,10.99],"texture":"#block","cullface":"Know2Good"},
			"north":{"uv":	[9.99,10.01,6.01,15.99],"texture":"#block","cullface":"Know2Good"},
			"south":{"uv":	[6.01,10.01,9.99,15.99],"texture":"#block","cullface":"Know2Good"}
		}
	},
	{
		"__comment":"West",
		"from":[5.002,0,5.002],
		"to":[6,6,10.998],
		"faces": {
			"down":{"uv":	[5.01,15.01,10.99,15.99],"texture":"#block","cullface":"down","rotation":270},
			"up":{"uv":		[5.01,10.01,10.99,10.99],"texture":"#block","cullface":"Know2Good","rotation":90},
			"north":{"uv":	[5.01,10.01,5.99,15.99],"texture":"#block","cullface":"Know2Good"},
			"south":{"uv":	[10.01,10.01,10.99,15.99],"texture":"#block","cullface":"Know2Good"},
			"west":{"uv":	[5.01,10.01,10.99,15.99],"texture":"#block","cullface":"Know2Good"},
			"east":{"uv":	[10.99,10.01,5.01,15.99],"texture":"#block","cullface":"Know2Good"}
		}
	},
	{
		"__comment":"Bottom",
		"from":[6,1,6],
		"to":[10,1,10],
		"faces": {
			"down":{"uv":	[6.01,12.01,10.99,15.99],"texture":"#block","cullface":"down"}
		}
	},
	{
		"__comment":"Soil",
		"from":[6,5,6],
		"to":[10,5,10],
		"faces": {
			"up":{"uv":		[3.01,12.01,6.99,15.99],"texture":"#soil","cullface":"Know2Good"}
			}
		}
    ]
}