{
"__comment":"Made by Know2Good, part of the 'Default 3D™' resource pack || Official download page: http://www.planetminecraft.com/texture_pack/default-3d-2985741/ || © Know2Good. All rights reserved. ",
"__comment":"No UV-bleed, OK coordinate, OK texture, OK cullface",

"textures": {
	"block": 	"blocks/flower_pot",
	"soil": 	"blocks/dirt",
	"flower": 	"blocks/flower_allium",
	"particle":	"blocks/flower_pot"
},
"elements":[
	{
		"__comment": "Stem",
		"from": [7.5,5,7.5],
		"to": [8.5,13,8.5],
		"faces": {
			"north":{"uv":	[7.01,8.01,7.99,15.99],"texture":"#flower","cullface":"Know2Good"},
			"south":{"uv":	[7.01,8.01,7.99,15.99],"texture":"#flower","cullface":"Know2Good"},
			"west":{"uv":	[7.01,8.01,7.99,15.99],"texture":"#flower","cullface":"Know2Good"},
			"east":{"uv":	[7.01,8.01,7.99,15.99],"texture":"#flower","cullface":"Know2Good"}
		}
	},
	{
		"__comment": "Flower center",
		"from": [5.5,14,5.5],
		"to": [10.5,18,10.5],
		"faces": {
			"north":{"uv":	[5.01,3.01,9.99,6.99],"texture":"#flower","cullface":"Know2Good"},
			"south":{"uv":	[5.01,3.01,9.99,6.99],"texture":"#flower","cullface":"Know2Good"},
			"west":{"uv":	[9.99,3.01,5.01,6.99],"texture":"#flower","cullface":"Know2Good"},
			"east":{"uv":	[9.99,3.01,5.01,6.99],"texture":"#flower","cullface":"Know2Good"}
		}
	},
	{
		"__comment": "Flower top/bottom north",
		"from": [6.5,14,5.5],
		"to": [10.5,18,6.5],
		"faces": {
			"down":{"uv":	[5.01,6.01,8.99,6.99],"texture":"#flower","cullface":"Know2Good","rotation":180},
			"up":{"uv":		[5.01,3.01,8.99,3.99],"texture":"#flower","cullface":"Know2Good","rotation":180}
		}
	},
	{
		"__comment": "Flower top/bottom east",
		"from": [9.5,14,6.5],
		"to": [10.5,18,10.5],
		"faces": {
			"down":{"uv":	[9.99,6.01,6.01,6.99],"texture":"#flower","cullface":"Know2Good","rotation":90},
			"up":{"uv":		[9.99,3.01,6.01,3.99],"texture":"#flower","cullface":"Know2Good","rotation":270}
		}
	},
	{
		"__comment": "Flower top/bottom south",
		"from": [5.5,14,9.5],
		"to": [9.5,18,10.5],
		"faces": {
			"down":{"uv":	[5.01,6.01,8.99,6.99],"texture":"#flower","cullface":"Know2Good"},
			"up":{"uv":		[5.01,3.01,8.99,3.99],"texture":"#flower","cullface":"Know2Good"}
		}
	},
	{
		"__comment": "Flower top/bottom west",
		"from": [5.5,14,5.5],
		"to": [6.5,18,9.5],
		"faces": {
			"down":{"uv":	[9.99,6.01,6.01,6.99],"texture":"#flower","cullface":"Know2Good","rotation":270},
			"up":{"uv":		[9.99,3.01,6.01,3.99],"texture":"#flower","cullface":"Know2Good","rotation":90}
		}
	},
	{
		"__comment": "Flower top",
		"from": [6.5,18,6.5],
		"to": [9.5,19,9.5],
		"faces": {
			"up":{"uv":		[6.01,3.01,8.99,5.99],"texture":"#flower","cullface":"Know2Good"},
			"north":{"uv":	[6.01,3.01,8.99,3.99],"texture":"#flower","cullface":"Know2Good","rotation":180},
			"south":{"uv":	[6.01,5.01,8.99,5.99],"texture":"#flower","cullface":"Know2Good"},
			"west":{"uv":	[6.01,3.01,6.99,5.99],"texture":"#flower","cullface":"Know2Good","rotation":270},
			"east":{"uv":	[8.01,3.01,8.99,5.99],"texture":"#flower","cullface":"Know2Good","rotation":90}
		}
	},
	{
		"__comment": "Flower bottom",
		"from": [6.5,13,6.5],
		"to": [9.5,14,9.5],
		"faces": {
			"down":{"uv":	[6.01,3.01,8.99,5.99],"texture":"#flower","cullface":"Know2Good"},
			"north":{"uv":	[6.01,5.01,8.99,5.99],"texture":"#flower","cullface":"Know2Good","rotation":180},
			"south":{"uv":	[6.01,3.01,8.99,3.99],"texture":"#flower","cullface":"Know2Good"},
			"west":{"uv":	[6.01,3.01,6.99,5.99],"texture":"#flower","cullface":"Know2Good","rotation":90},
			"east":{"uv":	[8.01,3.01,8.99,5.99],"texture":"#flower","cullface":"Know2Good","rotation":270}
		}
	},
	{
		"__comment": "Flower north",
		"from": [6.49,14.99,4.5],
		"to": [9.51,17.01,5.5],
		"faces": {
			"down":{"uv":	[6.01,5.01,8.99,5.99],"texture":"#flower","cullface":"Know2Good","rotation":180},
			"up":{"uv":		[6.01,4.01,8.99,4.99],"texture":"#flower","cullface":"Know2Good","rotation":180},
			"north":{"uv":	[6.01,4.01,8.99,5.99],"texture":"#flower","cullface":"Know2Good"},
			"west":{"uv":	[8.01,4.01,8.99,5.99],"texture":"#flower","cullface":"Know2Good"},
			"east":{"uv":	[6.01,4.01,6.99,5.99],"texture":"#flower","cullface":"Know2Good"}
		}
	},
	{
		"__comment": "Flower east",
		"from": [10.5,14.99,6.49],
		"to": [11.5,17.01,9.51],
		"faces": {
			"down":{"uv":	[6.01,5.01,8.99,5.99],"texture":"#flower","cullface":"Know2Good","rotation":90},
			"up":{"uv":		[6.01,4.01,8.99,4.99],"texture":"#flower","cullface":"Know2Good","rotation":270},
			"north":{"uv":	[8.01,4.01,8.99,5.99],"texture":"#flower","cullface":"Know2Good"},
			"south":{"uv":	[6.01,4.01,6.99,5.99],"texture":"#flower","cullface":"Know2Good"},
			"east":{"uv":	[6.01,4.01,8.99,5.99],"texture":"#flower","cullface":"Know2Good"}
		}
	},
	{
		"__comment": "Flower south",
		"from": [6.49,14.99,10.5],
		"to": [9.51,17.01,11.5],
		"faces": {
			"down":{"uv":	[6.01,5.01,8.99,5.99],"texture":"#flower","cullface":"Know2Good"},
			"up":{"uv":		[6.01,4.01,8.99,4.99],"texture":"#flower","cullface":"Know2Good"},
			"south":{"uv":	[6.01,4.01,8.99,5.99],"texture":"#flower","cullface":"Know2Good"},
			"west":{"uv":	[6.01,4.01,6.99,5.99],"texture":"#flower","cullface":"Know2Good"},
			"east":{"uv":	[8.01,4.01,8.99,5.99],"texture":"#flower","cullface":"Know2Good"}
		}
	},
	{
		"__comment": "Flower west",
		"from": [4.5,14.99,6.49],
		"to": [5.5,17.01,9.51],
		"faces": {
			"down":{"uv":	[6.01,5.01,8.99,5.99],"texture":"#flower","cullface":"Know2Good","rotation":270},
			"up":{"uv":		[6.01,4.01,8.99,4.99],"texture":"#flower","cullface":"Know2Good","rotation":90},
			"north":{"uv":	[6.01,4.01,6.99,5.99],"texture":"#flower","cullface":"Know2Good"},
			"south":{"uv":	[8.01,4.01,8.99,5.99],"texture":"#flower","cullface":"Know2Good"},
			"west":{"uv":	[6.01,4.01,8.99,5.99],"texture":"#flower","cullface":"Know2Good"}
        }
    },
	{
		"__comment":"North",
		"from":[6,0,5.002],
		"to":[9.9998,6,6],
		"faces": {
			"down":{"uv":	[6.01,15.01,9.99,15.99],"texture":"#block","cullface":"down","rotation":180},
			"up":{"uv":		[6.01,10.01,9.99,10.99],"texture":"#block","cullface":"Know2Good","rotation":180},
			"north":{"uv":	[6.01,10.01,9.99,15.99],"texture":"#block","cullface":"Know2Good"},
			"south":{"uv":	[9.99,10.01,6.01,15.99],"texture":"#block","cullface":"Know2Good"}
		}
	},
	{
		"__comment":"East",
		"from":[10,0,5.002],
		"to":[10.998,6,10.998],
		"faces": {
			"down":{"uv":	[5.01,15.01,10.99,15.99],"texture":"#block","cullface":"down","rotation":90},
			"up":{"uv":		[5.01,10.01,10.99,10.99],"texture":"#block","cullface":"Know2Good","rotation":270},
			"north":{"uv":	[10.01,10.01,10.99,15.99],"texture":"#block","cullface":"Know2Good"},
			"south":{"uv":	[5.01,10.01,5.99,15.99],"texture":"#block","cullface":"Know2Good"},
			"west":{"uv":	[10.99,10.01,5.01,15.99],"texture":"#block","cullface":"Know2Good"},
			"east":{"uv":	[5.01,10.01,10.99,15.99],"texture":"#block","cullface":"Know2Good"}
		}
	},
	{
		"__comment":"South",
		"from":[6,0,10],
		"to":[9.9998,6,10.998],
		"faces": {
			"down":{"uv":	[6.01,15.01,9.99,15.99],"texture":"#block","cullface":"down"},
			"up":{"uv":		[6.01,10.01,9.99,10.99],"texture":"#block","cullface":"Know2Good"},
			"north":{"uv":	[9.99,10.01,6.01,15.99],"texture":"#block","cullface":"Know2Good"},
			"south":{"uv":	[6.01,10.01,9.99,15.99],"texture":"#block","cullface":"Know2Good"}
		}
	},
	{
		"__comment":"West",
		"from":[5.002,0,5.002],
		"to":[6,6,10.998],
		"faces": {
			"down":{"uv":	[5.01,15.01,10.99,15.99],"texture":"#block","cullface":"down","rotation":270},
			"up":{"uv":		[5.01,10.01,10.99,10.99],"texture":"#block","cullface":"Know2Good","rotation":90},
			"north":{"uv":	[5.01,10.01,5.99,15.99],"texture":"#block","cullface":"Know2Good"},
			"south":{"uv":	[10.01,10.01,10.99,15.99],"texture":"#block","cullface":"Know2Good"},
			"west":{"uv":	[5.01,10.01,10.99,15.99],"texture":"#block","cullface":"Know2Good"},
			"east":{"uv":	[10.99,10.01,5.01,15.99],"texture":"#block","cullface":"Know2Good"}
		}
	},
	{
		"__comment":"Bottom",
		"from":[6,1,6],
		"to":[10,1,10],
		"faces": {
			"down":{"uv":	[6.01,12.01,10.99,15.99],"texture":"#block","cullface":"down"}
		}
	},
	{
		"__comment":"Soil",
		"from":[6,5,6],
		"to":[10,5,10],
		"faces": {
			"up":{"uv":		[3.01,12.01,6.99,15.99],"texture":"#soil","cullface":"Know2Good"}
			}
		}
    ]
}