{
"__comment":"Made by Know2Good, part of the 'Default 3D™' resource pack || Official download page: http://www.planetminecraft.com/texture_pack/default-3d-2985741/ || © Know2Good. All rights reserved. ",
"__comment":"No UV-bleed, OK coordinate, OK texture, OK cullface",

"textures": {
	"block": 	"blocks/glass_orange",
	"particle":	"blocks/glass_orange"
},
"elements":[
	{
		"__comment":"The inner block",
		"from":[1,1,1],
		"to":[15,15,15],
		"faces": {
			"down":{"uv":	[1,1,15,15],"texture":"#block","cullface":"down"},
			"up":{"uv":		[1,1,15,15],"texture":"#block","cullface":"up"},
			"north":{"uv":	[1,1,15,15],"texture":"#block","cullface":"north"},
			"south":{"uv":	[1,1,15,15],"texture":"#block","cullface":"south"},
			"west":{"uv":	[1,1,15,15],"texture":"#block","cullface":"west"},
			"east":{"uv":	[1,1,15,15],"texture":"#block","cullface":"east"}
		}
	},
	{
		"__comment":"Frame up north right",
		"from":[0,15,0],
		"to":[1,16,1],
		"faces": {
			"up":{"uv":		[15.01,0.01,15.99,0.99],"texture":"#block","cullface":"up"},
			"north":{"uv":	[15.01,0.01,15.99,0.99],"texture":"#block","cullface":"north","rotation": 180},
			"west":{"uv":	[15.01,0.01,0.99,0.99],"texture":"#block","cullface":"west"}
		}
	},
	{
		"__comment":"Frame up north",
		"from":[1,15,0],
		"to":[15,16,1],
		"faces": {
			"down":{"uv":	[1.01,0.01,14.99,0.99],"texture":"#block","cullface":"Know2Good"},
			"up":{"uv":		[1.01,0.01,14.99,0.99],"texture":"#block","cullface":"up"},
			"north":{"uv":	[1.01,0.01,14.99,0.99],"texture":"#block","cullface":"north","rotation": 180},
			"south":{"uv":	[1.01,0.01,14.99,0.99],"texture":"#block","cullface":"Know2Good"}
		}
	},
	{
		"__comment":"Frame up north left",
		"from":[15,15,0],
		"to":[16,16,1],
		"faces": {
			"up":{"uv":		[0.01,0.01,0.99,0.99],"texture":"#block","cullface":"up"},
			"north":{"uv":	[0.01,0.01,0.99,0.99],"texture":"#block","cullface":"north"},
			"east":{"uv":	[0.01,0.01,0.99,0.99],"texture":"#block","cullface":"east"}
		}
	},
	{
		"__comment":"Frame up east",
		"from":[15,15,1],
		"to":[16,16,15],
		"faces": {
			"down":{"uv":	[15.01,1.01,15.99,14.99],"texture":"#block","cullface":"Know2Good","rotation": 180},
			"up":{"uv":		[15.01,1.01,15.99,14.99],"texture":"#block","cullface":"up"},
			"west":{"uv":	[15.01,1.01,15.99,14.99],"texture":"#block","cullface":"Know2Good","rotation": 270},
			"east":{"uv":	[15.01,1.01,15.99,14.99],"texture":"#block","cullface":"east","rotation": 90}
		}
	},
	{
		"__comment":"Frame up south left",
		"from":[0,15,15],
		"to":[1,16,16],
		"faces": {
			"up":{"uv":		[0.01,15.01,0.99,15.99],"texture":"#block","cullface":"up"},
			"south":{"uv":	[0.01,15.01,0.99,15.99],"texture":"#block","cullface":"south"},
			"west":{"uv":	[0.01,15.01,0.99,15.99],"texture":"#block","cullface":"west"}
		}
	},
	{
		"__comment":"Frame up south",
		"from":[1,15,15],
		"to":[15,16,16],
		"faces": {
			"down":{"uv":	[1.01,15.01,14.99,15.99],"texture":"#block","cullface":"Know2Good"},
			"up":{"uv":		[1.01,15.01,14.99,15.99],"texture":"#block","cullface":"up"},
			"north":{"uv":	[1.01,15.01,14.99,15.99],"texture":"#block","cullface":"Know2Good","rotation": 180},
			"south":{"uv":	[1.01,15.01,14.99,15.99],"texture":"#block","cullface":"south"}
		}
	},
	{
		"__comment":"Frame up south right",
		"from":[15,15,15],
		"to":[16,16,16],
		"faces": {
			"up":{"uv":		[15.01,15.01,15.99,15.99],"texture":"#block","cullface":"up"},
			"south":{"uv":	[15.01,15.01,15.99,15.99],"texture":"#block","cullface":"south"},
			"east":{"uv":	[15.01,15.01,15.99,15.99],"texture":"#block","cullface":"east"}
		}
	},
	{
		"__comment":"Frame up west",
		"from":[0,15,1],
		"to":[1,16,15],
		"faces": {
			"down":{"uv":	[0.01,1.01,0.99,14.99],"texture":"#block","cullface":"Know2Good","rotation": 180},
			"up":{"uv":		[0.01,1.01,0.99,14.99],"texture":"#block","cullface":"up"},
			"west":{"uv":	[0.01,1.01,0.99,14.99],"texture":"#block","cullface":"west","rotation": 270},
			"east":{"uv":	[0.01,1.01,0.99,14.99],"texture":"#block","cullface":"Know2Good","rotation": 90}
		}
	},
	{
		"__comment":"Frame side north-west",
		"from":[0,1,0],
		"to":[1,15,1],
		"faces": {
			"north":{"uv":	[15.01,1.01,15.99,14.99],"texture":"#block","cullface":"north"},
			"south":{"uv":	[15.01,1.01,15.99,14.99],"texture":"#block","cullface":"Know2Good"},
			"west":{"uv":	[15.01,1.01,15.99,14.99],"texture":"#block","cullface":"west"},
			"east":{"uv":	[15.01,1.01,15.99,14.99],"texture":"#block","cullface":"Know2Good"}
		}
	},
	{
		"__comment":"Frame side north-east",
		"from":[15,1,0],
		"to":[16,15,1],
		"faces": {
			"north":{"uv":	[0.01,1.01,0.99,14.99],"texture":"#block","cullface":"north"},
			"south":{"uv":	[0.01,1.01,0.99,14.99],"texture":"#block","cullface":"Know2Good"},
			"west":{"uv":	[0.01,1.01,0.99,14.99],"texture":"#block","cullface":"Know2Good"},
			"east":{"uv":	[0.01,1.01,0.99,14.99],"texture":"#block","cullface":"east"}
		}
	},
		{
		"__comment":"Frame side south-east",
		"from":[15,1,15],
		"to":[16,15,16],
		"faces": {
			"north":{"uv":	[15.01,1.01,15.99,14.99],"texture":"#block","cullface":"Know2Good"},
			"south":{"uv":	[15.01,1.01,15.99,14.99],"texture":"#block","cullface":"south"},
			"west":{"uv":	[15.01,1.01,15.99,14.99],"texture":"#block","cullface":"Know2Good"},
			"east":{"uv":	[15.01,1.01,15.99,14.99],"texture":"#block","cullface":"east"}
		}
	},
	{
		"__comment":"Frame side south-west",
		"from":[0,1,15],
		"to":[1,15,16],
		"faces": {
			"north":{"uv":	[0.01,1.01,0.99,14.99],"texture":"#block","cullface":"Know2Good"},
			"south":{"uv":	[0.01,1.01,0.99,14.99],"texture":"#block","cullface":"south"},
			"west":{"uv":	[0.01,1.01,0.99,14.99],"texture":"#block","cullface":"west"},
			"east":{"uv":	[0.01,1.01,0.99,14.99],"texture":"#block","cullface":"Know2Good"}
		}
	},
	{
		"__comment":"Frame down north right",
		"from":[0,0,0],
		"to":[1,1,1],
		"faces": {
			"down":{"uv":	[15.01,15.01,15.99,15.99],"texture":"#block","cullface":"down"},
			"north":{"uv":	[15.01,15.01,15.99,15.99],"texture":"#block","cullface":"north","rotation": 180},
			"west":{"uv":	[15.01,15.01,15.99,15.99],"texture":"#block","cullface":"west"}
		}
	},
	{
		"__comment":"Frame down north",
		"from":[1,0,0],
		"to":[15,1,1],
		"faces": {
			"down":{"uv":	[1.01,15.01,14.99,15.99],"texture":"#block","cullface":"down"},
			"up":{"uv":		[1.01,15.01,14.99,15.99],"texture":"#block","cullface":"Know2Good"},
			"north":{"uv":	[1.01,15.01,14.99,15.99],"texture":"#block","cullface":"north","rotation": 180},
			"south":{"uv":	[1.01,15.01,14.99,15.99],"texture":"#block","cullface":"Know2Good"}
		}
	},
	{
		"__comment":"Frame down north left",
		"from":[15,0,0],
		"to":[16,1,1],
		"faces": {
			"down":{"uv":	[0.01,15.01,0.99,15.99],"texture":"#block","cullface":"down"},
			"north":{"uv":	[0.01,15.01,0.99,15.99],"texture":"#block","cullface":"north","rotation": 180},
			"east":{"uv":	[0.01,15.01,0.99,15.99],"texture":"#block","cullface":"east"}
		}
	},
	{
		"__comment":"Frame down east",
		"from":[15,0,1],
		"to":[16,1,15],
		"faces": {
			"down":{"uv":	[0.01,1.01,0.99,14.99],"texture":"#block","cullface":"down","rotation": 180},
			"up":{"uv":		[0.01,1.01,0.99,14.99],"texture":"#block","cullface":"Know2Good"},
			"west":{"uv":	[0.01,1.01,0.99,14.99],"texture":"#block","cullface":"Know2Good","rotation": 270},
			"east":{"uv":	[0.01,1.01,0.99,14.99],"texture":"#block","cullface":"east","rotation": 90}
		}
	},
	{
		"__comment":"Frame down south left",
		"from":[0,0,15],
		"to":[1,1,16],
		"faces": {
			"down":{"uv":	[0.01,0.01,0.99,0.99],"texture":"#block","cullface":"down"},
			"south":{"uv":	[0.01,0.01,0.99,0.99],"texture":"#block","cullface":"south"},
			"west":{"uv":	[0.01,0.01,0.99,0.99],"texture":"#block","cullface":"west"}
		}
	},
	{
		"__comment":"Frame down south",
		"from":[1,0,15],
		"to":[15,1,16],
		"faces": {
			"down":{"uv":	[1.01,0.01,14.99,0.99],"texture":"#block","cullface":"down"},
			"up":{"uv":		[1.01,0.01,14.99,0.99],"texture":"#block","cullface":"Know2Good"},
			"north":{"uv":	[1.01,0.01,14.99,0.99],"texture":"#block","cullface":"Know2Good","rotation": 180},
			"south":{"uv":	[1.01,0.01,14.99,0.99],"texture":"#block","cullface":"south"}
		}
	},
	{
		"__comment":"Frame down south right",
		"from":[15,0,15],
		"to":[16,1,16],
		"faces": {
			"down":{"uv":	[15.01,0.01,15.99,0.99],"texture":"#block","cullface":"Know2Good"},
			"south":{"uv":	[15.01,0.01,15.99,0.99],"texture":"#block","cullface":"south"},
			"east":{"uv":	[15.01,0.01,15.99,0.99],"texture":"#block","cullface":"east"}
		}
	},
	{
		"__comment":"Frame down west",
		"from":[0,0,1],
		"to":[1,1,15],
		"faces": {
			"down":{"uv":	[15.01,1.01,15.99,14.99],"texture":"#block","cullface":"down","rotation": 180},
			"up":{"uv":		[15.01,1.01,15.99,14.99],"texture":"#block","cullface":"Know2Good"},
			"west":{"uv":	[15.01,1.01,15.99,14.99],"texture":"#block","cullface":"west","rotation": 270},
			"east":{"uv":	[15.01,1.01,15.99,14.99],"texture":"#block","cullface":"Know2Good","rotation": 90}
		}
	}
],
    "display": {
        "gui": {
            "rotation": 	[ 30, 225, 0 ],
            "translation": 	[ 0, 0, 0],
            "scale":		[ 0.625, 0.625, 0.625 ]
        },
        "ground": {
            "rotation": 	[ 0, 0, 0 ],
            "translation": 	[ 0, 3, 0],
            "scale":		[ 0.25, 0.25, 0.25 ]
        },
        "fixed": {
            "rotation": 	[ 0, 0, 0 ],
            "translation": 	[ 0, 0, 0],
            "scale":		[ 0.5, 0.5, 0.5 ]
        },
        "thirdperson_righthand": {
            "rotation": 	[ 75, 45, 0 ],
            "translation": 	[ 0, 2.5, 0],
            "scale": 		[ 0.375, 0.375, 0.375 ]
        },
        "firstperson_righthand": {
            "rotation": 	[ 0, 45, 0 ],
            "translation":	[ 0, 0, 0 ],
            "scale": 		[ 0.40, 0.40, 0.40 ]
        },
        "firstperson_lefthand": {
            "rotation": 	[ 0, 225, 0 ],
            "translation": 	[ 0, 0, 0 ],
            "scale": 		[ 0.40, 0.40, 0.40 ]
        }
    }
}