{
"textures": {
    "particle": "blocks/door_acacia_lower",
    "west": "blocks/door_acacia_lower",
    "frame": "blocks/door/door_acacia_top",
    "east": "blocks/door/acacia/door_acacia_lower"
},
"elements": [ 
{
    "from": [ 0, 0, 0 ],
    "to": [ 3, 16, 3 ],
    "faces": {
        "up":    { "uv": [ 0, 0, 3, 3 ], "texture": "#frame", "cullface": "up" },
        "north": { "uv": [ 6, 0, 9, 16 ], "texture": "#frame", "cullface": "north" },
        "south": { "uv": [ 9, 0, 12, 16 ], "texture": "#frame" },
        "west":  { "uv": [ 0, 0, 3, 16 ], "texture": "#east", "cullface": "west" },
        "east":  { "uv": [ 13, 0, 16, 16 ], "texture": "#west" }
    }
},
{
    "from": [ 0, 3, 5 ],
    "to": [ 3, 16, 7 ],
    "faces": {
        "up":    { "uv": [ 0, 5, 3, 7 ], "texture": "#frame", "cullface": "up" },
        "north": { "uv": [ 0, 1.5, 3, 14.5 ], "texture": "#frame" },
        "south": { "uv": [ 9, 1.5, 12, 14.5 ], "texture": "#frame" },
        "west":  { "uv": [ 5, 0, 7, 13 ], "texture": "#east", "cullface": "west" },
        "east":  { "uv": [ 9, 0, 11, 13 ], "texture": "#west" }
    }
},
{
    "from": [ 0, 3, 9 ],
    "to": [ 3, 16, 11 ],
    "faces": {
        "up":    { "uv": [ 0, 9, 3, 11 ], "texture": "#frame", "cullface": "up" },
        "north": { "uv": [ 0, 1.5, 3, 14.5 ], "texture": "#frame" },
        "south": { "uv": [ 9, 1.5, 12, 14.5 ], "texture": "#frame" },
        "west":  { "uv": [ 9, 0, 11, 13 ], "texture": "#east", "cullface": "west" },
        "east":  { "uv": [ 5, 0, 7, 13 ], "texture": "#west" }
    }
},
{
    "from": [ 0, 0, 13 ],
    "to": [ 3, 16, 16 ],
    "faces": {
        "up":    { "uv": [ 0, 13, 3, 16 ], "texture": "#frame", "cullface": "up" },
        "north": { "uv": [ 0, 0, 3, 16 ], "texture": "#frame" },
        "south": { "uv": [ 6, 0, 9, 16 ], "texture": "#frame" },
        "west":  { "uv": [ 13, 0, 16, 16 ], "texture": "#east", "cullface": "west" },
        "east":  { "uv": [ 0, 0, 3, 16 ], "texture": "#west" }
    }
},
{
    "from": [ 0, 0, 3 ],
    "to": [ 3, 3, 13 ],
    "faces": {
        "down":  { "uv": [ 12, 13, 9, 3 ], "texture": "#frame", "cullface": "down" },
        "up":    { "uv": [ 9, 3, 12, 13 ], "texture": "#frame" },
        "west":  { "uv": [ 3, 13, 13, 16 ], "texture": "#east", "cullface": "west" },
        "east":  { "uv": [ 3, 13, 13, 16 ], "texture": "#west" }
    }
},
{
    "from": [ 0, 15, 3 ],
    "to": [ 3, 16, 5 ],
    "faces": {
        "down":  { "uv": [ 3, 5, 0, 3 ], "texture": "#frame" },
        "up":    { "uv": [ 9, 3, 12, 5 ], "texture": "#frame", "cullface": "up" },
        "west":  { "uv": [ 3, 0, 5, 1 ], "texture": "#east", "cullface": "west" },
        "east":  { "uv": [ 11, 0, 13, 1 ], "texture": "#west" }
    }
},
{
    "from": [ 0, 15, 7 ],
    "to": [ 3, 16, 9 ],
    "faces": {
        "down":  { "uv": [ 3, 9, 0, 7 ], "texture": "#frame" },
        "up":    { "uv": [ 9, 7, 12, 9 ], "texture": "#frame", "cullface": "up" },
        "west":  { "uv": [ 7, 0, 9, 1 ], "texture": "#east", "cullface": "west" },
        "east":  { "uv": [ 7, 0, 9, 1 ], "texture": "#west" }
    }
},
{
    "from": [ 0, 15, 11 ],
    "to": [ 3, 16, 13 ],
    "faces": {
        "down":  { "uv": [ 3, 13, 0, 11 ], "texture": "#frame" },
        "up":    { "uv": [ 9, 11, 12, 13 ], "texture": "#frame", "cullface": "up" },
        "west":  { "uv": [ 11, 0, 13, 1 ], "texture": "#east", "cullface": "west" },
        "east":  { "uv": [ 3, 0, 5, 1 ], "texture": "#west" }
    }
}
]
}