{
"textures": {
    "texture": "blocks/ladder",
	"particle": "blocks/ladder"
},
"elements": [ 
{
    "__comment": "Rung_#4",
    "from": [ 1.25, 1.5, 14.75 ],
    "to": [ 14.75, 2.75, 15.75 ],
    "faces": {
        "down":  { "uv": [ 1.25, 14.5, 14.75, 13.25 ], "texture": "#texture" },
        "up":    { "uv": [ 1.25, 13.25, 14.75, 14.5 ], "texture": "#texture" },
        "north": { "uv": [ 1.25, 13.25, 14.75, 14.5 ], "texture": "#texture" },
        "south": { "uv": [ 1.25, 13.25, 14.75, 14.5 ], "texture": "#texture" },
        "west":  { "uv": [ 13.75, 13.25, 14.75, 14.5 ], "texture": "#texture" },
        "east":  { "uv": [ 1, 13.25, 2, 14.5 ], "texture": "#texture" }
    }
},
{
    "__comment": "Rung_#3",
    "from": [ 1.25, 5.5, 14.75 ],
    "to": [ 14.75, 6.75, 15.75 ],
    "faces": {
        "down":  { "uv": [ 1.25, 14.5, 14.75, 13.25 ], "texture": "#texture" },
        "up":    { "uv": [ 1.25, 13.25, 14.75, 14.5 ], "texture": "#texture" },
        "north": { "uv": [ 1.25, 9.25, 14.75, 10.5 ], "texture": "#texture" },
        "south": { "uv": [ 1.25, 9.25, 14.75, 10.5 ], "texture": "#texture" },
        "west":  { "uv": [ 13.75, 9.25, 14.75, 10.5 ], "texture": "#texture" },
        "east":  { "uv": [ 1.25, 9.25, 2.25, 10.5 ], "texture": "#texture" }
    }
},
{
    "__comment": "Rung_#2",
    "from": [ 1.25, 9.5, 14.75 ],
    "to": [ 14.75, 10.75, 15.75 ],
    "faces": {
        "down":  { "uv": [ 1.25, 14.5, 14.75, 13.25 ], "texture": "#texture" },
        "up":    { "uv": [ 1.25, 13.25, 14.75, 14.5 ], "texture": "#texture" },
        "north": { "uv": [ 1.25, 5.25, 14.75, 6.5 ], "texture": "#texture" },
        "south": { "uv": [ 1.25, 5.25, 14.75, 6.5 ], "texture": "#texture" },
        "west":  { "uv": [ 13.75, 5.25, 14.75, 6.5 ], "texture": "#texture" },
        "east":  { "uv": [ 1.25, 5.25, 2.25, 6.5 ], "texture": "#texture" }
    }
},
{
    "__comment": "Rung_#1",
    "from": [ 1, 13.5, 14.75 ],
    "to": [ 14.75, 14.75, 15.75 ],
    "faces": {
        "down":  { "uv": [ 1.25, 14.5, 14.75, 13.25 ], "texture": "#texture" },
        "up":    { "uv": [ 1.25, 13.25, 14.75, 14.5 ], "texture": "#texture" },
        "north": { "uv": [ 1.25, 1.25, 14.75, 2.5 ], "texture": "#texture" },
        "south": { "uv": [ 1.25, 1.25, 14.75, 2.5 ], "texture": "#texture" },
        "west":  { "uv": [ 13.75, 1.25, 14.75, 2.5 ], "texture": "#texture" },
        "east":  { "uv": [ 1.25, 5.25, 2.25, 6.5 ], "texture": "#texture" }
    }
},
{
    "__comment": "Right_Pole",
    "from": [ 12, 0, 14.5 ],
    "to": [ 13.75, 16, 16 ],
    "faces": {
        "down":  { "uv": [ 12, 16, 13.75, 15 ], "texture": "#texture" },
        "up":    { "uv": [ 12, 15, 13.75, 16 ], "texture": "#texture" },
        "north": { "uv": [ 2.25, 0, 4, 16 ], "texture": "#texture" },
        "south": { "uv": [ 12, 0, 13.75, 16 ], "texture": "#texture" },
        "west":  { "uv": [ 12, 0, 13.75, 16 ], "texture": "#texture" },
        "east":  { "uv": [ 2.25, 0, 4, 15.75 ], "texture": "#texture" }
    }
},
{
    "__comment": "Left_Pole",
    "from": [ 2.25, 0, 14.5 ],
    "to": [ 4, 16, 16 ],
    "faces": {
        "down":  { "uv": [ 2.25, 16, 4, 15 ], "texture": "#texture" },
        "up":    { "uv": [ 2.25, 15, 4, 16 ], "texture": "#texture" },
        "north": { "uv": [ 12, 0, 13.75, 16 ], "texture": "#texture" },
        "south": { "uv": [ 2.25, 0, 4, 16 ], "texture": "#texture" },
        "west":  { "uv": [ 12, 0, 12.25, 16 ], "texture": "#texture" },
        "east":  { "uv": [ 2.25, 0, 2.5, 15.75 ], "texture": "#texture" }
    }
}
],
"display": {
    "thirdperson": {
        "rotation": [ 180, 0, 0 ],
        "translation": [ 0, 0, 0 ],
        "scale": [ 1, 1, 1 ]
    },
    "head": {
        "rotation": [ 180, 0, 153 ],
        "translation": [ 0, 0, 0 ],
        "scale": [ 2, 2, 2 ]
    },
    "firstperson": {
        "rotation": [ 0, 0, 0 ],
        "translation": [ 0, 0, 0 ],
        "scale": [ 1, 1, 1 ]
    },
    "gui": {
        "rotation": [ 0, 0, 0 ],
        "translation": [ 0, 0, 0 ],
        "scale": [ 1, 1, 1 ]
    }
}
}