{
"__comment":"Made by Know2Good, part of the 'Default 3D™' resource pack || Official download page: http://www.planetminecraft.com/texture_pack/default-3d-2985741/ || © Know2Good. All rights reserved. ",
    "variants": {
        "normal": [
            { "model": "dirt", "weight": 590 },
            { "model": "dirt", "y": 90, "weight": 620 },
            { "model": "dirt", "y": 180, "weight": 600 },
			{ "model": "dirt", "y": 270, "weight": 610 },
			{ "model": "dirt_pebble_1", "weight": 6 },
			{ "model": "dirt_pebble_1", "y": 90, "weight": 6 },
			{ "model": "dirt_pebble_1", "y": 180,"weight": 6 },
			{ "model": "dirt_pebble_1", "y": 270,"weight": 6 },
			{ "model": "dirt_pebble_2", "weight": 6 },
			{ "model": "dirt_pebble_2", "y": 90, "weight": 6 },
			{ "model": "dirt_pebble_2", "y": 180,"weight": 6 },
			{ "model": "dirt_pebble_2", "y": 270,"weight": 6 },
			{ "model": "dirt_pebble_3", "weight": 6 },
			{ "model": "dirt_pebble_3", "y": 90, "weight": 6 },
			{ "model": "dirt_pebble_3", "y": 180,"weight": 6 },
			{ "model": "dirt_pebble_3", "y": 270,"weight": 6 },
			{ "model": "dirt_pebble_4", "weight": 6 },
			{ "model": "dirt_pebble_4", "y": 90, "weight": 6 },
			{ "model": "dirt_pebble_4", "y": 180,"weight": 6 },
			{ "model": "dirt_pebble_4", "y": 270,"weight": 6 },
			{ "model": "dirt_pebble_5", "weight": 6 },
			{ "model": "dirt_pebble_5", "y": 90, "weight": 6 },
			{ "model": "dirt_pebble_5", "y": 180,"weight": 6 },
			{ "model": "dirt_pebble_5", "y": 270,"weight": 6 },
			{ "model": "dirt_pebble_6", "weight": 6 },
			{ "model": "dirt_pebble_6", "y": 90, "weight": 6 },
			{ "model": "dirt_pebble_6", "y": 180,"weight": 6 },
			{ "model": "dirt_pebble_6", "y": 270,"weight": 6 },
			{ "model": "dirt_pebble_7", "weight": 6 },
			{ "model": "dirt_pebble_7", "y": 90, "weight": 6 },
			{ "model": "dirt_pebble_7", "y": 180,"weight": 6 },
			{ "model": "dirt_pebble_7", "y": 270,"weight": 6 },
			{ "model": "dirt_pebble_8", "weight": 6 },
			{ "model": "dirt_pebble_8", "y": 90, "weight": 6 },
			{ "model": "dirt_pebble_8", "y": 180,"weight": 6 },
			{ "model": "dirt_pebble_8", "y": 270,"weight": 6 }
        ]
    }
}

