{
    "parent": "block/carpet_purple",
    "display": {
            "thirdperson_righthand": {
            "rotation": [ 25, 45, -25 ],
            "translation": [ 0, 2, -1 ],
            "scale": [ 0.4, 0.4, 0.4 ]
            },
            "thirdperson_lefthand": {
            "rotation": [ 25, 45, -25 ],
            "translation": [ 0, 2, -1 ],
            "scale": [ 0.4, 0.4, 0.4 ]
            },
            "firstperson_righthand": {
            "rotation": [ 10, 45, 0 ],
            "translation": [ 2, 5, 0 ],
            "scale": [ 0.4, 0.5, 0.4 ]
            },
            "firstperson_lefthand": {
            "rotation": [ 10, 45, 0 ],
            "translation": [ 2, 5, 0 ],
            "scale": [ 0.4, 0.5, 0.4 ]
            },
            "gui": {
            "rotation": [ 40, 225, 0 ],
            "translation": [ 0, 3, 0],
            "scale":[ 0.7, 0.7, 0.7 ]
            },
            "ground": {
            "rotation": [ 5, 5, 5 ],
            "translation": [ 0, 4, 0 ],
            "scale": [ 0.4, 0.6, 0.4 ]
        }
    }
}