{
    "parent": "block/stone_pressure_plate_inventory",
    "display": {
            "thirdperson_righthand": {
            "rotation": [ 25, 45, -25 ],
            "translation": [ 0, 2, -1 ],
            "scale": [ 0.4, 0.4, 0.4 ]
            },
            "thirdperson_lefthand": {
            "rotation": [ 25, 45, -25 ],
            "translation": [ 0, 2, -1 ],
            "scale": [ 0.4, 0.4, 0.4 ]
            },
            "firstperson_righthand": {
            "rotation": [ 35, 0, -15 ],
            "translation": [ 1, 3, 3 ],
            "scale": [ 0.5, 0.25, 0.5 ]
            },
            "firstperson_lefthand": {
            "rotation": [ 35, 0, -15 ],
            "translation": [ 1, 3, 3 ],
            "scale": [ 0.5, 0.25, 0.5 ]
            },
            "gui": {
            "rotation": [ 30, 225, 0 ],
            "translation": [ 0, 2, 0],
            "scale":[ 0.7, 0.7, 0.7 ]
            },
            "ground": {
            "rotation": [ 5, 5, 5 ],
            "translation": [ 0, 4, 0 ],
            "scale": [ 0.4, 0.4, 0.4 ]
        }
    }
}