{
"textures": {
    "particle": "blocks/anvil_base",
    "top": "blocks/anvil_top_damage_0",
    "side": "blocks/anvil_side",
    "side2": "blocks/anvil_side2",
    "bottom": "blocks/anvil_bottom",
    "base": "blocks/anvil_block"
},
"elements": [ 
{
    "__comment": "Anvil base",
    "from": [ 3, 0, 2 ],
    "to": [ 13, 4, 14 ],
    "faces": {
        "down":  { "uv": [ 3, 2, 13, 14 ], "texture": "#base", "cullface": "down" },
        "up":    { "uv": [ 3, 2, 13, 14 ], "texture": "#base" },
        "north": { "uv": [ 3, 12, 13, 16 ], "texture": "#side" },
        "south": { "uv": [ 3, 12, 13, 16 ], "texture": "#side" },
        "west":  { "uv": [ 2, 12, 14, 16 ], "texture": "#side2" },
        "east":  { "uv": [ 2, 12, 14, 16 ], "texture": "#side2" }
    }
},
{
    "__comment": "Wider section beneath top portion",
    "from": [ 6, 4, 5 ],
    "to": [ 10, 10, 11 ],
    "faces": {
        "north": { "uv": [ 6, 6, 10, 12 ], "texture": "#side" },
        "south": { "uv": [ 6, 6, 10, 12 ], "texture": "#side" },
        "west":  { "uv": [ 5, 6, 11, 12 ], "texture": "#side2" },
        "east":  { "uv": [ 5, 6, 11, 12 ], "texture": "#side2" }
    }
},
{
    "__comment": "Anvil top",
    "from": [ 3.5, 12, 3 ],
    "to": [ 12.5, 16, 13 ],
    "faces": {
        "down":  { "uv": [ 3.5, 3, 12.5, 13 ], "texture": "#bottom" },
        "up":    { "uv": [ 3.5, 3, 12.5, 13 ], "texture": "#top", "cullface": "up" },
        "north": { "uv": [ 3.5, 0, 12.5, 4 ], "texture": "#side" },
        "south": { "uv": [ 3.5, 0, 12.5, 4 ], "texture": "#side" },
        "west":  { "uv": [ 3, 0, 13, 4 ], "texture": "#side2" },
        "east":  { "uv": [ 3, 0, 13, 4 ], "texture": "#side2" }
    }
},
{
    "from": [ 5, 13, 13 ],
    "to": [ 11, 16, 16 ],
    "faces": {
        "down":  { "uv": [ 5, 13, 11, 16 ], "texture": "#top" },
        "up":    { "uv": [ 5, 13, 11, 16 ], "texture": "#bottom", "cullface": "up" },
        "north": { "uv": [ 5, 0, 11, 3 ], "texture": "#side" },
        "south": { "uv": [ 5, 0, 11, 3 ], "texture": "#side", "cullface": "south" },
        "west":  { "uv": [ 13, 0, 16, 3 ], "texture": "#side2" },
        "east":  { "uv": [ 13, 0, 16, 3 ], "texture": "#side2" }
    }
},
{
    "from": [ 5, 13, 0 ],
    "to": [ 11, 16, 3 ],
    "faces": {
        "down":  { "uv": [ 5, 0, 11, 3 ], "texture": "#bottom" },
        "up":    { "uv": [ 5, 0, 11, 3 ], "texture": "#top", "cullface": "up" },
        "north": { "uv": [ 5, 0, 11, 3 ], "texture": "#side", "cullface": "north" },
        "west":  { "uv": [ 0, 0, 3, 3 ], "texture": "#side2" },
        "east":  { "uv": [ 0, 0, 3, 3 ], "texture": "#side2" }
    }
},
{
    "from": [ 2, 0, 1 ],
    "to": [ 4, 3, 3 ],
    "faces": {
        "down":  { "uv": [ 2, 1, 4, 3 ], "texture": "#bottom", "cullface": "down" },
        "up":    { "uv": [ 2, 1, 4, 3 ], "texture": "#bottom" },
        "north": { "uv": [ 2, 13, 4, 16 ], "texture": "#side" },
        "south": { "uv": [ 2, 13, 4, 16 ], "texture": "#side" },
        "west":  { "uv": [ 1, 13, 3, 16 ], "texture": "#side2" },
        "east":  { "uv": [ 1, 13, 3, 16 ], "texture": "#side2" }
    }
},
{
    "from": [ 12, 0, 1 ],
    "to": [ 14, 3, 3 ],
    "faces": {
        "down":  { "uv": [ 12, 1, 14, 3 ], "texture": "#bottom", "cullface": "down" },
        "up":    { "uv": [ 12, 1, 14, 3 ], "texture": "#bottom" },
        "north": { "uv": [ 12, 13, 14, 16 ], "texture": "#side" },
        "south": { "uv": [ 12, 13, 14, 16 ], "texture": "#side" },
        "west":  { "uv": [ 1, 13, 3, 16 ], "texture": "#side2" },
        "east":  { "uv": [ 1, 13, 3, 16 ], "texture": "#side2" }
    }
},
{
    "from": [ 2, 0, 13 ],
    "to": [ 4, 3, 15 ],
    "faces": {
        "down":  { "uv": [ 2, 13, 4, 15 ], "texture": "#bottom", "cullface": "down" },
        "up":    { "uv": [ 2, 13, 4, 15 ], "texture": "#bottom" },
        "north": { "uv": [ 2, 13, 4, 16 ], "texture": "#side" },
        "south": { "uv": [ 2, 13, 4, 16 ], "texture": "#side" },
        "west":  { "uv": [ 13, 13, 15, 16 ], "texture": "#side2" },
        "east":  { "uv": [ 13, 13, 15, 16 ], "texture": "#side2" }
    }
},
{
    "from": [ 12, 0, 13 ],
    "to": [ 14, 3, 15 ],
    "faces": {
        "down":  { "uv": [ 12, 13, 14, 15 ], "texture": "#bottom", "cullface": "down" },
        "up":    { "uv": [ 12, 13, 14, 15 ], "texture": "#bottom" },
        "north": { "uv": [ 12, 13, 14, 16 ], "texture": "#side" },
        "south": { "uv": [ 12, 13, 14, 16 ], "texture": "#side" },
        "west":  { "uv": [ 13, 13, 15, 16 ], "texture": "#side2" },
        "east":  { "uv": [ 13, 13, 15, 16 ], "texture": "#side2" }
    }
},
{
    "from": [ 5, 10, 4 ],
    "to": [ 11, 12, 12 ],
    "faces": {
        "down":  { "uv": [ 5, 4, 11, 12 ], "texture": "#bottom" },
        "north": { "uv": [ 5, 4, 11, 6 ], "texture": "#side" },
        "south": { "uv": [ 5, 4, 11, 6 ], "texture": "#side" },
        "west":  { "uv": [ 4, 4, 12, 6 ], "texture": "#side2" },
        "east":  { "uv": [ 4, 4, 12, 6 ], "texture": "#side2" }
    }
}
],
"display": {
    "thirdperson_righthand": {
        "rotation": [ 75, 45, 0 ],
        "translation": [ 0, 2.5, 0 ],
        "scale": [ 0.375, 0.375, 0.375 ]
    },
    "thirdperson_lefthand": {
        "rotation": [ 75, 45, 0 ],
        "translation": [ 0, 2.5, 0 ],
        "scale": [ 0.375, 0.375, 0.375 ]
    },
    "head": {
        "rotation": [ 0, 0, 0 ],
        "translation": [ 0, 0, 0 ],
        "scale": [ 1, 1, 1 ]
    },
    "ground": {
        "rotation": [ 0, 0, 0 ],
        "translation": [ 0, 3, 0 ],
        "scale": [ 0.25, 0.25, 0.25 ]
    },
    "fixed": {
        "rotation": [ 0, 90, 0 ],
        "translation": [ 0, 0, 0 ],
        "scale": [ 0.62, 0.62, 0.62 ]
    },
    "firstperson_righthand": {
        "rotation": [ 0, 45, 0 ],
        "translation": [ 0, 0, 0 ],
        "scale": [ 0.4, 0.4, 0.4 ]
    },
    "firstperson_lefthand": {
        "rotation": [ 0, 45, 0 ],
        "translation": [ 0, 0, 0 ],
        "scale": [ 0.4, 0.4, 0.4 ]
    },
    "gui": {
        "rotation": [ 30, 225, 0 ],
        "translation": [ 0, 0, 0 ],
        "scale": [ 0.625, 0.625, 0.625 ]
    }
}
}