{
"__comment": "Smoothcraft - 2016",
"textures": {
    "particle": "blocks/beacon",
    "beacon_core": "blocks/beacon_core",
    "beacon_outer_core": "blocks/beacon_outer_core",
    "beacon_frame": "blocks/beacon_frame",
    "beacon_base": "blocks/beacon_base"
},
"elements": [ 
{
    "__comment": "Core",
    "from": [ 5, 5, 5 ],
    "to": [ 11, 11, 11 ],
    "faces": {
        "up":    { "uv": [ 4, 4, 12, 12 ], "texture": "#beacon_core" },
        "north": { "uv": [ 4, 4, 12, 12 ], "texture": "#beacon_core" },
        "south": { "uv": [ 4, 4, 12, 12 ], "texture": "#beacon_core" },
        "west":  { "uv": [ 4, 4, 12, 12 ], "texture": "#beacon_core" },
        "east":  { "uv": [ 4, 4, 12, 12 ], "texture": "#beacon_core" }
    }
},
{
    "__comment": "Outer Cord",
    "from": [ 3, 4, 3 ],
    "to": [ 13, 12.5, 13 ],
    "faces": {
        "up":    { "uv": [ 0, 0, 16, 16 ], "texture": "#beacon_outer_core" },
        "north": { "uv": [ 0, 0, 16, 16 ], "texture": "#beacon_outer_core" },
        "south": { "uv": [ 0, 0, 16, 16 ], "texture": "#beacon_outer_core" },
        "west":  { "uv": [ 0, 0, 16, 16 ], "texture": "#beacon_outer_core" },
        "east":  { "uv": [ 0, 0, 16, 16 ], "texture": "#beacon_outer_core" }
    }
},
{
    "__comment": "Shell",
    "from": [ 0, 2, 0 ],
    "to": [ 16, 16, 16 ],
    "faces": {
        "up":    { "uv": [ 0, 0, 16, 16 ], "texture": "#beacon_frame", "cullface": "up" },
        "north": { "uv": [ 0, 0, 16, 16 ], "texture": "#beacon_frame", "cullface": "north" },
        "south": { "uv": [ 0, 0, 16, 16 ], "texture": "#beacon_frame", "cullface": "south" },
        "west":  { "uv": [ 0, 0, 16, 16 ], "texture": "#beacon_frame", "cullface": "west" },
        "east":  { "uv": [ 0, 0, 16, 16 ], "texture": "#beacon_frame", "cullface": "east" }
    }
},
{
    "__comment": "Base Level 3",
    "from": [ 4, 4, 4 ],
    "to": [ 12, 5, 12 ],
    "faces": {
        "up":    { "uv": [ 8, 0, 12, 8 ], "texture": "#beacon_base" },
        "north": { "uv": [ 8.5, 7, 12, 8 ], "texture": "#beacon_base" },
        "south": { "uv": [ 8.5, 7, 12, 8 ], "texture": "#beacon_base" },
        "west":  { "uv": [ 8.5, 7, 12, 8 ], "texture": "#beacon_base" },
        "east":  { "uv": [ 8.5, 7, 12, 8 ], "texture": "#beacon_base" }
    }
},
{
    "__comment": "Base Level 2",
    "from": [ 2, 2, 2 ],
    "to": [ 14, 4, 14 ],
    "faces": {
        "up":    { "uv": [ 8, 0, 12, 8 ], "texture": "#beacon_base" },
        "north": { "uv": [ 8.5, 7, 12, 8 ], "texture": "#beacon_base" },
        "south": { "uv": [ 8.5, 7, 12, 8 ], "texture": "#beacon_base" },
        "west":  { "uv": [ 8.5, 7, 12, 8 ], "texture": "#beacon_base" },
        "east":  { "uv": [ 8.5, 7, 12, 8 ], "texture": "#beacon_base" }
    }
},
{
    "__comment": "Base Level 1",
    "from": [ 0, 0, 0 ],
    "to": [ 16, 2, 16 ],
    "faces": {
        "down":  { "uv": [ 8, 0, 12, 8 ], "texture": "#beacon_base", "cullface": "down" },
        "up":    { "uv": [ 0, 0, 16, 16 ], "texture": "#beacon_base" },
        "north": { "uv": [ 8.5, 7, 12, 8 ], "texture": "#beacon_base", "cullface": "north" },
        "south": { "uv": [ 8.5, 7, 12, 8 ], "texture": "#beacon_base", "cullface": "south" },
        "west":  { "uv": [ 8.5, 7, 12, 8 ], "texture": "#beacon_base", "cullface": "west" },
        "east":  { "uv": [ 8.5, 7, 12, 8 ], "texture": "#beacon_base", "cullface": "east" }
    }
}
],
"display": {
    "thirdperson_righthand": {
        "rotation": [ 75, 45, 0 ],
        "translation": [ 0, 2.5, 0 ],
        "scale": [ 0.375, 0.375, 0.375 ]
    },
    "thirdperson_lefthand": {
        "rotation": [ 75, 45, 0 ],
        "translation": [ 0, 2.5, 0 ],
        "scale": [ 0.375, 0.375, 0.375 ]
    },
    "ground": {
        "rotation": [ 0, 0, 0 ],
        "translation": [ 0, 3, 0 ],
        "scale": [ 0.25, 0.25, 0.25 ]
    },
    "fixed": {
        "rotation": [ 0, 90, 0 ],
        "translation": [ 0, 0, 0 ],
        "scale": [ 0.5, 0.5, 0.5 ]
    },
    "firstperson_righthand": {
        "rotation": [ 0, 45, 0 ],
        "translation": [ 0, 0, 0 ],
        "scale": [ 0.4, 0.4, 0.4 ]
    },
    "firstperson_lefthand": {
        "rotation": [ 0, 45, 0 ],
        "translation": [ 0, 0, 0 ],
        "scale": [ 0.4, 0.4, 0.4 ]
    },
    "gui": {
        "rotation": [ 30, 225, 0 ],
        "translation": [ 0, 0, 0 ],
        "scale": [ 0.625, 0.625, 0.625 ]
    }
}
}