{
"__comment": "Designed by Hades909 with BDcraft Cubik PRO 0.95 Beta - http://bdcraft.net",
"ambientocclusion": false,
"textures": {
    "particle": "blocks/cactus_side",
    "side": "blocks/cactus_side",
    "top": "blocks/cactus_top",
    "bottom": "blocks/cactus_bottom"
},
"elements": [ 
{
    "from": [ 2, 0, 3 ],
    "to": [ 14, 12, 13 ],
    "faces": {
        "down":  { "uv": [ 1, 3, 15, 14 ], "texture": "#bottom" },
        "up":    { "uv": [ 2, 3, 14, 14 ], "texture": "#side" },
        "north": { "uv": [ 2, 4, 14, 16 ], "texture": "#side" },
        "south": { "uv": [ 2, 4, 14, 16 ], "texture": "#side" },
        "west":  { "uv": [ 3, 4, 14, 16 ], "texture": "#side" },
        "east":  { "uv": [ 3, 4, 14, 16 ], "texture": "#side" }
    }
},
{
    "from": [ 3, 0, 2 ],
    "to": [ 13, 12, 14 ],
    "faces": {
        "down":  { "uv": [ 3, 1, 13, 15 ], "texture": "#bottom" },
        "up":    { "uv": [ 3, 2, 13, 15 ], "texture": "#side" },
        "north": { "uv": [ 3, 4, 13, 16 ], "texture": "#side" },
        "south": { "uv": [ 3, 4, 13, 16 ], "texture": "#side" },
        "west":  { "uv": [ 2, 4, 15, 16 ], "texture": "#side" },
        "east":  { "uv": [ 2, 4, 15, 16 ], "texture": "#side" }
    }
},
{
    "from": [ 3, 12, 4 ],
    "to": [ 13, 13, 12 ],
    "faces": {
        "down":  { "uv": [ 3, 4, 13, 13 ], "texture": "#bottom" },
        "up":    { "uv": [ 3, 4, 13, 13 ], "texture": "#side" },
        "north": { "uv": [ 3, 3, 13, 4 ], "texture": "#side" },
        "south": { "uv": [ 3, 3, 13, 4 ], "texture": "#side" },
        "west":  { "uv": [ 4, 3, 13, 4 ], "texture": "#side" },
        "east":  { "uv": [ 4, 3, 13, 4 ], "texture": "#side" }
    }
},
{
    "from": [ 4, 12, 3 ],
    "to": [ 12, 13, 13 ],
    "faces": {
        "down":  { "uv": [ 4, 3, 12, 14 ], "texture": "#bottom" },
        "up":    { "uv": [ 4, 3, 12, 14 ], "texture": "#side" },
        "north": { "uv": [ 4, 3, 12, 4 ], "texture": "#side" },
        "south": { "uv": [ 4, 3, 12, 4 ], "texture": "#side" },
        "west":  { "uv": [ 3, 3, 14, 4 ], "texture": "#side" },
        "east":  { "uv": [ 3, 3, 14, 4 ], "texture": "#side" }
    }
},
{
    "from": [ 4, 13, 4 ],
    "to": [ 12, 14, 12 ],
    "faces": {
        "down":  { "uv": [ 4, 4, 12, 13 ], "texture": "#bottom" },
        "up":    { "uv": [ 4, 4, 12, 13 ], "texture": "#top" },
        "north": { "uv": [ 4, 2, 12, 3 ], "texture": "#side" },
        "south": { "uv": [ 4, 2, 12, 3 ], "texture": "#side" },
        "west":  { "uv": [ 4, 2, 13, 3 ], "texture": "#side" },
        "east":  { "uv": [ 4, 2, 13, 3 ], "texture": "#side" }
    }
},
{
    "from": [ 2, -4, 3 ],
    "to": [ 14, 0, 13 ],
    "faces": {
        "down":  { "uv": [ 15, 13, 1, 3 ], "texture": "#bottom" },
        "up":    { "uv": [ 2, 3, 14, 13 ], "texture": "#side" },
        "north": { "uv": [ 3, 11, 14, 15 ], "texture": "#side" },
        "south": { "uv": [ 3, 10, 14, 14 ], "texture": "#side" },
        "west":  { "uv": [ 3, 11, 14, 15 ], "texture": "#side" },
        "east":  { "uv": [ 3, 11, 14, 15 ], "texture": "#side" }
    }
},
{
    "from": [ 3, -4, 2 ],
    "to": [ 13, 0, 14 ],
    "faces": {
        "down":  { "uv": [ 13, 15, 3, 1 ], "texture": "#bottom" },
        "up":    { "uv": [ 3, 2, 13, 14 ], "texture": "#side" },
        "north": { "uv": [ 3, 11, 13, 15 ], "texture": "#side" },
        "south": { "uv": [ 3, 11, 13, 15 ], "texture": "#side" },
        "west":  { "uv": [ 3.5, 11, 13, 15 ], "texture": "#side" },
        "east":  { "uv": [ 3.5, 11, 13, 15 ], "texture": "#side" }
    }
}
],
"display": {
    "thirdperson_righthand": {
        "rotation": [ 75, 45, 0 ],
        "translation": [ 0, 2.5, 0 ],
        "scale": [ 0.375, 0.375, 0.375 ]
    },
    "thirdperson_lefthand": {
        "rotation": [ 75, 45, 0 ],
        "translation": [ 0, 2.5, 0 ],
        "scale": [ 0.375, 0.375, 0.375 ]
    },
    "ground": {
        "rotation": [ 0, 0, 0 ],
        "translation": [ 0, 3, 0 ],
        "scale": [ 0.25, 0.25, 0.25 ]
    },
    "fixed": {
        "rotation": [ 0, 90, 0 ],
        "translation": [ 0, 0, 0 ],
        "scale": [ 0.5, 0.5, 0.5 ]
    },
    "firstperson_righthand": {
        "rotation": [ 0, 45, 0 ],
        "translation": [ 0, 0, 0 ],
        "scale": [ 0.4, 0.4, 0.4 ]
    },
    "firstperson_lefthand": {
        "rotation": [ 0, 45, 0 ],
        "translation": [ 0, 0, 0 ],
        "scale": [ 0.4, 0.4, 0.4 ]
    },
    "gui": {
        "rotation": [ 30, 225, 0 ],
        "translation": [ 0, 2, 0 ],
        "scale": [ 0.625, 0.625, 0.625 ]
    }
}
}