{
"textures": {
    "particle": "blocks/cake_side",
    "bottom": "blocks/cake_bottom",
    "side": "blocks/cake_side",
    "top": "blocks/cake_top"
},
"elements": [ 
{
    "from": [ 1, 0, 1 ],
    "to": [ 15, 4, 15 ],
    "faces": {
        "down":  { "uv": [ 1, 1, 15, 15 ], "texture": "#bottom", "cullface": "down" },
        "north": { "uv": [ 1, 12, 15, 16 ], "texture": "#side" },
        "south": { "uv": [ 1, 12, 15, 16 ], "texture": "#side" },
        "west":  { "uv": [ 1, 12, 15, 16 ], "texture": "#side" },
        "east":  { "uv": [ 1, 12, 15, 16 ], "texture": "#side" }
    }
},
{
    "from": [ 0.5, 4, 0.5 ],
    "to": [ 15.5, 8, 15.5 ],
    "faces": {
        "down":  { "uv": [ 1, 1, 15, 15 ], "texture": "#top" },
        "up":    { "uv": [ 1, 1, 15, 15 ], "texture": "#top" },
        "north": { "uv": [ 1, 8, 15, 12 ], "texture": "#side" },
        "south": { "uv": [ 1, 8, 15, 12 ], "texture": "#side" },
        "west":  { "uv": [ 1, 8, 15, 12 ], "texture": "#side" },
        "east":  { "uv": [ 1, 8, 15, 12 ], "texture": "#side" }
    }
},
{
    "from": [ 1.5, 8, 1.5 ],
    "to": [ 14.5, 10, 14.5 ],
    "faces": {
        "down":  { "uv": [ 2, 2, 14, 14 ], "texture": "#top" },
        "up":    { "uv": [ 2, 2, 6, 6 ], "texture": "#top" },
        "north": { "uv": [ 1, 8, 15, 10 ], "texture": "#side" },
        "south": { "uv": [ 1, 8, 15, 10 ], "texture": "#side" },
        "west":  { "uv": [ 1, 8, 15, 10 ], "texture": "#side" },
        "east":  { "uv": [ 1, 8, 15, 10 ], "texture": "#side" }
    }
},
{
    "from": [ 6, 9.5, 6 ],
    "to": [ 10, 12, 10 ],
    "faces": {
        "down":  { "uv": [ 6, 6, 10, 10 ], "texture": "#top" },
        "up":    { "uv": [ 6, 6, 10, 10 ], "texture": "#top" },
        "north": { "uv": [ 6, 6, 10, 8 ], "texture": "#top" },
        "south": { "uv": [ 6, 6, 10, 8 ], "texture": "#top" },
        "west":  { "uv": [ 6, 6, 10, 8 ], "texture": "#top" },
        "east":  { "uv": [ 6, 6, 10, 8 ], "texture": "#top" }
    }
}
],
"display": {
    "thirdperson_righthand": {
        "rotation": [ -115, 0, 180 ],
        "translation": [ 0, -3.59, -3.02 ],
        "scale": [ 0.65, 0.65, 0.65 ]
    },
    "thirdperson_lefthand": {
        "rotation": [ -115, 0, 180 ],
        "translation": [ 0, -3.59, -3.02 ],
        "scale": [ 0.65, 0.65, 0.65 ]
    },
    "head": {
        "rotation": [ 0, 0, 0 ],
        "translation": [ 0, 13.42, 0 ],
        "scale": [ 1, 1, 1 ]
    },
    "ground": {
        "rotation": [ 0, 0, 0 ],
        "translation": [ 0, 3, 0 ],
        "scale": [ 0.6, 0.6, 0.6 ]
    },
    "fixed": {
        "rotation": [ 0, 0, 0 ],
        "translation": [ 0, 0, 0 ],
        "scale": [ 1, 1, 1 ]
    },
    "firstperson_righthand": {
        "rotation": [ 0, 135, 0 ],
        "translation": [ 0, 0, 0 ],
        "scale": [ 0.4, 0.4, 0.4 ]
    },
    "firstperson_lefthand": {
        "rotation": [ 0, -45, 0 ],
        "translation": [ 0, 0, 0 ],
        "scale": [ 0.4, 0.4, 0.4 ]
    },
    "gui": {
        "rotation": [ 30, 135, 0 ],
        "translation": [ 0, 0, 0 ],
        "scale": [ 0.65, 0.65, 0.65 ]
    }
}
}