{
"textures": {
    "particle": "blocks/cake_side",
    "bottom": "blocks/cake_bottom",
    "side": "blocks/cake_side",
    "inner": "blocks/cake_inner",
    "top": "blocks/cake_top"
},
"elements": [ 
{
    "from": [ 3, 0, 1 ],
    "to": [ 15, 4, 15 ],
    "faces": {
        "down":  { "uv": [ 1, 1, 15, 15 ], "rotation": 180, "texture": "#bottom", "cullface": "down" },
        "north": { "uv": [ 1, 12, 15, 16 ], "texture": "#side" },
        "south": { "uv": [ 1, 12, 15, 16 ], "texture": "#side" },
        "west":  { "uv": [ 1, 10, 15, 16 ], "texture": "#inner" },
        "east":  { "uv": [ 1, 12, 15, 16 ], "texture": "#side" }
    }
},
{
    "from": [ 3, 4, 0.5 ],
    "to": [ 15.5, 8, 15.5 ],
    "faces": {
        "down":  { "uv": [ 1, 1, 15, 15 ], "rotation": 180, "texture": "#top" },
        "up":    { "uv": [ 1, 1, 15, 15 ], "rotation": 180, "texture": "#top" },
        "north": { "uv": [ 1, 8, 15, 12 ], "texture": "#side" },
        "south": { "uv": [ 1, 8, 15, 12 ], "texture": "#side" },
        "west":  { "uv": [ 1, 9, 15, 12 ], "texture": "#side" },
        "east":  { "uv": [ 1, 8, 15, 12 ], "texture": "#side" }
    }
},
{
    "from": [ 3, 8, 1.5 ],
    "to": [ 14.5, 10, 14.5 ],
    "faces": {
        "down":  { "uv": [ 2, 2, 14, 14 ], "rotation": 180, "texture": "#top" },
        "up":    { "uv": [ 2, 2, 6, 6 ], "rotation": 180, "texture": "#top" },
        "north": { "uv": [ 1, 8, 15, 10 ], "texture": "#side" },
        "south": { "uv": [ 1, 8, 15, 10 ], "texture": "#side" },
        "west":  { "uv": [ 1, 8, 15, 10 ], "texture": "#side" },
        "east":  { "uv": [ 1, 8, 15, 10 ], "texture": "#side" }
    }
},
{
    "from": [ 6, 9.5, 6 ],
    "to": [ 10, 12, 10 ],
    "faces": {
        "down":  { "uv": [ 6, 6, 10, 10 ], "rotation": 180, "texture": "#top" },
        "up":    { "uv": [ 6, 6, 10, 10 ], "rotation": 180, "texture": "#top" },
        "north": { "uv": [ 6, 6, 10, 8 ], "texture": "#top" },
        "south": { "uv": [ 6, 6, 10, 8 ], "texture": "#top" },
        "west":  { "uv": [ 6, 6, 10, 8 ], "texture": "#top" },
        "east":  { "uv": [ 6, 6, 10, 8 ], "texture": "#top" }
    }
}
],
"display": {
    "thirdperson_righthand": {
        "rotation": [ -180, -45, 170 ],
        "translation": [ 0, 2.08, 1.32 ],
        "scale": [ 0.37, 0.37, 0.37 ]
    },
    "thirdperson_lefthand": {
        "rotation": [ -180, -45, 170 ],
        "translation": [ 0, 2.08, 1.32 ],
        "scale": [ 0.37, 0.37, 0.37 ]
    },
    "head": {
        "rotation": [ 0, 0, 0 ],
        "translation": [ 0, 6.05, 0 ],
        "scale": [ 1, 1, 1 ]
    },
    "ground": {
        "rotation": [ 0, 0, 0 ],
        "translation": [ 0, 3, 0 ],
        "scale": [ 0.35, 0.35, 0.35 ]
    },
    "fixed": {
        "rotation": [ 0, 0, 0 ],
        "translation": [ 0, 0, 0 ],
        "scale": [ 1, 1, 1 ]
    },
    "firstperson_righthand": {
        "rotation": [ 6, 43, -3 ],
        "translation": [ 1.51, 0, 0 ],
        "scale": [ 0.6, 0.6, 0.6 ]
    },
    "firstperson_lefthand": {
        "rotation": [ 6, 43, -3 ],
        "translation": [ 1.51, 0, 0 ],
        "scale": [ 0.6, 0.6, 0.6 ]
    },
    "gui": {
        "rotation": [ 25, 45, 0 ],
        "translation": [ 0, 0, 0 ],
        "scale": [ 0.75, 0.75, 0.75 ]
    }
}
}