{
"textures": {
    "particle": "blocks/cocoa_stage_0",
    "cocoa": "blocks/cocoa_stage_0"
},
"elements": [ 
{
    "from": [ 6, 7, 11 ],
    "to": [ 10, 12, 15 ],
    "faces": {
        "down":  { "uv": [ 0, 0, 4, 4 ], "texture": "#cocoa" },
        "up":    { "uv": [ 0, 0, 4, 4 ], "texture": "#cocoa" },
        "north": { "uv": [ 11, 4, 15, 9 ], "texture": "#cocoa" },
        "south": { "uv": [ 11, 4, 15, 9 ], "texture": "#cocoa" },
        "west":  { "uv": [ 11, 4, 15, 9 ], "texture": "#cocoa" },
        "east":  { "uv": [ 11, 4, 15, 9 ], "texture": "#cocoa" }
    }
},
{
    "from": [ 8, 12, 12 ],
    "to": [ 8.0625, 16, 16 ],
    "faces": {
        "west":  { "uv": [ 12, 0, 16, 4 ], "texture": "#cocoa" },
        "east":  { "uv": [ 16, 0, 12, 4 ], "texture": "#cocoa" }
    }
},
{
    "from": [ 7, 8, 10.5 ],
    "to": [ 9, 11, 11.5 ],
    "faces": {
        "down":  { "uv": [ 12, 6, 14, 7 ], "texture": "#cocoa" },
        "up":    { "uv": [ 12, 6, 14, 7 ], "texture": "#cocoa" },
        "north": { "uv": [ 12, 5, 14, 8 ], "texture": "#cocoa" },
        "south": { "uv": [ 12, 5, 14, 8 ], "texture": "#cocoa" },
        "west":  { "uv": [ 12, 5, 13, 8 ], "texture": "#cocoa" },
        "east":  { "uv": [ 12, 5, 13, 8 ], "texture": "#cocoa" }
    }
},
{
    "from": [ 5.5, 8, 12 ],
    "to": [ 6.5, 11, 14 ],
    "faces": {
        "down":  { "uv": [ 12, 5, 13, 7 ], "texture": "#cocoa" },
        "up":    { "uv": [ 12, 5, 13, 7 ], "texture": "#cocoa" },
        "north": { "uv": [ 12, 5, 13, 8 ], "texture": "#cocoa" },
        "south": { "uv": [ 12, 5, 13, 8 ], "texture": "#cocoa" },
        "west":  { "uv": [ 12, 5, 14, 8 ], "texture": "#cocoa" },
        "east":  { "uv": [ 12, 5, 14, 8 ], "texture": "#cocoa" }
    }
},
{
    "from": [ 9.5, 8, 12 ],
    "to": [ 10.5, 11, 14 ],
    "faces": {
        "down":  { "uv": [ 12, 5, 13, 7 ], "texture": "#cocoa" },
        "up":    { "uv": [ 12, 5, 13, 7 ], "texture": "#cocoa" },
        "north": { "uv": [ 12, 5, 13, 8 ], "texture": "#cocoa" },
        "south": { "uv": [ 12, 5, 13, 8 ], "texture": "#cocoa" },
        "west":  { "uv": [ 12, 5, 14, 8 ], "texture": "#cocoa" },
        "east":  { "uv": [ 12, 5, 14, 8 ], "texture": "#cocoa" }
    }
},
{
    "from": [ 7, 8, 14.5 ],
    "to": [ 9, 11, 15.5 ],
    "faces": {
        "down":  { "uv": [ 12, 6, 14, 7 ], "texture": "#cocoa" },
        "up":    { "uv": [ 12, 6, 14, 7 ], "texture": "#cocoa" },
        "north": { "uv": [ 12, 5, 14, 8 ], "texture": "#cocoa" },
        "south": { "uv": [ 12, 5, 14, 8 ], "texture": "#cocoa" },
        "west":  { "uv": [ 12, 5, 13, 8 ], "texture": "#cocoa" },
        "east":  { "uv": [ 12, 5, 13, 8 ], "texture": "#cocoa" }
    }
},
{
    "from": [ 7, 11.5, 12 ],
    "to": [ 9, 12.5, 14 ],
    "faces": {
        "down":  { "uv": [ 1, 1, 3, 3 ], "texture": "#cocoa" },
        "up":    { "uv": [ 1, 1, 3, 3 ], "texture": "#cocoa" },
        "north": { "uv": [ 1, 2, 3, 3 ], "texture": "#cocoa" },
        "south": { "uv": [ 1, 2, 3, 3 ], "texture": "#cocoa" },
        "west":  { "uv": [ 1, 2, 3, 3 ], "texture": "#cocoa" },
        "east":  { "uv": [ 1, 2, 3, 3 ], "texture": "#cocoa" }
    }
},
{
    "from": [ 7, 6.5, 12 ],
    "to": [ 9, 7.5, 14 ],
    "faces": {
        "down":  { "uv": [ 1, 1, 3, 3 ], "texture": "#cocoa" },
        "up":    { "uv": [ 1, 1, 3, 3 ], "texture": "#cocoa" },
        "north": { "uv": [ 1, 2, 3, 3 ], "texture": "#cocoa" },
        "south": { "uv": [ 1, 2, 3, 3 ], "texture": "#cocoa" },
        "west":  { "uv": [ 1, 2, 3, 3 ], "texture": "#cocoa" },
        "east":  { "uv": [ 1, 2, 3, 3 ], "texture": "#cocoa" }
    }
}
]
}