{
"textures": {
    "particle": "blocks/cocoa_stage_1",
    "cocoa": "blocks/cocoa_stage_1"
},
"elements": [ 
{
    "from": [ 5, 5, 9 ],
    "to": [ 11, 12, 15 ],
    "faces": {
        "down":  { "uv": [ 0, 0, 6, 6 ], "texture": "#cocoa" },
        "up":    { "uv": [ 0, 0, 6, 6 ], "texture": "#cocoa" },
        "north": { "uv": [ 9, 4, 15, 11 ], "texture": "#cocoa" },
        "south": { "uv": [ 9, 4, 15, 11 ], "texture": "#cocoa" },
        "west":  { "uv": [ 9, 4, 15, 11 ], "texture": "#cocoa" },
        "east":  { "uv": [ 9, 4, 15, 11 ], "texture": "#cocoa" }
    }
},
{
    "from": [ 8, 12, 12 ],
    "to": [ 8.0625, 16, 16 ],
    "faces": {
        "west":  { "uv": [ 12, 0, 16, 4 ], "texture": "#cocoa" },
        "east":  { "uv": [ 16, 0, 12, 4 ], "texture": "#cocoa" }
    }
},
{
    "from": [ 6, 6, 8.5 ],
    "to": [ 10, 11, 9.5 ],
    "faces": {
        "down":  { "uv": [ 10, 5, 14, 6 ], "texture": "#cocoa" },
        "up":    { "uv": [ 10, 5, 14, 6 ], "texture": "#cocoa" },
        "north": { "uv": [ 10, 5, 14, 10 ], "texture": "#cocoa" },
        "south": { "uv": [ 10, 5, 14, 10 ], "texture": "#cocoa" },
        "west":  { "uv": [ 10, 5, 11, 10 ], "texture": "#cocoa" },
        "east":  { "uv": [ 10, 5, 11, 10 ], "texture": "#cocoa" }
    }
},
{
    "from": [ 6, 6, 14.5 ],
    "to": [ 10, 11, 15.5 ],
    "faces": {
        "down":  { "uv": [ 10, 5, 14, 6 ], "texture": "#cocoa" },
        "up":    { "uv": [ 10, 5, 14, 6 ], "texture": "#cocoa" },
        "north": { "uv": [ 10, 5, 14, 10 ], "texture": "#cocoa" },
        "south": { "uv": [ 10, 5, 14, 10 ], "texture": "#cocoa" },
        "west":  { "uv": [ 10, 5, 11, 10 ], "texture": "#cocoa" },
        "east":  { "uv": [ 10, 5, 11, 10 ], "texture": "#cocoa" }
    }
},
{
    "from": [ 4.5, 6, 10 ],
    "to": [ 5.5, 11, 14 ],
    "faces": {
        "down":  { "uv": [ 10, 5, 11, 9 ], "texture": "#cocoa" },
        "up":    { "uv": [ 10, 5, 11, 9 ], "texture": "#cocoa" },
        "north": { "uv": [ 10, 5, 11, 10 ], "texture": "#cocoa" },
        "south": { "uv": [ 10, 5, 11, 10 ], "texture": "#cocoa" },
        "west":  { "uv": [ 10, 5, 14, 10 ], "texture": "#cocoa" },
        "east":  { "uv": [ 10, 5, 14, 10 ], "texture": "#cocoa" }
    }
},
{
    "from": [ 10.5, 6, 10 ],
    "to": [ 11.5, 11, 14 ],
    "faces": {
        "down":  { "uv": [ 10, 5, 11, 9 ], "texture": "#cocoa" },
        "up":    { "uv": [ 10, 5, 11, 9 ], "texture": "#cocoa" },
        "north": { "uv": [ 10, 5, 11, 10 ], "texture": "#cocoa" },
        "south": { "uv": [ 10, 5, 11, 10 ], "texture": "#cocoa" },
        "west":  { "uv": [ 10, 5, 14, 10 ], "texture": "#cocoa" },
        "east":  { "uv": [ 10, 5, 14, 10 ], "texture": "#cocoa" }
    }
},
{
    "from": [ 6, 11.5, 10 ],
    "to": [ 10, 12.5, 14 ],
    "faces": {
        "down":  { "uv": [ 1, 1, 5, 5 ], "texture": "#cocoa" },
        "up":    { "uv": [ 1, 1, 5, 5 ], "texture": "#cocoa" },
        "north": { "uv": [ 1, 1, 5, 2 ], "texture": "#cocoa" },
        "south": { "uv": [ 1, 1, 5, 2 ], "texture": "#cocoa" },
        "west":  { "uv": [ 1, 1, 5, 2 ], "texture": "#cocoa" },
        "east":  { "uv": [ 1, 1, 5, 2 ], "texture": "#cocoa" }
    }
},
{
    "from": [ 6, 4.5, 10 ],
    "to": [ 10, 5.5, 14 ],
    "faces": {
        "down":  { "uv": [ 1, 1, 5, 5 ], "texture": "#cocoa" },
        "up":    { "uv": [ 1, 1, 5, 5 ], "texture": "#cocoa" },
        "north": { "uv": [ 1, 1, 5, 2 ], "texture": "#cocoa" },
        "south": { "uv": [ 1, 1, 5, 2 ], "texture": "#cocoa" },
        "west":  { "uv": [ 1, 1, 5, 2 ], "texture": "#cocoa" },
        "east":  { "uv": [ 1, 1, 5, 2 ], "texture": "#cocoa" }
    }
}
]
}