{
"textures": {
    "particle": "blocks/cocoa_stage_2",
    "cocoa": "blocks/cocoa_stage_2"
},
"elements": [ 
{
    "from": [ 4, 3, 7 ],
    "to": [ 12, 12, 15 ],
    "faces": {
        "down":  { "uv": [ 0, 0, 7, 7 ], "texture": "#cocoa" },
        "up":    { "uv": [ 0, 0, 7, 7 ], "texture": "#cocoa" },
        "north": { "uv": [ 7, 4, 15, 13 ], "texture": "#cocoa" },
        "south": { "uv": [ 7, 4, 15, 13 ], "texture": "#cocoa" },
        "west":  { "uv": [ 7, 4, 15, 13 ], "texture": "#cocoa" },
        "east":  { "uv": [ 7, 4, 15, 13 ], "texture": "#cocoa" }
    }
},
{
    "from": [ 8, 12, 12 ],
    "to": [ 8.0625, 16, 16 ],
    "faces": {
        "west":  { "uv": [ 12, 0, 16, 4 ], "texture": "#cocoa" },
        "east":  { "uv": [ 16, 0, 12, 4 ], "texture": "#cocoa" }
    }
},
{
    "from": [ 5, 4, 6.5 ],
    "to": [ 11, 11, 7.5 ],
    "faces": {
        "down":  { "uv": [ 8, 5, 14, 6 ], "texture": "#cocoa" },
        "up":    { "uv": [ 8, 5, 14, 6 ], "texture": "#cocoa" },
        "north": { "uv": [ 8, 5, 14, 12 ], "texture": "#cocoa" },
        "south": { "uv": [ 8, 5, 14, 12 ], "texture": "#cocoa" },
        "west":  { "uv": [ 8, 5, 9, 12 ], "texture": "#cocoa" },
        "east":  { "uv": [ 8, 5, 9, 12 ], "texture": "#cocoa" }
    }
},
{
    "from": [ 5, 4, 14.5 ],
    "to": [ 11, 11, 15.5 ],
    "faces": {
        "down":  { "uv": [ 8, 5, 14, 6 ], "texture": "#cocoa" },
        "up":    { "uv": [ 8, 5, 14, 6 ], "texture": "#cocoa" },
        "north": { "uv": [ 8, 5, 14, 12 ], "texture": "#cocoa" },
        "south": { "uv": [ 8, 5, 14, 12 ], "texture": "#cocoa" },
        "west":  { "uv": [ 8, 5, 9, 12 ], "texture": "#cocoa" },
        "east":  { "uv": [ 8, 5, 9, 12 ], "texture": "#cocoa" }
    }
},
{
    "from": [ 5, 2.5, 8 ],
    "to": [ 11, 3.5, 14 ],
    "faces": {
        "down":  { "uv": [ 1, 1, 6, 6 ], "texture": "#cocoa" },
        "up":    { "uv": [ 1, 1, 6, 6 ], "texture": "#cocoa" },
        "north": { "uv": [ 1, 1, 6, 2 ], "texture": "#cocoa" },
        "south": { "uv": [ 1, 1, 6, 2 ], "texture": "#cocoa" },
        "west":  { "uv": [ 1, 1, 6, 2 ], "texture": "#cocoa" },
        "east":  { "uv": [ 1, 1, 6, 2 ], "texture": "#cocoa" }
    }
},
{
    "from": [ 5, 11.5, 8 ],
    "to": [ 11, 12.5, 14 ],
    "faces": {
        "down":  { "uv": [ 1, 1, 6, 6 ], "texture": "#cocoa" },
        "up":    { "uv": [ 1, 1, 6, 6 ], "texture": "#cocoa" },
        "north": { "uv": [ 1, 1, 6, 2 ], "texture": "#cocoa" },
        "south": { "uv": [ 1, 1, 6, 2 ], "texture": "#cocoa" },
        "west":  { "uv": [ 1, 1, 6, 2 ], "texture": "#cocoa" },
        "east":  { "uv": [ 1, 1, 6, 2 ], "texture": "#cocoa" }
    }
},
{
    "from": [ 3.5, 4, 8 ],
    "to": [ 4.5, 11, 14 ],
    "faces": {
        "down":  { "uv": [ 8, 5, 9, 11 ], "texture": "#cocoa" },
        "up":    { "uv": [ 8, 5, 9, 11 ], "texture": "#cocoa" },
        "north": { "uv": [ 8, 5, 9, 12 ], "texture": "#cocoa" },
        "south": { "uv": [ 8, 5, 9, 12 ], "texture": "#cocoa" },
        "west":  { "uv": [ 8, 5, 14, 12 ], "texture": "#cocoa" },
        "east":  { "uv": [ 8, 5, 14, 12 ], "texture": "#cocoa" }
    }
},
{
    "from": [ 11.5, 4, 8 ],
    "to": [ 12.5, 11, 14 ],
    "faces": {
        "down":  { "uv": [ 8, 5, 9, 11 ], "texture": "#cocoa" },
        "up":    { "uv": [ 8, 5, 9, 11 ], "texture": "#cocoa" },
        "north": { "uv": [ 8, 5, 9, 12 ], "texture": "#cocoa" },
        "south": { "uv": [ 8, 5, 9, 12 ], "texture": "#cocoa" },
        "west":  { "uv": [ 8, 5, 14, 12 ], "texture": "#cocoa" },
        "east":  { "uv": [ 8, 5, 14, 12 ], "texture": "#cocoa" }
    }
}
]
}