{
"__comment": "Smoothcraft - 2016",
"textures": {
    "particle": "blocks/deadbush",
    "texture": "blocks/deadbush"
},
"elements": [ 
{
    "from": [ 5, 0.375, 6 ],
    "to": [ 13.5, 1.375, 7 ],
    "rotation": { "origin": [ 5, 0.375, 6 ], "axis": "y", "angle": -22.5 },
    "faces": {
        "down":  { "uv": [ 4, 12, 9, 13 ], "texture": "#texture" },
        "up":    { "uv": [ 4, 12, 9, 13 ], "texture": "#texture" },
        "north": { "uv": [ 4, 12, 8, 13 ], "texture": "#texture" },
        "south": { "uv": [ 4, 12, 8, 13 ], "texture": "#texture" },
        "west":  { "uv": [ 4, 12, 5, 13 ], "texture": "#texture" },
        "east":  { "uv": [ 7, 7, 8, 8 ], "texture": "#texture" }
    }
},
{
    "from": [ 5.5, 0, 11 ],
    "to": [ 12, 1, 12 ],
    "rotation": { "origin": [ 5.5, 0, 11 ], "axis": "y", "angle": 45 },
    "faces": {
        "down":  { "uv": [ 9, 13, 4, 12.5 ], "texture": "#texture" },
        "up":    { "uv": [ 4, 12, 9, 13 ], "texture": "#texture" },
        "north": { "uv": [ 4, 13, 9, 12 ], "texture": "#texture" },
        "south": { "uv": [ 9, 12, 4, 13 ], "texture": "#texture" },
        "west":  { "uv": [ 9, 14, 10, 15 ], "texture": "#texture" },
        "east":  { "uv": [ 13, 12, 14, 13 ], "texture": "#texture" }
    }
},
{
    "from": [ 3.5, 1, 5 ],
    "to": [ 4.5, 2, 12.5 ],
    "rotation": { "origin": [ 3.5, 1, 5 ], "axis": "y", "angle": 22.5 },
    "faces": {
        "down":  { "uv": [ 7, 2, 8, 7 ], "texture": "#texture" },
        "up":    { "uv": [ 8, 8, 9, 13 ], "texture": "#texture" },
        "north": { "uv": [ 2, 11, 3, 12 ], "texture": "#texture" },
        "south": { "uv": [ 4.5, 12, 5.5, 13 ], "texture": "#texture" },
        "west":  { "uv": [ 4, 12, 9, 13 ], "texture": "#texture" },
        "east":  { "uv": [ 4, 12, 8, 13 ], "texture": "#texture" }
    }
},
{
    "from": [ 3, 0, 6.5 ],
    "to": [ 7.5, 1, 7.5 ],
    "rotation": { "origin": [ 3, 0, 6.5 ], "axis": "y", "angle": 22.5 },
    "faces": {
        "down":  { "uv": [ 9, 13, 4, 12 ], "texture": "#texture" },
        "up":    { "uv": [ 4, 12, 9, 13 ], "texture": "#texture" },
        "north": { "uv": [ 4, 7, 8, 8 ], "texture": "#texture" },
        "south": { "uv": [ 7, 5, 11, 6 ], "texture": "#texture" },
        "west":  { "uv": [ 7, 15, 8, 16 ], "texture": "#texture" },
        "east":  { "uv": [ 2, 11, 3, 12 ], "texture": "#texture" }
    }
}
]
}