{
"__comment": "Smoothcraft - 2016",
"textures": {
    "particle": "blocks/deadbush",
    "texture": "blocks/deadbush"
},
"elements": [ 
{
    "from": [ 2.44518, 0, 9 ],
    "to": [ 10.9452, 1, 10 ],
    "rotation": { "origin": [ 2.44518, 0, 9 ], "axis": "y", "angle": -22.5 },
    "faces": {
        "down":  { "uv": [ 4, 12, 9, 13 ], "rotation": 180, "texture": "#texture" },
        "up":    { "uv": [ 4, 12, 9, 13 ], "rotation": 180, "texture": "#texture" },
        "north": { "uv": [ 4, 12, 8, 13 ], "texture": "#texture" },
        "south": { "uv": [ 4, 12, 8, 13 ], "texture": "#texture" },
        "west":  { "uv": [ 7, 7, 8, 8 ], "texture": "#texture" },
        "east":  { "uv": [ 4, 12, 5, 13 ], "texture": "#texture" }
    }
},
{
    "from": [ 4, 0, 4 ],
    "to": [ 10.5, 1, 5 ],
    "rotation": { "origin": [ 4, 0, 4 ], "axis": "y", "angle": 45 },
    "faces": {
        "down":  { "uv": [ 9, 13, 4, 12.5 ], "rotation": 180, "texture": "#texture" },
        "up":    { "uv": [ 4, 12, 9, 13 ], "rotation": 180, "texture": "#texture" },
        "north": { "uv": [ 9, 12, 4, 13 ], "texture": "#texture" },
        "south": { "uv": [ 4, 13, 9, 12 ], "texture": "#texture" },
        "west":  { "uv": [ 13, 12, 14, 13 ], "texture": "#texture" },
        "east":  { "uv": [ 9, 14, 10, 15 ], "texture": "#texture" }
    }
},
{
    "from": [ 11.5, -0.995125, 2 ],
    "to": [ 12.5, 0.004875, 9.5 ],
    "rotation": { "origin": [ 11.5, 0.004875, 2 ], "axis": "x", "angle": -22.5 },
    "faces": {
        "down":  { "uv": [ 7, 2, 8, 7 ], "rotation": 180, "texture": "#texture" },
        "up":    { "uv": [ 8, 8, 9, 13 ], "rotation": 180, "texture": "#texture" },
        "north": { "uv": [ 4.5, 12, 5.5, 13 ], "texture": "#texture" },
        "south": { "uv": [ 2, 11, 3, 12 ], "texture": "#texture" },
        "west":  { "uv": [ 4, 12, 8, 13 ], "texture": "#texture" },
        "east":  { "uv": [ 4, 12, 9, 13 ], "texture": "#texture" }
    }
},
{
    "from": [ 8.5, 0, 8.5 ],
    "to": [ 13, 1, 9.5 ],
    "rotation": { "origin": [ 8.5, 0, 8.5 ], "axis": "y", "angle": 22.5 },
    "faces": {
        "down":  { "uv": [ 9, 13, 4, 12 ], "rotation": 180, "texture": "#texture" },
        "up":    { "uv": [ 4, 12, 9, 13 ], "rotation": 180, "texture": "#texture" },
        "north": { "uv": [ 7, 5, 11, 6 ], "texture": "#texture" },
        "south": { "uv": [ 4, 7, 8, 8 ], "texture": "#texture" },
        "west":  { "uv": [ 2, 11, 3, 12 ], "texture": "#texture" },
        "east":  { "uv": [ 7, 15, 8, 16 ], "texture": "#texture" }
    }
}
]
}