{
"__comment": "Smoothcraft - 2016",
"textures": {
    "particle": "blocks/deadbush",
    "texture": "blocks/deadbush"
},
"elements": [ 
{
    "from": [ 5.94031, 0.5, 2.5 ],
    "to": [ 6.94031, 1.5, 11 ],
    "rotation": { "origin": [ 5.94031, 0.5, 2.5 ], "axis": "y", "angle": -22.5 },
    "faces": {
        "down":  { "uv": [ 4, 12, 9, 13 ], "rotation": 90, "texture": "#texture" },
        "up":    { "uv": [ 4, 12, 9, 13 ], "rotation": 270, "texture": "#texture" },
        "north": { "uv": [ 7, 7, 8, 8 ], "texture": "#texture" },
        "south": { "uv": [ 4, 12, 5, 13 ], "texture": "#texture" },
        "west":  { "uv": [ 4, 12, 8, 13 ], "texture": "#texture" },
        "east":  { "uv": [ 4, 12, 8, 13 ], "texture": "#texture" }
    }
},
{
    "from": [ 11, 0, 4 ],
    "to": [ 12, 1, 10.5 ],
    "rotation": { "origin": [ 11, 0, 4 ], "axis": "y", "angle": 45 },
    "faces": {
        "down":  { "uv": [ 9, 13, 4, 12.5 ], "rotation": 90, "texture": "#texture" },
        "up":    { "uv": [ 4, 12, 9, 13 ], "rotation": 270, "texture": "#texture" },
        "north": { "uv": [ 13, 12, 14, 13 ], "texture": "#texture" },
        "south": { "uv": [ 9, 14, 10, 15 ], "texture": "#texture" },
        "west":  { "uv": [ 4, 13, 9, 12 ], "texture": "#texture" },
        "east":  { "uv": [ 9, 12, 4, 13 ], "texture": "#texture" }
    }
},
{
    "from": [ 6.5, 2, 11.5 ],
    "to": [ 14, 3, 12.5 ],
    "rotation": { "origin": [ 6.5, 3, 11.5 ], "axis": "z", "angle": -22.5 },
    "faces": {
        "down":  { "uv": [ 7, 2, 8, 7 ], "rotation": 90, "texture": "#texture" },
        "up":    { "uv": [ 8, 8, 9, 13 ], "rotation": 270, "texture": "#texture" },
        "north": { "uv": [ 4, 12, 8, 13 ], "texture": "#texture" },
        "south": { "uv": [ 4, 12, 9, 13 ], "texture": "#texture" },
        "west":  { "uv": [ 2, 11, 3, 12 ], "texture": "#texture" },
        "east":  { "uv": [ 4.5, 12, 5.5, 13 ], "texture": "#texture" }
    }
},
{
    "from": [ 6.5, 0, 8.5 ],
    "to": [ 7.5, 1, 13 ],
    "rotation": { "origin": [ 6.5, 0, 8.5 ], "axis": "y", "angle": 22.5 },
    "faces": {
        "down":  { "uv": [ 9, 13, 4, 12 ], "rotation": 90, "texture": "#texture" },
        "up":    { "uv": [ 4, 12, 9, 13 ], "rotation": 270, "texture": "#texture" },
        "north": { "uv": [ 2, 11, 3, 12 ], "texture": "#texture" },
        "south": { "uv": [ 7, 15, 8, 16 ], "texture": "#texture" },
        "west":  { "uv": [ 4, 7, 8, 8 ], "texture": "#texture" },
        "east":  { "uv": [ 7, 5, 11, 6 ], "texture": "#texture" }
    }
}
]
}