{
"__comment": "Designed by Hades909 with BDcraft Cubik PRO 0.96 Beta - http://bdcraft.net",
"textures": {
    "particle": "blocks/dropper_front_horizontal",
    "texture": "blocks/dropper_front_horizontal",
    "furnace_top": "blocks/furnace_top",
    "furnace_side": "blocks/furnace_side"
},
"elements": [ 
{
    "from": [ 0, 0, 0.5 ],
    "to": [ 7, 16, 16 ],
    "faces": {
        "down":  { "uv": [ 16, 16, 9, 0.5 ], "texture": "#furnace_top" },
        "up":    { "uv": [ 0, 0.5, 7, 16 ], "texture": "#furnace_top" },
        "north": { "uv": [ 9, 0, 16, 16 ], "texture": "#texture" },
        "south": { "uv": [ 0, 0, 7, 16 ], "texture": "#furnace_side" },
        "west":  { "uv": [ 0.5, 0, 16, 16 ], "texture": "#furnace_side" },
        "east":  { "uv": [ 0, 0, 15.5, 16 ], "texture": "#furnace_side" }
    }
},
{
    "from": [ 9, 0, 0.5 ],
    "to": [ 16, 16, 16 ],
    "faces": {
        "down":  { "uv": [ 7, 16, 0, 0.5 ], "texture": "#furnace_top" },
        "up":    { "uv": [ 9, 0.5, 16, 16 ], "texture": "#furnace_top" },
        "north": { "uv": [ 0, 0, 7, 16 ], "texture": "#texture" },
        "south": { "uv": [ 9, 0, 16, 16 ], "texture": "#furnace_side" },
        "west":  { "uv": [ 0.5, 0, 16, 16 ], "texture": "#furnace_side" },
        "east":  { "uv": [ 0, 0, 15.5, 16 ], "texture": "#furnace_side" }
    }
},
{
    "from": [ 7, 0, 0.5 ],
    "to": [ 9, 5, 16 ],
    "faces": {
        "down":  { "uv": [ 9, 16, 7, 0.5 ], "texture": "#furnace_top" },
        "up":    { "uv": [ 7, 0.5, 9, 16 ], "texture": "#furnace_top" },
        "north": { "uv": [ 7, 11, 9, 16 ], "texture": "#texture" },
        "south": { "uv": [ 7, 11, 9, 16 ], "texture": "#furnace_side" },
        "west":  { "uv": [ 0.5, 11, 16, 16 ], "texture": "#furnace_side" },
        "east":  { "uv": [ 0, 11, 15.5, 16 ], "texture": "#furnace_side" }
    }
},
{
    "from": [ 7, 7, 0.5 ],
    "to": [ 9, 16, 16 ],
    "faces": {
        "down":  { "uv": [ 9, 16, 7, 0.5 ], "texture": "#furnace_top" },
        "up":    { "uv": [ 7, 0.5, 9, 16 ], "texture": "#furnace_top" },
        "north": { "uv": [ 7, 0, 9, 9 ], "texture": "#texture" },
        "south": { "uv": [ 7, 0, 9, 9 ], "texture": "#furnace_side" },
        "west":  { "uv": [ 0.5, 0, 16, 9 ], "texture": "#furnace_side" },
        "east":  { "uv": [ 0, 0, 15.5, 9 ], "texture": "#furnace_side" }
    }
},
{
    "from": [ 7, 5, 10.5 ],
    "to": [ 9, 7, 16 ],
    "faces": {
        "down":  { "uv": [ 9, 16, 7, 10.5 ], "texture": "#furnace_side" },
        "up":    { "uv": [ 7, 10.5, 9, 16 ], "texture": "#furnace_side" },
        "north": { "uv": [ 7, 9, 9, 11 ], "texture": "#furnace_side" },
        "south": { "uv": [ 7, 9, 9, 11 ], "texture": "#furnace_side" },
        "west":  { "uv": [ 10.5, 9, 16, 11 ], "texture": "#furnace_side" },
        "east":  { "uv": [ 0, 9, 5.5, 11 ], "texture": "#furnace_side" }
    }
},
{
    "from": [ 6, 4, 0 ],
    "to": [ 7, 8, 1 ],
    "faces": {
        "down":  { "uv": [ 10, 1, 9, 0 ], "texture": "#texture" },
        "up":    { "uv": [ 6, 0, 7, 1 ], "texture": "#texture" },
        "north": { "uv": [ 9, 8, 10, 12 ], "texture": "#texture" },
        "south": { "uv": [ 6, 8, 7, 12 ], "texture": "#texture" },
        "west":  { "uv": [ 0, 8, 1, 12 ], "texture": "#texture" },
        "east":  { "uv": [ 15, 8, 16, 12 ], "texture": "#texture" }
    }
},
{
    "from": [ 9, 4, 0 ],
    "to": [ 10, 8, 1 ],
    "faces": {
        "down":  { "uv": [ 7, 1, 6, 0 ], "texture": "#texture" },
        "up":    { "uv": [ 9, 0, 10, 1 ], "texture": "#texture" },
        "north": { "uv": [ 6, 8, 7, 12 ], "texture": "#texture" },
        "south": { "uv": [ 9, 8, 10, 12 ], "texture": "#texture" },
        "west":  { "uv": [ 0, 8, 1, 12 ], "texture": "#texture" },
        "east":  { "uv": [ 15, 8, 16, 12 ], "texture": "#texture" }
    }
},
{
    "from": [ 7, 4, 0 ],
    "to": [ 9, 5, 1 ],
    "faces": {
        "down":  { "uv": [ 9, 1, 7, 0 ], "texture": "#texture" },
        "up":    { "uv": [ 7, 0, 9, 1 ], "texture": "#texture" },
        "north": { "uv": [ 7, 11, 9, 12 ], "texture": "#texture" },
        "south": { "uv": [ 7, 11, 9, 12 ], "texture": "#texture" },
        "west":  { "uv": [ 0, 11, 1, 12 ], "texture": "#texture" },
        "east":  { "uv": [ 15, 11, 16, 12 ], "texture": "#texture" }
    }
},
{
    "from": [ 7, 7, 0 ],
    "to": [ 9, 8, 1 ],
    "faces": {
        "down":  { "uv": [ 9, 1, 7, 0 ], "texture": "#texture" },
        "up":    { "uv": [ 7, 0, 9, 1 ], "texture": "#texture" },
        "north": { "uv": [ 7, 8, 9, 9 ], "texture": "#texture" },
        "south": { "uv": [ 7, 8, 9, 9 ], "texture": "#texture" },
        "west":  { "uv": [ 0, 8, 1, 9 ], "texture": "#texture" },
        "east":  { "uv": [ 15, 8, 16, 9 ], "texture": "#texture" }
    }
},
{
    "from": [ 0, 0, 8.88178e-016 ],
    "to": [ 16, 1, 0.5 ],
    "faces": {
        "down":  { "uv": [ 16, 0, 0, 1 ], "texture": "#texture" },
        "up":    { "uv": [ 0, 0, 16, 0.5 ], "texture": "#texture" },
        "north": { "uv": [ 0, 15, 16, 16 ], "texture": "#texture" },
        "south": { "uv": [ 0, 15, 16, 16 ], "texture": "#texture" },
        "west":  { "uv": [ 0, 15, 0.5, 16 ], "texture": "#texture" },
        "east":  { "uv": [ 0, 0, 0.5, 1 ], "texture": "#texture" }
    }
},
{
    "from": [ 0, 15, 8.88178e-016 ],
    "to": [ 16, 16, 0.5 ],
    "faces": {
        "down":  { "uv": [ 0, 0, 16, 0.5 ], "texture": "#texture" },
        "up":    { "uv": [ 0, 0, 16, 0.5 ], "texture": "#texture" },
        "north": { "uv": [ 0, 0, 16, 1 ], "texture": "#texture" },
        "south": { "uv": [ 0, 0, 16, 1 ], "texture": "#texture" },
        "west":  { "uv": [ 0, 0, 0.5, 1 ], "texture": "#texture" },
        "east":  { "uv": [ 0, 0, 0.5, 1 ], "texture": "#texture" }
    }
},
{
    "from": [ 15, 1, 0 ],
    "to": [ 16, 15, 0.5 ],
    "faces": {
        "down":  { "uv": [ 0, 0, 1, 0.5 ], "texture": "#texture" },
        "up":    { "uv": [ 0, 0, 1, 0.5 ], "texture": "#texture" },
        "north": { "uv": [ 0, 1, 1, 15 ], "texture": "#texture" },
        "south": { "uv": [ 0, 1, 1, 15 ], "texture": "#texture" },
        "west":  { "uv": [ 0, 1, 0.5, 15 ], "texture": "#texture" },
        "east":  { "uv": [ 0, 1, 0.5, 15 ], "texture": "#texture" }
    }
},
{
    "from": [ 0, 1, 0 ],
    "to": [ 1, 15, 0.5 ],
    "faces": {
        "down":  { "uv": [ 15, 0, 16, 0.5 ], "texture": "#texture" },
        "up":    { "uv": [ 15, 0, 16, 0.5 ], "texture": "#texture" },
        "north": { "uv": [ 15, 1, 16, 15 ], "texture": "#texture" },
        "south": { "uv": [ 15, 1, 16, 15 ], "texture": "#texture" },
        "west":  { "uv": [ 15.5, 1, 16, 15 ], "texture": "#texture" },
        "east":  { "uv": [ 15.5, 1, 16, 15 ], "texture": "#texture" }
    }
}
],
"display": {
    "thirdperson_righthand": {
        "rotation": [ 75, 45, 0 ],
        "translation": [ 0, 2.5, 0 ],
        "scale": [ 0.375, 0.375, 0.375 ]
    },
    "thirdperson_lefthand": {
        "rotation": [ 75, 45, 0 ],
        "translation": [ 0, 2.5, 0 ],
        "scale": [ 0.375, 0.375, 0.375 ]
    },
    "head": {
        "rotation": [ 0, 0, 0 ],
        "translation": [ 0, 0, 0 ],
        "scale": [ 1, 1, 1 ]
    },
    "ground": {
        "rotation": [ 0, 0, 0 ],
        "translation": [ 0, 3, 0 ],
        "scale": [ 0.25, 0.25, 0.25 ]
    },
    "fixed": {
        "rotation": [ 0, 0, 0 ],
        "translation": [ 0, 0, 0 ],
        "scale": [ 0.62, 0.62, 0.62 ]
    },
    "firstperson_righthand": {
        "rotation": [ 0, 45, 0 ],
        "translation": [ 0, 0, 0 ],
        "scale": [ 0.4, 0.4, 0.4 ]
    },
    "firstperson_lefthand": {
        "rotation": [ 0, 45, 0 ],
        "translation": [ 0, 0, 0 ],
        "scale": [ 0.4, 0.4, 0.4 ]
    },
    "gui": {
        "rotation": [ 30, 225, 0 ],
        "translation": [ 0, 0, 0 ],
        "scale": [ 0.625, 0.625, 0.625 ]
    }
}
}