{
"__comment": "Designed by Hades909 with BDcraft Cubik PRO 0.95 Beta - http://bdcraft.net",
"textures": {
    "particle": "blocks/furnace_front_off",
    "front": "blocks/furnace_front_off",
    "side": "blocks/furnace_side",
    "top": "blocks/furnace_top"
},
"elements": [ 
{
    "__comment": "bottom_base",
    "from": [ 0, 0, 0 ],
    "to": [ 16, 1, 16 ],
    "faces": {
        "down":  { "uv": [ 16, 16, 0, 0 ], "texture": "#top" },
        "up":    { "uv": [ 0, 0, 16, 16 ], "texture": "#top" },
        "north": { "uv": [ 0, 15, 16, 16 ], "texture": "#front" },
        "south": { "uv": [ 0, 15, 16, 16 ], "texture": "#front" },
        "west":  { "uv": [ 0, 15, 16, 16 ], "texture": "#front" },
        "east":  { "uv": [ 0, 15, 16, 16 ], "texture": "#front" }
    }
},
{
    "__comment": "right_side",
    "from": [ 0, 0.5, 0 ],
    "to": [ 3, 16, 16 ],
    "faces": {
        "up":    { "uv": [ 0, 0, 3, 16 ], "texture": "#top" },
        "north": { "uv": [ 13, 0, 16, 15.5 ], "texture": "#front" },
        "south": { "uv": [ 0, 0, 3, 15.5 ], "texture": "#side" },
        "west":  { "uv": [ 0, 0, 16, 15.5 ], "texture": "#side" },
        "east":  { "uv": [ 0, 0, 16, 15.5 ], "texture": "#side" }
    }
},
{
    "__comment": "left_side",
    "from": [ 13, 0.5, 0 ],
    "to": [ 16, 16, 16 ],
    "faces": {
        "up":    { "uv": [ 13, 0, 16, 16 ], "texture": "#top" },
        "north": { "uv": [ 0, 0, 3, 15.5 ], "texture": "#front" },
        "south": { "uv": [ 13, 0, 16, 15.5 ], "texture": "#side" },
        "west":  { "uv": [ 0, 0, 16, 15.5 ], "texture": "#side" },
        "east":  { "uv": [ 0, 0, 16, 15.5 ], "texture": "#side" }
    }
},
{
    "__comment": "top",
    "from": [ 2.5, 13, 0 ],
    "to": [ 13.5, 16, 16 ],
    "faces": {
        "down":  { "uv": [ 13.5, 16, 2.5, 0 ], "texture": "#top" },
        "up":    { "uv": [ 2.5, 0, 13.5, 16 ], "texture": "#top" },
        "north": { "uv": [ 2.5, 0, 13.5, 3 ], "texture": "#front" },
        "south": { "uv": [ 2.5, 0, 13.5, 3 ], "texture": "#side" }
    }
},
{
    "__comment": "middle",
    "from": [ 2.5, 5, 0 ],
    "to": [ 13.5, 9, 16 ],
    "faces": {
        "down":  { "uv": [ 13.5, 16, 2.5, 0 ], "texture": "#top" },
        "up":    { "uv": [ 2.5, 0, 13.5, 16 ], "texture": "#top" },
        "north": { "uv": [ 2.5, 7, 13.5, 11 ], "texture": "#front" },
        "south": { "uv": [ 2.5, 7, 13.5, 11 ], "texture": "#side" }
    }
},
{
    "__comment": "back_top",
    "from": [ 2.5, 8.5, 15 ],
    "to": [ 13.5, 13.5, 16 ],
    "faces": {
        "north": { "uv": [ 2.5, 2.5, 13.5, 7.5 ], "texture": "#front" },
        "south": { "uv": [ 2.5, 2.5, 13.5, 7.5 ], "texture": "#side" }
    }
},
{
    "__comment": "back_bottom",
    "from": [ 2.5, 0.5, 15 ],
    "to": [ 13.5, 5.5, 16 ],
    "faces": {
        "north": { "uv": [ 2.5, 10.5, 13.5, 15.5 ], "texture": "#front" },
        "south": { "uv": [ 2.5, 10.5, 13.5, 15.5 ], "texture": "#side" }
    }
}
],
"display": {
    "thirdperson_righthand": {
        "rotation": [ -75, 45, 180 ],
        "translation": [ 0, 2.5, 0 ],
        "scale": [ 0.375, 0.375, 0.375 ]
    },
    "thirdperson_lefthand": {
        "rotation": [ -75, 45, 180 ],
        "translation": [ 0, 2.5, 0 ],
        "scale": [ 0.375, 0.375, 0.375 ]
    },
    "head": {
        "rotation": [ 0, 0, 0 ],
        "translation": [ 0, 0, 0 ],
        "scale": [ 1, 1, 1 ]
    },
    "ground": {
        "rotation": [ 0, 0, 0 ],
        "translation": [ 0, 3, 0 ],
        "scale": [ 0.5, 0.5, 0.5 ]
    },
    "fixed": {
        "rotation": [ 0, 0, 0 ],
        "translation": [ 0, 0, 0 ],
        "scale": [ 1, 1, 1 ]
    },
    "firstperson_righthand": {
        "rotation": [ 0, 45, 0 ],
        "translation": [ 0, 0, 0 ],
        "scale": [ 0.4, 0.4, 0.4 ]
    },
    "firstperson_lefthand": {
        "rotation": [ 0, 45, 0 ],
        "translation": [ 0, 0, 0 ],
        "scale": [ 0.4, 0.4, 0.4 ]
    },
    "gui": {
        "rotation": [ 30, 135, 0 ],
        "translation": [ 0, 0, 0 ],
        "scale": [ 0.65, 0.65, 0.65 ]
    }
}
}