{
	"credit": "Made with Blockbench",
	"textures": {
		"0": "block/brown_mushroom",
		"particle": "block/brown_mushroom_block"
	},
	"elements": [
		{
			"from": [7, 0, 7],
			"to": [9, 3, 9],
			"faces": {
				"north": {"uv": [2, 12, 4, 15], "texture": "#0"},
				"east": {"uv": [0, 12, 2, 15], "texture": "#0"},
				"south": {"uv": [6, 12, 8, 15], "texture": "#0"},
				"west": {"uv": [4, 12, 6, 15], "texture": "#0"},
				"up": {"uv": [2, 10, 4, 12], "texture": "#0"},
				"down": {"uv": [4, 10, 6, 12], "texture": "#0"}
			}
		},
		{
			"from": [5, 3, 5],
			"to": [11, 5, 11],
			"faces": {
				"north": {"uv": [6, 6, 12, 8], "texture": "#0"},
				"east": {"uv": [0, 6, 6, 8], "texture": "#0"},
				"south": {"uv": [6, 8, 12, 10], "texture": "#0"},
				"west": {"uv": [0, 8, 6, 10], "texture": "#0"},
				"up": {"uv": [0, 0, 6, 6], "texture": "#0"},
				"down": {"uv": [6, 0, 12, 6], "texture": "#0"}
			}
		}
	]
}