{
    "variants": {
        "facing=east,half=bottom,shape=straight": [
			{ "model": "brick_stairs" },
			{ "model": "brick/stairs/1" },
			{ "model": "brick/stairs/2" },
			{ "model": "brick/stairs/3" },
			{ "model": "brick/stairs/4" },
			{ "model": "brick/stairs/5" },
			{ "model": "brick/stairs/6" },
			{ "model": "brick/stairs/7" }
		],
        "facing=west,half=bottom,shape=straight": [
			{ "model": "brick_stairs", "y": 180, "uvlock": true },
			{ "model": "brick/stairs/1", "y": 180, "uvlock": true  },
			{ "model": "brick/stairs/2", "y": 180, "uvlock": true  },
			{ "model": "brick/stairs/3", "y": 180, "uvlock": true  },
			{ "model": "brick/stairs/4", "y": 180, "uvlock": true  },
			{ "model": "brick/stairs/5", "y": 180, "uvlock": true  },
			{ "model": "brick/stairs/6", "y": 180, "uvlock": true  },
			{ "model": "brick/stairs/7", "y": 180, "uvlock": true  }
		],
        "facing=south,half=bottom,shape=straight": [
			{ "model": "brick_stairs", "y": 90, "uvlock": true },
			{ "model": "brick/stairs/1", "y": 90, "uvlock": true },
			{ "model": "brick/stairs/2", "y": 90, "uvlock": true },
			{ "model": "brick/stairs/3", "y": 90, "uvlock": true },
			{ "model": "brick/stairs/4", "y": 90, "uvlock": true },
			{ "model": "brick/stairs/5", "y": 90, "uvlock": true },
			{ "model": "brick/stairs/6", "y": 90, "uvlock": true },
			{ "model": "brick/stairs/7", "y": 90, "uvlock": true }
		],
        "facing=north,half=bottom,shape=straight": [
			{ "model": "brick_stairs", "y": 270, "uvlock": true },
			{ "model": "brick/stairs/1", "y": 270, "uvlock": true },
			{ "model": "brick/stairs/2", "y": 270, "uvlock": true },
			{ "model": "brick/stairs/3", "y": 270, "uvlock": true },
			{ "model": "brick/stairs/4", "y": 270, "uvlock": true },
			{ "model": "brick/stairs/5", "y": 270, "uvlock": true },
			{ "model": "brick/stairs/6", "y": 270, "uvlock": true },
			{ "model": "brick/stairs/7", "y": 270, "uvlock": true }
		],
        "facing=east,half=bottom,shape=outer_right": [
			{ "model": "brick_outer_stairs" },
			{ "model": "brick/stairs/o1" },
			{ "model": "brick/stairs/o2" },
			{ "model": "brick/stairs/o3" },
			{ "model": "brick/stairs/o4" },
			{ "model": "brick/stairs/o5" },
			{ "model": "brick/stairs/o6" },
			{ "model": "brick/stairs/o7" }
		],
        "facing=west,half=bottom,shape=outer_right": [
			{ "model": "brick_outer_stairs", "y": 180, "uvlock": true },
			{ "model": "brick/stairs/o1", "y": 180, "uvlock": true },
			{ "model": "brick/stairs/o2", "y": 180, "uvlock": true },
			{ "model": "brick/stairs/o3", "y": 180, "uvlock": true },
			{ "model": "brick/stairs/o4", "y": 180, "uvlock": true },
			{ "model": "brick/stairs/o5", "y": 180, "uvlock": true },
			{ "model": "brick/stairs/o6", "y": 180, "uvlock": true },
			{ "model": "brick/stairs/o7", "y": 180, "uvlock": true }
		],
        "facing=south,half=bottom,shape=outer_right": [
			{ "model": "brick_outer_stairs", "y": 90, "uvlock": true },
			{ "model": "brick/stairs/o1", "y": 90, "uvlock": true },
			{ "model": "brick/stairs/o2", "y": 90, "uvlock": true },
			{ "model": "brick/stairs/o3", "y": 90, "uvlock": true },
			{ "model": "brick/stairs/o4", "y": 90, "uvlock": true },
			{ "model": "brick/stairs/o5", "y": 90, "uvlock": true },
			{ "model": "brick/stairs/o6", "y": 90, "uvlock": true },
			{ "model": "brick/stairs/o7", "y": 90, "uvlock": true }
		],
        "facing=north,half=bottom,shape=outer_right": [
			{ "model": "brick_outer_stairs", "y": 270, "uvlock": true },
			{ "model": "brick/stairs/o1", "y": 270, "uvlock": true },
			{ "model": "brick/stairs/o2", "y": 270, "uvlock": true },
			{ "model": "brick/stairs/o3", "y": 270, "uvlock": true },
			{ "model": "brick/stairs/o4", "y": 270, "uvlock": true },
			{ "model": "brick/stairs/o5", "y": 270, "uvlock": true },
			{ "model": "brick/stairs/o6", "y": 270, "uvlock": true },
			{ "model": "brick/stairs/o7", "y": 270, "uvlock": true }
		],
        "facing=east,half=bottom,shape=outer_left": [
			{ "model": "brick_outer_stairs", "y": 270, "uvlock": true },
			{ "model": "brick/stairs/o1", "y": 270, "uvlock": true },
			{ "model": "brick/stairs/o2", "y": 270, "uvlock": true },
			{ "model": "brick/stairs/o3", "y": 270, "uvlock": true },
			{ "model": "brick/stairs/o4", "y": 270, "uvlock": true },
			{ "model": "brick/stairs/o5", "y": 270, "uvlock": true },
			{ "model": "brick/stairs/o6", "y": 270, "uvlock": true },
			{ "model": "brick/stairs/o7", "y": 270, "uvlock": true }
		],
        "facing=west,half=bottom,shape=outer_left": [
			{ "model": "brick_outer_stairs", "y": 90, "uvlock": true },
			{ "model": "brick/stairs/o1", "y": 90, "uvlock": true },
			{ "model": "brick/stairs/o2", "y": 90, "uvlock": true },
			{ "model": "brick/stairs/o3", "y": 90, "uvlock": true },
			{ "model": "brick/stairs/o4", "y": 90, "uvlock": true },
			{ "model": "brick/stairs/o5", "y": 90, "uvlock": true },
			{ "model": "brick/stairs/o6", "y": 90, "uvlock": true },
			{ "model": "brick/stairs/o7", "y": 90, "uvlock": true }
		],
        "facing=south,half=bottom,shape=outer_left": [
			{ "model": "brick_outer_stairs" },
			{ "model": "brick/stairs/o1" },
			{ "model": "brick/stairs/o2" },
			{ "model": "brick/stairs/o3" },
			{ "model": "brick/stairs/o4" },
			{ "model": "brick/stairs/o5" },
			{ "model": "brick/stairs/o6" },
			{ "model": "brick/stairs/o7" }
		],
        "facing=north,half=bottom,shape=outer_left": [
			{ "model": "brick_outer_stairs", "y": 180, "uvlock": true },
			{ "model": "brick/stairs/o1", "y": 180, "uvlock": true },
			{ "model": "brick/stairs/o2", "y": 180, "uvlock": true },
			{ "model": "brick/stairs/o3", "y": 180, "uvlock": true },
			{ "model": "brick/stairs/o4", "y": 180, "uvlock": true },
			{ "model": "brick/stairs/o5", "y": 180, "uvlock": true },
			{ "model": "brick/stairs/o6", "y": 180, "uvlock": true },
			{ "model": "brick/stairs/o7", "y": 180, "uvlock": true }
		],
        "facing=east,half=bottom,shape=inner_right": [
			{ "model": "brick_inner_stairs" },
			{ "model": "brick/stairs/i1" },
			{ "model": "brick/stairs/i2" },
			{ "model": "brick/stairs/i3" },
			{ "model": "brick/stairs/i4" },
			{ "model": "brick/stairs/i5" },
			{ "model": "brick/stairs/i6" },
			{ "model": "brick/stairs/i7" }
		],
        "facing=west,half=bottom,shape=inner_right": [
			{ "model": "brick_inner_stairs", "y": 180, "uvlock": true },
			{ "model": "brick/stairs/i1", "y": 180, "uvlock": true },
			{ "model": "brick/stairs/i2", "y": 180, "uvlock": true },
			{ "model": "brick/stairs/i3", "y": 180, "uvlock": true },
			{ "model": "brick/stairs/i4", "y": 180, "uvlock": true },
			{ "model": "brick/stairs/i5", "y": 180, "uvlock": true },
			{ "model": "brick/stairs/i6", "y": 180, "uvlock": true },
			{ "model": "brick/stairs/i7", "y": 180, "uvlock": true }
		],
        "facing=south,half=bottom,shape=inner_right": [
			{ "model": "brick_inner_stairs", "y": 90, "uvlock": true },
			{ "model": "brick/stairs/i1", "y": 90, "uvlock": true },
			{ "model": "brick/stairs/i2", "y": 90, "uvlock": true },
			{ "model": "brick/stairs/i3", "y": 90, "uvlock": true },
			{ "model": "brick/stairs/i4", "y": 90, "uvlock": true },
			{ "model": "brick/stairs/i5", "y": 90, "uvlock": true },
			{ "model": "brick/stairs/i6", "y": 90, "uvlock": true },
			{ "model": "brick/stairs/i7", "y": 90, "uvlock": true }
		],
        "facing=north,half=bottom,shape=inner_right": [
			{ "model": "brick_inner_stairs", "y": 270, "uvlock": true },
			{ "model": "brick/stairs/i1", "y": 270, "uvlock": true },
			{ "model": "brick/stairs/i2", "y": 270, "uvlock": true },
			{ "model": "brick/stairs/i3", "y": 270, "uvlock": true },
			{ "model": "brick/stairs/i4", "y": 270, "uvlock": true },
			{ "model": "brick/stairs/i5", "y": 270, "uvlock": true },
			{ "model": "brick/stairs/i6", "y": 270, "uvlock": true },
			{ "model": "brick/stairs/i7", "y": 270, "uvlock": true }
		],
        "facing=east,half=bottom,shape=inner_left": [
			{ "model": "brick_inner_stairs", "y": 270, "uvlock": true },
			{ "model": "brick/stairs/i1", "y": 270, "uvlock": true },
			{ "model": "brick/stairs/i2", "y": 270, "uvlock": true },
			{ "model": "brick/stairs/i3", "y": 270, "uvlock": true },
			{ "model": "brick/stairs/i4", "y": 270, "uvlock": true },
			{ "model": "brick/stairs/i5", "y": 270, "uvlock": true },
			{ "model": "brick/stairs/i6", "y": 270, "uvlock": true },
			{ "model": "brick/stairs/i7", "y": 270, "uvlock": true }
		],
        "facing=west,half=bottom,shape=inner_left": [
			{ "model": "brick_inner_stairs", "y": 90, "uvlock": true },
			{ "model": "brick/stairs/i1", "y": 90, "uvlock": true },
			{ "model": "brick/stairs/i2", "y": 90, "uvlock": true },
			{ "model": "brick/stairs/i3", "y": 90, "uvlock": true },
			{ "model": "brick/stairs/i4", "y": 90, "uvlock": true },
			{ "model": "brick/stairs/i5", "y": 90, "uvlock": true },
			{ "model": "brick/stairs/i6", "y": 90, "uvlock": true },
			{ "model": "brick/stairs/i7", "y": 90, "uvlock": true }
		],
        "facing=south,half=bottom,shape=inner_left": [
			{ "model": "brick_inner_stairs" },
			{ "model": "brick/stairs/i1" },
			{ "model": "brick/stairs/i2" },
			{ "model": "brick/stairs/i3" },
			{ "model": "brick/stairs/i4" },
			{ "model": "brick/stairs/i5" },
			{ "model": "brick/stairs/i6" },
			{ "model": "brick/stairs/i7" }
		],
        "facing=north,half=bottom,shape=inner_left": [
			{ "model": "brick_inner_stairs", "y": 180, "uvlock": true },
			{ "model": "brick/stairs/i1", "y": 180, "uvlock": true },
			{ "model": "brick/stairs/i2", "y": 180, "uvlock": true },
			{ "model": "brick/stairs/i3", "y": 180, "uvlock": true },
			{ "model": "brick/stairs/i4", "y": 180, "uvlock": true },
			{ "model": "brick/stairs/i5", "y": 180, "uvlock": true },
			{ "model": "brick/stairs/i6", "y": 180, "uvlock": true },
			{ "model": "brick/stairs/i7", "y": 180, "uvlock": true }
		],
        "facing=east,half=top,shape=straight": [
			{ "model": "brick_stairs", "x": 180, "uvlock": true },
			{ "model": "brick/stairs/1", "x": 180, "uvlock": true },
			{ "model": "brick/stairs/2", "x": 180, "uvlock": true },
			{ "model": "brick/stairs/3", "x": 180, "uvlock": true },
			{ "model": "brick/stairs/4", "x": 180, "uvlock": true },
			{ "model": "brick/stairs/5", "x": 180, "uvlock": true },
			{ "model": "brick/stairs/6", "x": 180, "uvlock": true },
			{ "model": "brick/stairs/7", "x": 180, "uvlock": true }
		],
        "facing=west,half=top,shape=straight": [
			{ "model": "brick_stairs", "x": 180, "y": 180, "uvlock": true },
			{ "model": "brick/stairs/1", "x": 180, "y": 180, "uvlock": true },
			{ "model": "brick/stairs/2", "x": 180, "y": 180, "uvlock": true },
			{ "model": "brick/stairs/3", "x": 180, "y": 180, "uvlock": true },
			{ "model": "brick/stairs/4", "x": 180, "y": 180, "uvlock": true },
			{ "model": "brick/stairs/5", "x": 180, "y": 180, "uvlock": true },
			{ "model": "brick/stairs/6", "x": 180, "y": 180, "uvlock": true },
			{ "model": "brick/stairs/7", "x": 180, "y": 180, "uvlock": true }
		],
        "facing=south,half=top,shape=straight": [
			{ "model": "brick_stairs", "x": 180, "y": 90, "uvlock": true },
			{ "model": "brick/stairs/1", "x": 180, "y": 90, "uvlock": true },
			{ "model": "brick/stairs/2", "x": 180, "y": 90, "uvlock": true },
			{ "model": "brick/stairs/3", "x": 180, "y": 90, "uvlock": true },
			{ "model": "brick/stairs/4", "x": 180, "y": 90, "uvlock": true },
			{ "model": "brick/stairs/5", "x": 180, "y": 90, "uvlock": true },
			{ "model": "brick/stairs/6", "x": 180, "y": 90, "uvlock": true },
			{ "model": "brick/stairs/7", "x": 180, "y": 90, "uvlock": true }
		],
        "facing=north,half=top,shape=straight": [
			{ "model": "brick_stairs", "x": 180, "y": 270, "uvlock": true },
			{ "model": "brick/stairs/1", "x": 180, "y": 270, "uvlock": true },
			{ "model": "brick/stairs/2", "x": 180, "y": 270, "uvlock": true },
			{ "model": "brick/stairs/3", "x": 180, "y": 270, "uvlock": true },
			{ "model": "brick/stairs/4", "x": 180, "y": 270, "uvlock": true },
			{ "model": "brick/stairs/5", "x": 180, "y": 270, "uvlock": true },
			{ "model": "brick/stairs/6", "x": 180, "y": 270, "uvlock": true },
			{ "model": "brick/stairs/7", "x": 180, "y": 270, "uvlock": true }
		],
        "facing=east,half=top,shape=outer_right": [
			{ "model": "brick_outer_stairs", "x": 180, "y": 90, "uvlock": true },
			{ "model": "brick/stairs/o1", "x": 180, "y": 90, "uvlock": true },
			{ "model": "brick/stairs/o2", "x": 180, "y": 90, "uvlock": true },
			{ "model": "brick/stairs/o3", "x": 180, "y": 90, "uvlock": true },
			{ "model": "brick/stairs/o4", "x": 180, "y": 90, "uvlock": true },
			{ "model": "brick/stairs/o5", "x": 180, "y": 90, "uvlock": true },
			{ "model": "brick/stairs/o6", "x": 180, "y": 90, "uvlock": true },
			{ "model": "brick/stairs/o7", "x": 180, "y": 90, "uvlock": true }
		],
        "facing=west,half=top,shape=outer_right": [
			{ "model": "brick_outer_stairs", "x": 180, "y": 270, "uvlock": true },
			{ "model": "brick/stairs/o1", "x": 180, "y": 270, "uvlock": true },
			{ "model": "brick/stairs/o2", "x": 180, "y": 270, "uvlock": true },
			{ "model": "brick/stairs/o3", "x": 180, "y": 270, "uvlock": true },
			{ "model": "brick/stairs/o4", "x": 180, "y": 270, "uvlock": true },
			{ "model": "brick/stairs/o5", "x": 180, "y": 270, "uvlock": true },
			{ "model": "brick/stairs/o6", "x": 180, "y": 270, "uvlock": true },
			{ "model": "brick/stairs/o7", "x": 180, "y": 270, "uvlock": true }
		],
        "facing=south,half=top,shape=outer_right": [
			{ "model": "brick_outer_stairs", "x": 180, "y": 180, "uvlock": true },
			{ "model": "brick/stairs/o1", "x": 180, "y": 180, "uvlock": true },
			{ "model": "brick/stairs/o2", "x": 180, "y": 180, "uvlock": true },
			{ "model": "brick/stairs/o3", "x": 180, "y": 180, "uvlock": true },
			{ "model": "brick/stairs/o4", "x": 180, "y": 180, "uvlock": true },
			{ "model": "brick/stairs/o5", "x": 180, "y": 180, "uvlock": true },
			{ "model": "brick/stairs/o6", "x": 180, "y": 180, "uvlock": true },
			{ "model": "brick/stairs/o7", "x": 180, "y": 180, "uvlock": true }
		],
        "facing=north,half=top,shape=outer_right": [
			{ "model": "brick_outer_stairs", "x": 180, "uvlock": true },
			{ "model": "brick/stairs/o1", "x": 180, "uvlock": true },
			{ "model": "brick/stairs/o2", "x": 180, "uvlock": true },
			{ "model": "brick/stairs/o3", "x": 180, "uvlock": true },
			{ "model": "brick/stairs/o4", "x": 180, "uvlock": true },
			{ "model": "brick/stairs/o5", "x": 180, "uvlock": true },
			{ "model": "brick/stairs/o6", "x": 180, "uvlock": true },
			{ "model": "brick/stairs/o7", "x": 180, "uvlock": true }
		],
        "facing=east,half=top,shape=outer_left": [
			{ "model": "brick_outer_stairs", "x": 180, "uvlock": true },
			{ "model": "brick/stairs/o1", "x": 180, "uvlock": true },
			{ "model": "brick/stairs/o2", "x": 180, "uvlock": true },
			{ "model": "brick/stairs/o3", "x": 180, "uvlock": true },
			{ "model": "brick/stairs/o4", "x": 180, "uvlock": true },
			{ "model": "brick/stairs/o5", "x": 180, "uvlock": true },
			{ "model": "brick/stairs/o6", "x": 180, "uvlock": true },
			{ "model": "brick/stairs/o7", "x": 180, "uvlock": true }
		],
        "facing=west,half=top,shape=outer_left": [
			{ "model": "brick_outer_stairs", "x": 180, "y": 180, "uvlock": true },
			{ "model": "brick/stairs/o1", "x": 180, "y": 180, "uvlock": true },
			{ "model": "brick/stairs/o2", "x": 180, "y": 180, "uvlock": true },
			{ "model": "brick/stairs/o3", "x": 180, "y": 180, "uvlock": true },
			{ "model": "brick/stairs/o4", "x": 180, "y": 180, "uvlock": true },
			{ "model": "brick/stairs/o5", "x": 180, "y": 180, "uvlock": true },
			{ "model": "brick/stairs/o6", "x": 180, "y": 180, "uvlock": true },
			{ "model": "brick/stairs/o7", "x": 180, "y": 180, "uvlock": true }
		],
        "facing=south,half=top,shape=outer_left": [
			{ "model": "brick_outer_stairs", "x": 180, "y": 90, "uvlock": true },
			{ "model": "brick/stairs/o1", "x": 180, "y": 90, "uvlock": true },
			{ "model": "brick/stairs/o2", "x": 180, "y": 90, "uvlock": true },
			{ "model": "brick/stairs/o3", "x": 180, "y": 90, "uvlock": true },
			{ "model": "brick/stairs/o4", "x": 180, "y": 90, "uvlock": true },
			{ "model": "brick/stairs/o5", "x": 180, "y": 90, "uvlock": true },
			{ "model": "brick/stairs/o6", "x": 180, "y": 90, "uvlock": true },
			{ "model": "brick/stairs/o7", "x": 180, "y": 90, "uvlock": true }
		],
        "facing=north,half=top,shape=outer_left": [
			{ "model": "brick_outer_stairs", "x": 180, "y": 270, "uvlock": true },
			{ "model": "brick/stairs/o1", "x": 180, "y": 270, "uvlock": true },
			{ "model": "brick/stairs/o2", "x": 180, "y": 270, "uvlock": true },
			{ "model": "brick/stairs/o3", "x": 180, "y": 270, "uvlock": true },
			{ "model": "brick/stairs/o4", "x": 180, "y": 270, "uvlock": true },
			{ "model": "brick/stairs/o5", "x": 180, "y": 270, "uvlock": true },
			{ "model": "brick/stairs/o6", "x": 180, "y": 270, "uvlock": true },
			{ "model": "brick/stairs/o7", "x": 180, "y": 270, "uvlock": true }
		],
        "facing=east,half=top,shape=inner_right": [
			{ "model": "brick_inner_stairs", "x": 180, "y": 90, "uvlock": true },
			{ "model": "brick/stairs/i1", "x": 180, "y": 90, "uvlock": true },
			{ "model": "brick/stairs/i2", "x": 180, "y": 90, "uvlock": true },
			{ "model": "brick/stairs/i3", "x": 180, "y": 90, "uvlock": true },
			{ "model": "brick/stairs/i4", "x": 180, "y": 90, "uvlock": true },
			{ "model": "brick/stairs/i5", "x": 180, "y": 90, "uvlock": true },
			{ "model": "brick/stairs/i6", "x": 180, "y": 90, "uvlock": true },
			{ "model": "brick/stairs/i7", "x": 180, "y": 90, "uvlock": true }
		],
        "facing=west,half=top,shape=inner_right": [
			{ "model": "brick_inner_stairs", "x": 180, "y": 270, "uvlock": true },
			{ "model": "brick/stairs/i1", "x": 180, "y": 270, "uvlock": true },
			{ "model": "brick/stairs/i2", "x": 180, "y": 270, "uvlock": true },
			{ "model": "brick/stairs/i3", "x": 180, "y": 270, "uvlock": true },
			{ "model": "brick/stairs/i4", "x": 180, "y": 270, "uvlock": true },
			{ "model": "brick/stairs/i5", "x": 180, "y": 270, "uvlock": true },
			{ "model": "brick/stairs/i6", "x": 180, "y": 270, "uvlock": true },
			{ "model": "brick/stairs/i7", "x": 180, "y": 270, "uvlock": true }
		],
        "facing=south,half=top,shape=inner_right": [
			{ "model": "brick_inner_stairs", "x": 180, "y": 180, "uvlock": true },
			{ "model": "brick/stairs/i1", "x": 180, "y": 180, "uvlock": true },
			{ "model": "brick/stairs/i2", "x": 180, "y": 180, "uvlock": true },
			{ "model": "brick/stairs/i3", "x": 180, "y": 180, "uvlock": true },
			{ "model": "brick/stairs/i4", "x": 180, "y": 180, "uvlock": true },
			{ "model": "brick/stairs/i5", "x": 180, "y": 180, "uvlock": true },
			{ "model": "brick/stairs/i6", "x": 180, "y": 180, "uvlock": true },
			{ "model": "brick/stairs/i7", "x": 180, "y": 180, "uvlock": true }
		],
        "facing=north,half=top,shape=inner_right": [
			{ "model": "brick_inner_stairs", "x": 180, "uvlock": true },
			{ "model": "brick/stairs/i1", "x": 180, "uvlock": true },
			{ "model": "brick/stairs/i2", "x": 180, "uvlock": true },
			{ "model": "brick/stairs/i3", "x": 180, "uvlock": true },
			{ "model": "brick/stairs/i4", "x": 180, "uvlock": true },
			{ "model": "brick/stairs/i5", "x": 180, "uvlock": true },
			{ "model": "brick/stairs/i6", "x": 180, "uvlock": true },
			{ "model": "brick/stairs/i7", "x": 180, "uvlock": true }
		],
        "facing=east,half=top,shape=inner_left": [
			{ "model": "brick_inner_stairs", "x": 180, "uvlock": true },
			{ "model": "brick/stairs/i1", "x": 180, "uvlock": true },
			{ "model": "brick/stairs/i2", "x": 180, "uvlock": true },
			{ "model": "brick/stairs/i3", "x": 180, "uvlock": true },
			{ "model": "brick/stairs/i4", "x": 180, "uvlock": true },
			{ "model": "brick/stairs/i5", "x": 180, "uvlock": true },
			{ "model": "brick/stairs/i6", "x": 180, "uvlock": true },
			{ "model": "brick/stairs/i7", "x": 180, "uvlock": true }
		],
        "facing=west,half=top,shape=inner_left": [
			{ "model": "brick_inner_stairs", "x": 180, "y": 180, "uvlock": true },
			{ "model": "brick/stairs/i1", "x": 180, "y": 180, "uvlock": true },
			{ "model": "brick/stairs/i2", "x": 180, "y": 180, "uvlock": true },
			{ "model": "brick/stairs/i3", "x": 180, "y": 180, "uvlock": true },
			{ "model": "brick/stairs/i4", "x": 180, "y": 180, "uvlock": true },
			{ "model": "brick/stairs/i5", "x": 180, "y": 180, "uvlock": true },
			{ "model": "brick/stairs/i6", "x": 180, "y": 180, "uvlock": true },
			{ "model": "brick/stairs/i7", "x": 180, "y": 180, "uvlock": true }
		],
        "facing=south,half=top,shape=inner_left": [
			{ "model": "brick_inner_stairs", "x": 180, "y": 90, "uvlock": true },
			{ "model": "brick/stairs/i1", "x": 180, "y": 90, "uvlock": true },
			{ "model": "brick/stairs/i2", "x": 180, "y": 90, "uvlock": true },
			{ "model": "brick/stairs/i3", "x": 180, "y": 90, "uvlock": true },
			{ "model": "brick/stairs/i4", "x": 180, "y": 90, "uvlock": true },
			{ "model": "brick/stairs/i5", "x": 180, "y": 90, "uvlock": true },
			{ "model": "brick/stairs/i6", "x": 180, "y": 90, "uvlock": true },
			{ "model": "brick/stairs/i7", "x": 180, "y": 90, "uvlock": true }
		],
        "facing=north,half=top,shape=inner_left": [
			{ "model": "brick_inner_stairs", "x": 180, "y": 270, "uvlock": true },
			{ "model": "brick/stairs/i1", "x": 180, "y": 270, "uvlock": true },
			{ "model": "brick/stairs/i2", "x": 180, "y": 270, "uvlock": true },
			{ "model": "brick/stairs/i3", "x": 180, "y": 270, "uvlock": true },
			{ "model": "brick/stairs/i4", "x": 180, "y": 270, "uvlock": true },
			{ "model": "brick/stairs/i5", "x": 180, "y": 270, "uvlock": true },
			{ "model": "brick/stairs/i6", "x": 180, "y": 270, "uvlock": true },
			{ "model": "brick/stairs/i7", "x": 180, "y": 270, "uvlock": true }
		]
    }
}
