{
    "variants": {
        "normal": [
			{ "model": "brick" },
			{ "model": "brick/1" },
			{ "model": "brick/2" },
			{ "model": "brick/3" },
			{ "model": "brick/4" },
			{ "model": "brick/5" },
			{ "model": "brick/6" },
			{ "model": "brick/7" }
		],
		"all": [
			{ "model": "brick" },
			{ "model": "brick/1" },
			{ "model": "brick/2" },
			{ "model": "brick/3" },
			{ "model": "brick/4" },
			{ "model": "brick/5" },
			{ "model": "brick/6" },
			{ "model": "brick/7" }
		]
    }
}
