{
    "variants": {
        "facing=east,half=bottom,shape=straight": [
			{ "model": "dark_oak_stairs" },
			{ "model": "planks/dark_oak/stairs/1" },
			{ "model": "planks/dark_oak/stairs/2" }
		],
        "facing=west,half=bottom,shape=straight": [
			{ "model": "dark_oak_stairs", "y": 180, "uvlock": true },
			{ "model": "planks/dark_oak/stairs/1", "y": 180, "uvlock": true  },
			{ "model": "planks/dark_oak/stairs/2", "y": 180, "uvlock": true  }		
		],
        "facing=south,half=bottom,shape=straight": [
			{ "model": "dark_oak_stairs", "y": 90, "uvlock": true },
			{ "model": "planks/dark_oak/stairs/1", "y": 90, "uvlock": true },
			{ "model": "planks/dark_oak/stairs/2", "y": 90, "uvlock": true }
		],
        "facing=north,half=bottom,shape=straight": [
			{ "model": "dark_oak_stairs", "y": 270, "uvlock": true },
			{ "model": "planks/dark_oak/stairs/1", "y": 270, "uvlock": true },
			{ "model": "planks/dark_oak/stairs/2", "y": 270, "uvlock": true }
		],
        "facing=east,half=bottom,shape=outer_right": [
			{ "model": "dark_oak_outer_stairs" },
			{ "model": "planks/dark_oak/stairs/o1" },
			{ "model": "planks/dark_oak/stairs/o2" }			
		],
        "facing=west,half=bottom,shape=outer_right": [
			{ "model": "dark_oak_outer_stairs", "y": 180, "uvlock": true },
			{ "model": "planks/dark_oak/stairs/o1", "y": 180, "uvlock": true },
			{ "model": "planks/dark_oak/stairs/o2", "y": 180, "uvlock": true }
		],
        "facing=south,half=bottom,shape=outer_right": [
			{ "model": "dark_oak_outer_stairs", "y": 90, "uvlock": true },
			{ "model": "planks/dark_oak/stairs/o1", "y": 90, "uvlock": true },
			{ "model": "planks/dark_oak/stairs/o2", "y": 90, "uvlock": true }
		],
        "facing=north,half=bottom,shape=outer_right": [
			{ "model": "dark_oak_outer_stairs", "y": 270, "uvlock": true },
			{ "model": "planks/dark_oak/stairs/o1", "y": 270, "uvlock": true },
			{ "model": "planks/dark_oak/stairs/o2", "y": 270, "uvlock": true }
		],
        "facing=east,half=bottom,shape=outer_left": [
			{ "model": "dark_oak_outer_stairs", "y": 270, "uvlock": true },
			{ "model": "planks/dark_oak/stairs/o1", "y": 270, "uvlock": true },
			{ "model": "planks/dark_oak/stairs/o2", "y": 270, "uvlock": true }
		],
        "facing=west,half=bottom,shape=outer_left": [
			{ "model": "dark_oak_outer_stairs", "y": 90, "uvlock": true },
			{ "model": "planks/dark_oak/stairs/o1", "y": 90, "uvlock": true },
			{ "model": "planks/dark_oak/stairs/o2", "y": 90, "uvlock": true }
		],
        "facing=south,half=bottom,shape=outer_left": [
			{ "model": "dark_oak_outer_stairs" },
			{ "model": "planks/dark_oak/stairs/o1" },
			{ "model": "planks/dark_oak/stairs/o2" }	
		],
        "facing=north,half=bottom,shape=outer_left": [
			{ "model": "dark_oak_outer_stairs", "y": 180, "uvlock": true },
			{ "model": "planks/dark_oak/stairs/o1", "y": 180, "uvlock": true },
			{ "model": "planks/dark_oak/stairs/o2", "y": 180, "uvlock": true }
		],
        "facing=east,half=bottom,shape=inner_right": [
			{ "model": "dark_oak_inner_stairs" },
			{ "model": "planks/dark_oak/stairs/i1" },
			{ "model": "planks/dark_oak/stairs/i2" }
		],
        "facing=west,half=bottom,shape=inner_right": [
			{ "model": "dark_oak_inner_stairs", "y": 180, "uvlock": true },
			{ "model": "planks/dark_oak/stairs/i1", "y": 180, "uvlock": true },
			{ "model": "planks/dark_oak/stairs/i2", "y": 180, "uvlock": true }
		],
        "facing=south,half=bottom,shape=inner_right": [
			{ "model": "dark_oak_inner_stairs", "y": 90, "uvlock": true },
			{ "model": "planks/dark_oak/stairs/i1", "y": 90, "uvlock": true },
			{ "model": "planks/dark_oak/stairs/i2", "y": 90, "uvlock": true }
		],
        "facing=north,half=bottom,shape=inner_right": [
			{ "model": "dark_oak_inner_stairs", "y": 270, "uvlock": true },
			{ "model": "planks/dark_oak/stairs/i1", "y": 270, "uvlock": true },
			{ "model": "planks/dark_oak/stairs/i2", "y": 270, "uvlock": true }
		],
        "facing=east,half=bottom,shape=inner_left": [
			{ "model": "dark_oak_inner_stairs", "y": 270, "uvlock": true },
			{ "model": "planks/dark_oak/stairs/i1", "y": 270, "uvlock": true },
			{ "model": "planks/dark_oak/stairs/i2", "y": 270, "uvlock": true }
		],
        "facing=west,half=bottom,shape=inner_left": [
			{ "model": "dark_oak_inner_stairs", "y": 90, "uvlock": true },
			{ "model": "planks/dark_oak/stairs/i1", "y": 90, "uvlock": true },
			{ "model": "planks/dark_oak/stairs/i2", "y": 90, "uvlock": true }
		],
        "facing=south,half=bottom,shape=inner_left": [
			{ "model": "dark_oak_inner_stairs" },
			{ "model": "planks/dark_oak/stairs/i1" },
			{ "model": "planks/dark_oak/stairs/i2" }
		],
        "facing=north,half=bottom,shape=inner_left": [
			{ "model": "dark_oak_inner_stairs", "y": 180, "uvlock": true },
			{ "model": "planks/dark_oak/stairs/i1", "y": 180, "uvlock": true },
			{ "model": "planks/dark_oak/stairs/i2", "y": 180, "uvlock": true }
		],
        "facing=east,half=top,shape=straight": [
			{ "model": "dark_oak_stairs", "x": 180, "uvlock": true },
			{ "model": "planks/dark_oak/stairs/1", "x": 180, "uvlock": true },
			{ "model": "planks/dark_oak/stairs/2", "x": 180, "uvlock": true }
		],
        "facing=west,half=top,shape=straight": [
			{ "model": "dark_oak_stairs", "x": 180, "y": 180, "uvlock": true },
			{ "model": "planks/dark_oak/stairs/1", "x": 180, "y": 180, "uvlock": true },
			{ "model": "planks/dark_oak/stairs/2", "x": 180, "y": 180, "uvlock": true }
		],
        "facing=south,half=top,shape=straight": [
			{ "model": "dark_oak_stairs", "x": 180, "y": 90, "uvlock": true },
			{ "model": "planks/dark_oak/stairs/1", "x": 180, "y": 90, "uvlock": true },
			{ "model": "planks/dark_oak/stairs/2", "x": 180, "y": 90, "uvlock": true }
		],
        "facing=north,half=top,shape=straight": [
			{ "model": "dark_oak_stairs", "x": 180, "y": 270, "uvlock": true },
			{ "model": "planks/dark_oak/stairs/1", "x": 180, "y": 270, "uvlock": true },
			{ "model": "planks/dark_oak/stairs/2", "x": 180, "y": 270, "uvlock": true }
		],
        "facing=east,half=top,shape=outer_right": [
			{ "model": "dark_oak_outer_stairs", "x": 180, "y": 90, "uvlock": true },
			{ "model": "planks/dark_oak/stairs/o1", "x": 180, "y": 90, "uvlock": true },
			{ "model": "planks/dark_oak/stairs/o2", "x": 180, "y": 90, "uvlock": true }
		],
        "facing=west,half=top,shape=outer_right": [
			{ "model": "dark_oak_outer_stairs", "x": 180, "y": 270, "uvlock": true },
			{ "model": "planks/dark_oak/stairs/o1", "x": 180, "y": 270, "uvlock": true },
			{ "model": "planks/dark_oak/stairs/o2", "x": 180, "y": 270, "uvlock": true }
		],
        "facing=south,half=top,shape=outer_right": [
			{ "model": "dark_oak_outer_stairs", "x": 180, "y": 180, "uvlock": true },
			{ "model": "planks/dark_oak/stairs/o1", "x": 180, "y": 180, "uvlock": true },
			{ "model": "planks/dark_oak/stairs/o2", "x": 180, "y": 180, "uvlock": true }
		],
        "facing=north,half=top,shape=outer_right": [
			{ "model": "dark_oak_outer_stairs", "x": 180, "uvlock": true },
			{ "model": "planks/dark_oak/stairs/o1", "x": 180, "uvlock": true },
			{ "model": "planks/dark_oak/stairs/o2", "x": 180, "uvlock": true }
		],
        "facing=east,half=top,shape=outer_left": [
			{ "model": "dark_oak_outer_stairs", "x": 180, "uvlock": true },
			{ "model": "planks/dark_oak/stairs/o1", "x": 180, "uvlock": true },
			{ "model": "planks/dark_oak/stairs/o2", "x": 180, "uvlock": true }
		],
        "facing=west,half=top,shape=outer_left": [
			{ "model": "dark_oak_outer_stairs", "x": 180, "y": 180, "uvlock": true },
			{ "model": "planks/dark_oak/stairs/o1", "x": 180, "y": 180, "uvlock": true },
			{ "model": "planks/dark_oak/stairs/o2", "x": 180, "y": 180, "uvlock": true }
		],
        "facing=south,half=top,shape=outer_left": [
			{ "model": "dark_oak_outer_stairs", "x": 180, "y": 90, "uvlock": true },
			{ "model": "planks/dark_oak/stairs/o1", "x": 180, "y": 90, "uvlock": true },
			{ "model": "planks/dark_oak/stairs/o2", "x": 180, "y": 90, "uvlock": true }
		],
        "facing=north,half=top,shape=outer_left": [
			{ "model": "dark_oak_outer_stairs", "x": 180, "y": 270, "uvlock": true },
			{ "model": "planks/dark_oak/stairs/o1", "x": 180, "y": 270, "uvlock": true },
			{ "model": "planks/dark_oak/stairs/o2", "x": 180, "y": 270, "uvlock": true }
		],
        "facing=east,half=top,shape=inner_right": [
			{ "model": "dark_oak_inner_stairs", "x": 180, "y": 90, "uvlock": true },
			{ "model": "planks/dark_oak/stairs/i1", "x": 180, "y": 90, "uvlock": true },
			{ "model": "planks/dark_oak/stairs/i2", "x": 180, "y": 90, "uvlock": true }
		],
        "facing=west,half=top,shape=inner_right": [
			{ "model": "dark_oak_inner_stairs", "x": 180, "y": 270, "uvlock": true },
			{ "model": "planks/dark_oak/stairs/i1", "x": 180, "y": 270, "uvlock": true },
			{ "model": "planks/dark_oak/stairs/i2", "x": 180, "y": 270, "uvlock": true }
		],
        "facing=south,half=top,shape=inner_right": [
			{ "model": "dark_oak_inner_stairs", "x": 180, "y": 180, "uvlock": true },
			{ "model": "planks/dark_oak/stairs/i1", "x": 180, "y": 180, "uvlock": true },
			{ "model": "planks/dark_oak/stairs/i2", "x": 180, "y": 180, "uvlock": true }
		],
        "facing=north,half=top,shape=inner_right": [
			{ "model": "dark_oak_inner_stairs", "x": 180, "uvlock": true },
			{ "model": "planks/dark_oak/stairs/i1", "x": 180, "uvlock": true },
			{ "model": "planks/dark_oak/stairs/i2", "x": 180, "uvlock": true }
		],
        "facing=east,half=top,shape=inner_left": [
			{ "model": "dark_oak_inner_stairs", "x": 180, "uvlock": true },
			{ "model": "planks/dark_oak/stairs/i1", "x": 180, "uvlock": true },
			{ "model": "planks/dark_oak/stairs/i2", "x": 180, "uvlock": true }
		],
        "facing=west,half=top,shape=inner_left": [
			{ "model": "dark_oak_inner_stairs", "x": 180, "y": 180, "uvlock": true },
			{ "model": "planks/dark_oak/stairs/i1", "x": 180, "y": 180, "uvlock": true },
			{ "model": "planks/dark_oak/stairs/i2", "x": 180, "y": 180, "uvlock": true }
		],
        "facing=south,half=top,shape=inner_left": [
			{ "model": "dark_oak_inner_stairs", "x": 180, "y": 90, "uvlock": true },
			{ "model": "planks/dark_oak/stairs/i1", "x": 180, "y": 90, "uvlock": true },
			{ "model": "planks/dark_oak/stairs/i2", "x": 180, "y": 90, "uvlock": true }
		],
        "facing=north,half=top,shape=inner_left": [
			{ "model": "dark_oak_inner_stairs", "x": 180, "y": 270, "uvlock": true },
			{ "model": "planks/dark_oak/stairs/i1", "x": 180, "y": 270, "uvlock": true },
			{ "model": "planks/dark_oak/stairs/i2", "x": 180, "y": 270, "uvlock": true }
		]
    }
}
