{
    "variants": {
        "snowy=false": [
			{ "model": "grass_normal", "weight": 40 },
            { "model": "grass_normal", "y": 90, "weight": 15 },			
            { "model": "grass/1", "weight": 50 },
            { "model": "grass/2", "weight": 1 },
			{ "model": "grass/2", "y": 180, "weight": 1 },
			{ "model": "grass/3", "weight": 2 },
			{ "model": "grass/3", "y": 180, "weight": 2 },
			{ "model": "grass/4", "weight": 1 },
			{ "model": "grass/4", "y": 180, "weight": 1 }
        ],
        "snowy=true":  { "model": "grass_snowed" }
    }
}
