{
    "variants": {
        "half=bottom": [
			{ "model": "half_slab_stone_brick", "weight": 30 },
			{ "model": "stonebrick/slab/l1", "weight": 15 },
            { "model": "stonebrick/slab/l2", "weight": 15 },
            { "model": "stonebrick/slab/l3", "weight": 10 },
			{ "model": "stonebrick/slab/l4", "weight": 10 },
            { "model": "stonebrick/slab/l5", "weight": 10 },
			{ "model": "stonebrick/slab/l6", "weight": 10 }
		],
        "half=top": [
			{ "model": "upper_slab_stone_brick", "weight": 30 },
			{ "model": "stonebrick/slab/u1", "weight": 15 },
            { "model": "stonebrick/slab/u2", "weight": 15 },
            { "model": "stonebrick/slab/u3", "weight": 10 },
			{ "model": "stonebrick/slab/u4", "weight": 10 },
            { "model": "stonebrick/slab/u5", "weight": 10 },
			{ "model": "stonebrick/slab/u6", "weight": 10 }
		]	
    }
}
