{
    "variants": {
        "facing=south": [ 
			{ "model": "block/blue_wood" },
			{ "model": "block/blue_wood1" },
			{ "model": "block/blue_wood2" },
			{ "model": "block/blue_wood3" }
			],
        "facing=west":  [ 
			{ "model": "block/red_wood" },
			{ "model": "block/red_wood1" },
			{ "model": "block/red_wood2" },
			{ "model": "block/red_wood3" }
			],
        "facing=north": [ 
			{ "model": "block/green_wood" },
			{ "model": "block/green_wood1" },
			{ "model": "block/green_wood2" },
			{ "model": "block/green_wood3" }
			],
        "facing=east": [ 
			{ "model": "block/gray_wood" },
			{ "model": "block/gray_wood1" },
			{ "model": "block/gray_wood2" },
			{ "model": "block/gray_wood3" }
			]
    }
}
