{
    "variants": {
        "facing=south": [ 
			{ "model": "block/white_wood" },
			{ "model": "block/white_wood1" },
			{ "model": "block/white_wood2" },
			{ "model": "block/white_wood3" }
			],
        "facing=west": { "model": "block/red_cobble"},
        "facing=north": [
			{ "model": "block/brown_wall", "weight": 65 },
            { "model": "block/brown_wall", "x": 90, "weight": 65  },
            { "model": "block/brown_wall", "x": 180, "weight": 65  },
            { "model": "block/brown_wall", "x": 270, "weight": 65  },
            { "model": "block/brown_wall", "y": 90, "weight": 65  },
            { "model": "block/brown_wall", "y": 90, "x": 90, "weight": 65  },
            { "model": "block/brown_wall", "y": 90, "x": 180, "weight": 65  },
            { "model": "block/brown_wall", "y": 90, "x": 270, "weight": 65  },
            { "model": "block/brown_wall", "y": 180, "weight": 65  },
            { "model": "block/brown_wall", "y": 180, "x": 90, "weight": 65  },
            { "model": "block/brown_wall", "y": 180, "x": 180, "weight": 65  },
            { "model": "block/brown_wall", "y": 180, "x": 270, "weight": 65  },
            { "model": "block/brown_wall", "y": 270, "weight": 65  },
            { "model": "block/brown_wall", "y": 270, "x": 90, "weight": 65  },
            { "model": "block/brown_wall", "y": 270, "x": 180, "weight": 65  },
            { "model": "block/brown_wall", "y": 270, "x": 270, "weight": 65  }
			],
        "facing=east": { "model": "block/logs"}
    }
}
