{
"textures": {
    "particle": "blocks/door_acacia_lower",
    "bottom": "blocks/door_acacia_lower"
},
"elements": [ 
{
    "from": [ 0, 15.5, 14 ],
    "to": [ 4, 16, 15 ],
    "faces": {
        "down":  { "uv": [ 14.5, 0.5, 15, 0 ], "texture": "#bottom" },
        "north": { "uv": [ 14, 0, 14.5, 0.5 ], "texture": "#bottom" },
        "south": { "uv": [ 14, 0, 14.5, 0.5 ], "texture": "#bottom" },
        "west":  { "uv": [ 14, 0, 15, 0.5 ], "texture": "#bottom" },
        "east":  { "uv": [ 14, 0, 15, 0.5 ], "texture": "#bottom" }
    }
},
{
    "from": [ 1.5, 3, 9 ],
    "to": [ 2.5, 15, 11 ],
    "faces": {
        "north": { "uv": [ 14, 1, 15, 13 ], "texture": "#bottom" },
        "south": { "uv": [ 1, 1, 2, 13 ], "texture": "#bottom" },
        "west":  { "uv": [ 9, 1, 11, 13 ], "texture": "#bottom" },
        "east":  { "uv": [ 5, 1, 7, 13 ], "texture": "#bottom" }
    }
},
{
    "from": [ 1.5, 3, 5 ],
    "to": [ 2.5, 15, 7 ],
    "faces": {
        "north": { "uv": [ 14, 1, 15, 13 ], "texture": "#bottom" },
        "south": { "uv": [ 1, 1, 2, 13 ], "texture": "#bottom" },
        "west":  { "uv": [ 5, 1, 7, 13 ], "texture": "#bottom" },
        "east":  { "uv": [ 9, 1, 11, 13 ], "texture": "#bottom" }
    }
},
{
    "from": [ 1, 3, 13 ],
    "to": [ 3, 15, 16 ],
    "faces": {
        "north": { "uv": [ 13, 1, 15, 13 ], "texture": "#bottom" },
        "south": { "uv": [ 1, 1, 3, 13 ], "texture": "#bottom" },
        "west":  { "uv": [ 13, 1, 16, 13 ], "texture": "#bottom" },
        "east":  { "uv": [ 0, 1, 3, 13 ], "texture": "#bottom" }
    }
},
{
    "from": [ 0.5, 0, 0 ],
    "to": [ 3.5, 3, 16 ],
    "faces": {
        "down":  { "uv": [ 0, 13, 3, 0.5 ], "texture": "#bottom" },
        "up":    { "uv": [ 0, 0.5, 3, 13 ], "texture": "#bottom" },
        "north": { "uv": [ 12.5, 13, 15.5, 16 ], "texture": "#bottom" },
        "south": { "uv": [ 0.5, 13, 3.5, 16 ], "texture": "#bottom" },
        "west":  { "uv": [ 0, 13, 16, 16 ], "texture": "#bottom" },
        "east":  { "uv": [ 0, 13, 16, 16 ], "texture": "#bottom" }
    }
},
{
    "from": [ 0.5, 15, 0 ],
    "to": [ 3.5, 16, 16 ],
    "faces": {
        "down":  { "uv": [ 0.5, 16, 2.5, 0 ], "texture": "#bottom" },
        "north": { "uv": [ 9, 0, 11, 1 ], "texture": "#bottom" },
        "south": { "uv": [ 2, 0, 4, 1 ], "texture": "#bottom" },
        "west":  { "uv": [ 0, 0, 16, 1 ], "texture": "#bottom" },
        "east":  { "uv": [ 16, 0, 0, 1 ], "texture": "#bottom" }
    }
},
{
    "from": [ 1, 3, 0 ],
    "to": [ 3, 15, 3 ],
    "faces": {
        "north": { "uv": [ 13, 1, 15, 13 ], "texture": "#bottom" },
        "south": { "uv": [ 1, 1, 3, 13 ], "texture": "#bottom" },
        "west":  { "uv": [ 0, 1, 3, 13 ], "texture": "#bottom" },
        "east":  { "uv": [ 13, 1, 16, 13 ], "texture": "#bottom" }
    }
}
]
}