{
"ambientocclusion": false,
"textures": {
    "particle": "blocks/door_birch_upper",
    "door_birch_lower": "blocks/door_birch_upper"
},
"elements": [ 
{
    "from": [ 1.5, 0, 3 ],
    "to": [ 1.5625, 13.5, 13 ],
    "faces": {
        "west":  { "uv": [ 3, 2.5, 13, 16 ], "texture": "#door_birch_lower" },
        "east":  { "uv": [ 3, 2.5, 13, 16 ], "texture": "#door_birch_lower" }
    }
},
{
    "from": [ 0.5, 0, 13 ],
    "to": [ 2.5, 13.5, 16 ],
    "faces": {
        "north": { "uv": [ 0.5, 2.5, 2.5, 16 ], "texture": "#door_birch_lower" },
        "south": { "uv": [ 0.5, 2.5, 2.5, 16 ], "texture": "#door_birch_lower" },
        "west":  { "uv": [ 3, 2.5, 0, 16 ], "texture": "#door_birch_lower" },
        "east":  { "uv": [ 0, 2.5, 3, 16 ], "texture": "#door_birch_lower" }
    }
},
{
    "from": [ 0.5, 0, 0 ],
    "to": [ 2.5, 13.5, 3 ],
    "faces": {
        "north": { "uv": [ 0.5, 2.5, 2.5, 16 ], "texture": "#door_birch_lower" },
        "south": { "uv": [ 0.5, 2.5, 2.5, 16 ], "texture": "#door_birch_lower" },
        "west":  { "uv": [ 16, 2.5, 13, 16 ], "texture": "#door_birch_lower" },
        "east":  { "uv": [ 13, 2.5, 16, 16 ], "texture": "#door_birch_lower" }
    }
},
{
    "from": [ 0.5, 13.5, 0 ],
    "to": [ 2.5, 16, 16 ],
    "faces": {
        "down":  { "uv": [ 0.5, 16, 2.5, 0 ], "texture": "#door_birch_lower" },
        "up":    { "uv": [ 0.5, 0, 2.5, 16 ], "texture": "#door_birch_lower" },
        "north": { "uv": [ 13, 0, 15, 2.5 ], "texture": "#door_birch_lower" },
        "south": { "uv": [ 0.5, 0, 2.5, 2.5 ], "texture": "#door_birch_lower" },
        "west":  { "uv": [ 16, 0, 0, 2.5 ], "texture": "#door_birch_lower" },
        "east":  { "uv": [ 0, 0, 16, 2.5 ], "texture": "#door_birch_lower" }
    }
},
{
    "from": [ 0, 0, 0.5 ],
    "to": [ 3, 1.5, 2 ],
    "faces": {
        "down":  { "uv": [ 14.5, 16, 15, 15.5 ], "texture": "#door_birch_lower" },
        "up":    { "uv": [ 14, 14.5, 15.5, 15 ], "texture": "#door_birch_lower" },
        "north": { "uv": [ 14, 14.5, 14.5, 16 ], "texture": "#door_birch_lower" },
        "south": { "uv": [ 14, 14.5, 14.5, 16 ], "texture": "#door_birch_lower" },
        "west":  { "uv": [ 14, 14.5, 15.5, 16 ], "texture": "#door_birch_lower" },
        "east":  { "uv": [ 14, 14.5, 15.5, 16 ], "texture": "#door_birch_lower" }
    }
}
]
}