{
"__comment": "Designed by Ozo with BDcraft Cubik PRO 0.95 Beta - http://bdcraft.net",
"textures": {
    "particle": "blocks/lantern",
    "texture": "blocks/lantern"
},
"elements": [ 
{
    "__comment": "Bottom",
    "from": [ 5.25, 0, 5.25 ],
    "to": [ 10.75, 0.5, 10.75 ],
    "faces": {
        "down":  { "uv": [ 2, 3, 7.5, 8.5 ], "texture": "#texture", "cullface": "down" },
        "up":    { "uv": [ 2, 3, 7.5, 8.5 ], "texture": "#texture" },
        "north": { "uv": [ 2, 3, 7.5, 3.5 ], "texture": "#texture" },
        "south": { "uv": [ 2, 3, 7.5, 3.5 ], "texture": "#texture" },
        "west":  { "uv": [ 2, 3, 7.5, 3.5 ], "texture": "#texture" },
        "east":  { "uv": [ 2, 3, 7.5, 3.5 ], "texture": "#texture" }
    }
},
{
    "__comment": "Top",
    "from": [ 4.75, 8.5, 4.75 ],
    "to": [ 11.25, 9, 11.25 ],
    "faces": {
        "down":  { "uv": [ 0.5, 9.5, 7, 16 ], "texture": "#texture" },
        "up":    { "uv": [ 0.5, 9.5, 7, 16 ], "texture": "#texture" },
        "north": { "uv": [ 0.5, 9.5, 7, 10 ], "texture": "#texture" },
        "south": { "uv": [ 0.5, 9.5, 7, 10 ], "texture": "#texture" },
        "west":  { "uv": [ 0.5, 9.5, 7, 10 ], "texture": "#texture" },
        "east":  { "uv": [ 0.5, 9.5, 7, 10 ], "texture": "#texture" }
    }
},
{
    "__comment": "Lamp",
    "from": [ 6, 0.5, 6 ],
    "to": [ 10, 8, 10 ],
    "faces": {
        "north": { "uv": [ 11.5, 8.5, 15.5, 16 ], "texture": "#texture" },
        "south": { "uv": [ 11.5, 8.5, 15.5, 16 ], "texture": "#texture" },
        "west":  { "uv": [ 11.5, 8.5, 15.5, 16 ], "texture": "#texture" },
        "east":  { "uv": [ 11.5, 8.5, 15.5, 16 ], "texture": "#texture" }
    }
},
{
    "__comment": "Stick",
    "from": [ 5.5, 0.5, 5.5 ],
    "to": [ 6, 8, 6 ],
    "faces": {
        "north": { "uv": [ 1.5, 1.5, 2, 9 ], "texture": "#texture" },
        "south": { "uv": [ 1.5, 1.5, 2, 9 ], "texture": "#texture" },
        "west":  { "uv": [ 1.5, 1.5, 2, 9 ], "texture": "#texture" },
        "east":  { "uv": [ 1.5, 1.5, 2, 9 ], "texture": "#texture" }
    }
},
{
    "__comment": "VeryTop",
    "from": [ 6, 9, 6 ],
    "to": [ 10, 9.5, 10 ],
    "faces": {
        "up":    { "uv": [ 12, 4, 16, 8 ], "texture": "#texture" },
        "north": { "uv": [ 12, 4, 16, 4.5 ], "texture": "#texture" },
        "south": { "uv": [ 12, 4, 16, 4.5 ], "texture": "#texture" },
        "west":  { "uv": [ 12, 4, 16, 4.5 ], "texture": "#texture" },
        "east":  { "uv": [ 12, 4, 16, 4.5 ], "texture": "#texture" }
    }
},
{
    "from": [ 5.75, 5.75, 5.75 ],
    "to": [ 10.25, 6.25, 10.25 ],
    "faces": {
        "down":  { "uv": [ 1.5, 10.5, 6, 15 ], "texture": "#texture" },
        "up":    { "uv": [ 1.5, 10.5, 6, 15 ], "texture": "#texture" },
        "north": { "uv": [ 3.5, 1.5, 8, 2 ], "texture": "#texture" },
        "south": { "uv": [ 4, 1.5, 8.5, 2 ], "texture": "#texture" },
        "west":  { "uv": [ 3.5, 1.5, 8, 2 ], "texture": "#texture" },
        "east":  { "uv": [ 4, 1.5, 8.5, 2 ], "texture": "#texture" }
    }
},
{
    "from": [ 5.75, 2.5, 5.75 ],
    "to": [ 10.25, 3, 10.25 ],
    "faces": {
        "down":  { "uv": [ 1.5, 10.5, 6, 15 ], "texture": "#texture" },
        "up":    { "uv": [ 1.5, 10.5, 6, 15 ], "texture": "#texture" },
        "north": { "uv": [ 3.5, 1.5, 8, 2 ], "texture": "#texture" },
        "south": { "uv": [ 4, 1.5, 8.5, 2 ], "texture": "#texture" },
        "west":  { "uv": [ 3.5, 1.5, 8, 2 ], "texture": "#texture" },
        "east":  { "uv": [ 4, 1.5, 8.5, 2 ], "texture": "#texture" }
    }
},
{
    "from": [ 10, 0.5, 10 ],
    "to": [ 10.5, 8, 10.5 ],
    "faces": {
        "north": { "uv": [ 1.5, 1.5, 2, 9 ], "texture": "#texture" },
        "south": { "uv": [ 1.5, 1.5, 2, 9 ], "texture": "#texture" },
        "west":  { "uv": [ 1.5, 1.5, 2, 9 ], "texture": "#texture" },
        "east":  { "uv": [ 1.5, 1.5, 2, 9 ], "texture": "#texture" }
    }
},
{
    "from": [ 10, 0.5, 7.75 ],
    "to": [ 10.5, 8, 8.25 ],
    "faces": {
        "north": { "uv": [ 1.5, 1.5, 2, 9 ], "texture": "#texture" },
        "south": { "uv": [ 1.5, 1.5, 2, 9 ], "texture": "#texture" },
        "east":  { "uv": [ 1.5, 1.5, 2, 9 ], "texture": "#texture" }
    }
},
{
    "from": [ 5.5, 0.5, 10 ],
    "to": [ 6, 8, 10.5 ],
    "faces": {
        "north": { "uv": [ 1.5, 1.5, 2, 9 ], "texture": "#texture" },
        "south": { "uv": [ 1.5, 1.5, 2, 9 ], "texture": "#texture" },
        "west":  { "uv": [ 1.5, 1.5, 2, 9 ], "texture": "#texture" },
        "east":  { "uv": [ 1.5, 1.5, 2, 9 ], "texture": "#texture" }
    }
},
{
    "from": [ 5.5, 0.5, 7.75 ],
    "to": [ 6, 8, 8.25 ],
    "faces": {
        "north": { "uv": [ 1.5, 1.5, 2, 9 ], "texture": "#texture" },
        "south": { "uv": [ 1.5, 1.5, 2, 9 ], "texture": "#texture" },
        "west":  { "uv": [ 1.5, 1.5, 2, 9 ], "texture": "#texture" }
    }
},
{
    "from": [ 7.75, 0.5, 10 ],
    "to": [ 8.25, 8, 10.5 ],
    "faces": {
        "south": { "uv": [ 1.5, 1.5, 2, 9 ], "texture": "#texture" },
        "west":  { "uv": [ 1.5, 1.5, 2, 9 ], "texture": "#texture" },
        "east":  { "uv": [ 1.5, 1.5, 2, 9 ], "texture": "#texture" }
    }
},
{
    "from": [ 7.75, 0.5, 5.5 ],
    "to": [ 8.25, 8, 6 ],
    "faces": {
        "north": { "uv": [ 1.5, 1.5, 2, 9 ], "texture": "#texture" },
        "west":  { "uv": [ 1.5, 1.5, 2, 9 ], "texture": "#texture" },
        "east":  { "uv": [ 1.5, 1.5, 2, 9 ], "texture": "#texture" }
    }
},
{
    "from": [ 10, 0.5, 5.5 ],
    "to": [ 10.5, 8, 6 ],
    "faces": {
        "north": { "uv": [ 1.5, 1.5, 2, 9 ], "texture": "#texture" },
        "south": { "uv": [ 1.5, 1.5, 2, 9 ], "texture": "#texture" },
        "west":  { "uv": [ 1.5, 1.5, 2, 9 ], "texture": "#texture" },
        "east":  { "uv": [ 1.5, 1.5, 2, 9 ], "texture": "#texture" }
    }
},
{
    "__comment": "VeryTop*",
    "from": [ 7, 9.5, 7 ],
    "to": [ 9, 10, 9 ],
    "faces": {
        "up":    { "uv": [ 14, 2, 16, 4 ], "texture": "#texture" },
        "north": { "uv": [ 14, 2, 16, 2.5 ], "texture": "#texture" },
        "south": { "uv": [ 14, 2, 16, 2.5 ], "texture": "#texture" },
        "west":  { "uv": [ 14, 2, 16, 2.5 ], "texture": "#texture" },
        "east":  { "uv": [ 14, 2, 16, 2.5 ], "texture": "#texture" }
    }
},
{
    "__comment": "Top*",
    "from": [ 5.25, 8, 5.25 ],
    "to": [ 10.75, 8.5, 10.75 ],
    "faces": {
        "down":  { "uv": [ 2, 3, 7.5, 8.5 ], "texture": "#texture" },
        "north": { "uv": [ 2, 3, 7.5, 3.5 ], "texture": "#texture" },
        "south": { "uv": [ 2, 3, 7.5, 3.5 ], "texture": "#texture" },
        "west":  { "uv": [ 2, 3, 7.5, 3.5 ], "texture": "#texture" },
        "east":  { "uv": [ 2, 3, 7.5, 3.5 ], "texture": "#texture" }
    }
}
]
}