{
"__comment": "Designed by Ozo with BDcraft Cubik PRO 0.95 Beta - http://bdcraft.net",
"textures": {
    "particle": "blocks/lantern",
    "texture": "blocks/lantern"
},
"elements": [ 
{
    "__comment": "Bottom",
    "from": [ 5.25, 2, 8.75 ],
    "to": [ 10.75, 2.5, 14.25 ],
    "faces": {
        "down":  { "uv": [ 2, 3, 7.5, 8.5 ], "texture": "#texture" },
        "up":    { "uv": [ 2, 3, 7.5, 8.5 ], "texture": "#texture" },
        "north": { "uv": [ 2, 1, 7.5, 1.5 ], "texture": "#texture" },
        "south": { "uv": [ 2, 1, 7.5, 1.5 ], "texture": "#texture" },
        "west":  { "uv": [ 2, 1, 7.5, 1.5 ], "texture": "#texture" },
        "east":  { "uv": [ 2, 1, 7.5, 1.5 ], "texture": "#texture" }
    }
},
{
    "__comment": "Top",
    "from": [ 4.75, 10.5, 8.25 ],
    "to": [ 11.25, 11, 14.75 ],
    "faces": {
        "down":  { "uv": [ 0.5, 9.5, 7, 16 ], "texture": "#texture" },
        "up":    { "uv": [ 0.5, 9.5, 7, 16 ], "texture": "#texture" },
        "north": { "uv": [ 0.5, 9.5, 7, 10 ], "texture": "#texture" },
        "south": { "uv": [ 0.5, 9.5, 7, 10 ], "texture": "#texture" },
        "west":  { "uv": [ 0.5, 9.5, 7, 10 ], "texture": "#texture" },
        "east":  { "uv": [ 0.5, 9.5, 7, 10 ], "texture": "#texture" }
    }
},
{
    "__comment": "Lamp",
    "from": [ 6, 2.5, 9.5 ],
    "to": [ 10, 10, 13.5 ],
    "faces": {
        "north": { "uv": [ 11.5, 8.5, 15.5, 16 ], "texture": "#texture" },
        "south": { "uv": [ 11.5, 8.5, 15.5, 16 ], "texture": "#texture" },
        "west":  { "uv": [ 11.5, 8.5, 15.5, 16 ], "texture": "#texture" },
        "east":  { "uv": [ 11.5, 8.5, 15.5, 16 ], "texture": "#texture" }
    }
},
{
    "__comment": "Stick",
    "from": [ 5.5, 2.5, 9 ],
    "to": [ 6, 10, 9.5 ],
    "faces": {
        "north": { "uv": [ 1.5, 1.5, 2, 9 ], "texture": "#texture" },
        "south": { "uv": [ 1.5, 1.5, 2, 9 ], "texture": "#texture" },
        "west":  { "uv": [ 1.5, 1.5, 2, 9 ], "texture": "#texture" },
        "east":  { "uv": [ 1.5, 1.5, 2, 9 ], "texture": "#texture" }
    }
},
{
    "__comment": "VeryTop",
    "from": [ 6, 11, 9.5 ],
    "to": [ 10, 11.5, 13.5 ],
    "faces": {
        "up":    { "uv": [ 12, 4, 16, 8 ], "texture": "#texture" },
        "north": { "uv": [ 12, 4, 16, 4.5 ], "texture": "#texture" },
        "south": { "uv": [ 12, 4, 16, 4.5 ], "texture": "#texture" },
        "west":  { "uv": [ 12, 4, 16, 4.5 ], "texture": "#texture" },
        "east":  { "uv": [ 12, 4, 16, 4.5 ], "texture": "#texture" }
    }
},
{
    "from": [ 5.75, 7.75, 9.25 ],
    "to": [ 10.25, 8.25, 13.75 ],
    "faces": {
        "down":  { "uv": [ 2.5, 3.5, 7, 8 ], "texture": "#texture" },
        "up":    { "uv": [ 2.5, 3.5, 7, 8 ], "texture": "#texture" },
        "north": { "uv": [ 2.5, 1, 7, 1.5 ], "texture": "#texture" },
        "south": { "uv": [ 2.5, 1, 7, 1.5 ], "texture": "#texture" },
        "west":  { "uv": [ 2.5, 1, 7, 1.5 ], "texture": "#texture" },
        "east":  { "uv": [ 2.5, 1, 7, 1.5 ], "texture": "#texture" }
    }
},
{
    "from": [ 5.75, 4.5, 9.25 ],
    "to": [ 10.25, 5, 13.75 ],
    "faces": {
        "down":  { "uv": [ 2.5, 3.5, 7, 8 ], "texture": "#texture" },
        "up":    { "uv": [ 2.5, 3.5, 7, 8 ], "texture": "#texture" },
        "north": { "uv": [ 2.5, 1, 7, 1.5 ], "texture": "#texture" },
        "south": { "uv": [ 2.5, 1, 7, 1.5 ], "texture": "#texture" },
        "west":  { "uv": [ 2.5, 1, 7, 1.5 ], "texture": "#texture" },
        "east":  { "uv": [ 2.5, 1, 7, 1.5 ], "texture": "#texture" }
    }
},
{
    "from": [ 10, 2.5, 13.5 ],
    "to": [ 10.5, 10, 14 ],
    "faces": {
        "north": { "uv": [ 1.5, 1.5, 2, 9 ], "texture": "#texture" },
        "south": { "uv": [ 1.5, 1.5, 2, 9 ], "texture": "#texture" },
        "west":  { "uv": [ 1.5, 1.5, 2, 9 ], "texture": "#texture" },
        "east":  { "uv": [ 1.5, 1.5, 2, 9 ], "texture": "#texture" }
    }
},
{
    "from": [ 10, 2.5, 11.25 ],
    "to": [ 10.5, 10, 11.75 ],
    "faces": {
        "north": { "uv": [ 1.5, 1.5, 2, 9 ], "texture": "#texture" },
        "south": { "uv": [ 1.5, 1.5, 2, 9 ], "texture": "#texture" },
        "east":  { "uv": [ 1.5, 1.5, 2, 9 ], "texture": "#texture" }
    }
},
{
    "from": [ 5.5, 2.5, 13.5 ],
    "to": [ 6, 10, 14 ],
    "faces": {
        "north": { "uv": [ 1.5, 1.5, 2, 9 ], "texture": "#texture" },
        "south": { "uv": [ 1.5, 1.5, 2, 9 ], "texture": "#texture" },
        "west":  { "uv": [ 1.5, 1.5, 2, 9 ], "texture": "#texture" },
        "east":  { "uv": [ 1.5, 1.5, 2, 9 ], "texture": "#texture" }
    }
},
{
    "from": [ 5.5, 2.5, 11.25 ],
    "to": [ 6, 10, 11.75 ],
    "faces": {
        "north": { "uv": [ 1.5, 1.5, 2, 9 ], "texture": "#texture" },
        "south": { "uv": [ 1.5, 1.5, 2, 9 ], "texture": "#texture" },
        "west":  { "uv": [ 1.5, 1.5, 2, 9 ], "texture": "#texture" }
    }
},
{
    "from": [ 7.75, 2.5, 13.5 ],
    "to": [ 8.25, 10, 14 ],
    "faces": {
        "south": { "uv": [ 1.5, 1.5, 2, 9 ], "texture": "#texture" },
        "west":  { "uv": [ 1.5, 1.5, 2, 9 ], "texture": "#texture" },
        "east":  { "uv": [ 1.5, 1.5, 2, 9 ], "texture": "#texture" }
    }
},
{
    "from": [ 7.75, 2.5, 9 ],
    "to": [ 8.25, 10, 9.5 ],
    "faces": {
        "north": { "uv": [ 1.5, 1.5, 2, 9 ], "texture": "#texture" },
        "west":  { "uv": [ 1.5, 1.5, 2, 9 ], "texture": "#texture" },
        "east":  { "uv": [ 1.5, 1.5, 2, 9 ], "texture": "#texture" }
    }
},
{
    "from": [ 10, 2.5, 9 ],
    "to": [ 10.5, 10, 9.5 ],
    "faces": {
        "north": { "uv": [ 1.5, 1.5, 2, 9 ], "texture": "#texture" },
        "south": { "uv": [ 1.5, 1.5, 2, 9 ], "texture": "#texture" },
        "west":  { "uv": [ 1.5, 1.5, 2, 9 ], "texture": "#texture" },
        "east":  { "uv": [ 1.5, 1.5, 2, 9 ], "texture": "#texture" }
    }
},
{
    "__comment": "VeryTop*",
    "from": [ 7, 11.5, 10.5 ],
    "to": [ 9, 12, 12.5 ],
    "faces": {
        "up":    { "uv": [ 14, 2, 16, 4 ], "texture": "#texture" },
        "north": { "uv": [ 14, 2, 16, 2.5 ], "texture": "#texture" },
        "south": { "uv": [ 14, 2, 16, 2.5 ], "texture": "#texture" },
        "west":  { "uv": [ 14, 2, 16, 2.5 ], "texture": "#texture" },
        "east":  { "uv": [ 14, 2, 16, 2.5 ], "texture": "#texture" }
    }
},
{
    "from": [ 7.5, 13, 11 ],
    "to": [ 8.5, 14, 15.5 ],
    "faces": {
        "down":  { "uv": [ 1, 1, 2, 5.5 ], "texture": "#texture" },
        "up":    { "uv": [ 1, 2, 2, 6.5 ], "texture": "#texture" },
        "north": { "uv": [ 2, 6.5, 1, 7.5 ], "texture": "#texture" },
        "west":  { "uv": [ 1, 1, 5.5, 2 ], "texture": "#texture" },
        "east":  { "uv": [ 5.5, 1, 1, 2 ], "texture": "#texture" }
    }
},
{
    "from": [ 7, 12.5, 15.5 ],
    "to": [ 9, 14.5, 16 ],
    "faces": {
        "down":  { "uv": [ 4.5, 1, 6.5, 1.5 ], "texture": "#texture" },
        "up":    { "uv": [ 3.5, 1, 5.5, 1.5 ], "texture": "#texture" },
        "north": { "uv": [ 3.5, 4.5, 5.5, 6.5 ], "texture": "#texture" },
        "south": { "uv": [ 3.5, 4.5, 5.5, 6.5 ], "texture": "#texture", "cullface": "south" },
        "west":  { "uv": [ 1, 3.5, 1.5, 5.5 ], "texture": "#texture" },
        "east":  { "uv": [ 1, 2.5, 1.5, 4.5 ], "texture": "#texture" }
    }
},
{
    "from": [ 7.5, 12, 11 ],
    "to": [ 8.5, 13, 12 ],
    "faces": {
        "north": { "uv": [ 2, 4.5, 1, 5.5 ], "texture": "#texture" },
        "south": { "uv": [ 4, 5, 5, 6 ], "texture": "#texture" },
        "west":  { "uv": [ 1, 4.5, 2, 5.5 ], "texture": "#texture" },
        "east":  { "uv": [ 2, 3.5, 1, 4.5 ], "texture": "#texture" }
    }
},
{
    "__comment": "VeryTop*",
    "from": [ 6, 1.5, 9.5 ],
    "to": [ 10, 2, 13.5 ],
    "faces": {
        "down":  { "uv": [ 8, 4, 12, 8 ], "texture": "#texture" },
        "north": { "uv": [ 8, 4, 12, 4.5 ], "texture": "#texture" },
        "south": { "uv": [ 8, 4, 12, 4.5 ], "texture": "#texture" },
        "west":  { "uv": [ 8, 4, 12, 4.5 ], "texture": "#texture" },
        "east":  { "uv": [ 8, 4, 12, 4.5 ], "texture": "#texture" }
    }
},
{
    "__comment": "Top*",
    "from": [ 5.25, 10, 8.75 ],
    "to": [ 10.75, 10.5, 14.25 ],
    "faces": {
        "down":  { "uv": [ 2, 3, 7.5, 8.5 ], "texture": "#texture" },
        "north": { "uv": [ 2, 3, 7.5, 3.5 ], "texture": "#texture" },
        "south": { "uv": [ 2, 3, 7.5, 3.5 ], "texture": "#texture" },
        "west":  { "uv": [ 2, 3, 7.5, 3.5 ], "texture": "#texture" },
        "east":  { "uv": [ 2, 3, 7.5, 3.5 ], "texture": "#texture" }
    }
}
]
}