{
"textures": {
    "particle": "blocks/planks_jungle",
    "fence_jungle_post": "blocks/fence_jungle_post",
    "fence_jungle": "blocks/fence_jungle"
},
"elements": [ 
{
    "__comment": "Center post*",
    "from": [ 6.5, 0, 6.5 ],
    "to": [ 9.5, 16, 9.5 ],
    "faces": {
        "down":  { "uv": [ 6.5, 9.5, 9.5, 6.5 ], "texture": "#fence_jungle_post", "cullface": "down" },
        "up":    { "uv": [ 6.5, 6.5, 9.5, 9.5 ], "texture": "#fence_jungle_post" },
        "north": { "uv": [ 6.5, 0, 9.5, 16 ], "texture": "#fence_jungle_post" },
        "south": { "uv": [ 6.5, 0, 9.5, 16 ], "texture": "#fence_jungle_post" },
        "west":  { "uv": [ 6.5, 0, 9.5, 16 ], "texture": "#fence_jungle_post" },
        "east":  { "uv": [ 6.5, 0, 9.5, 16 ], "texture": "#fence_jungle_post" }
    }
}
]
}