{
"textures": {
    "particle": "blocks/planks_jungle",
    "fence_jungle_post": "blocks/fence_jungle_post",
    "fence_jungle": "blocks/fence_jungle"
},
"elements": [ 
{
    "__comment": "North-south lower bar",
    "from": [ 7.5, 10, 0 ],
    "to": [ 8.5, 12, 16 ],
    "faces": {
        "down":  { "uv": [ 7.5, 16, 8.5, 0 ], "texture": "#fence_jungle_post", "cullface": "down" },
        "up":    { "uv": [ 7.5, 0, 8.5, 16 ], "texture": "#fence_jungle_post" },
        "west":  { "uv": [ 0, 4, 16, 6 ], "texture": "#fence_jungle" },
        "east":  { "uv": [ 0, 4, 16, 6 ], "texture": "#fence_jungle" }
    }
},
{
    "__comment": "Center post*",
    "from": [ 6.5, 0, 6.5 ],
    "to": [ 9.5, 16, 9.5 ],
    "faces": {
        "down":  { "uv": [ 6.5, 9.5, 9.5, 6.5 ], "texture": "#fence_jungle_post", "cullface": "down" },
        "up":    { "uv": [ 6.5, 6.5, 9.5, 9.5 ], "texture": "#fence_jungle_post" },
        "north": { "uv": [ 6.5, 0, 9.5, 16 ], "texture": "#fence_jungle_post" },
        "south": { "uv": [ 6.5, 0, 9.5, 16 ], "texture": "#fence_jungle_post" },
        "west":  { "uv": [ 6.5, 0, 9.5, 16 ], "texture": "#fence_jungle_post" },
        "east":  { "uv": [ 6.5, 0, 9.5, 16 ], "texture": "#fence_jungle_post" }
    }
},
{
    "__comment": "Center post*",
    "from": [ 6, 0.5, 12 ],
    "to": [ 7.5, 15.5, 13.5 ],
    "faces": {
        "down":  { "uv": [ 6, 13.5, 7.5, 12 ], "texture": "#fence_jungle_post", "cullface": "down" },
        "up":    { "uv": [ 6, 12, 7.5, 13.5 ], "texture": "#fence_jungle_post" },
        "north": { "uv": [ 8.5, 0.5, 10, 15.5 ], "texture": "#fence_jungle_post" },
        "south": { "uv": [ 6, 0.5, 7.5, 15.5 ], "texture": "#fence_jungle_post" },
        "west":  { "uv": [ 12, 0.5, 13.5, 15.5 ], "texture": "#fence_jungle_post" },
        "east":  { "uv": [ 2.5, 0.5, 4, 15.5 ], "texture": "#fence_jungle_post" }
    }
},
{
    "__comment": "Center post*",
    "from": [ 8.5, 0, 2.5 ],
    "to": [ 10, 16, 4 ],
    "faces": {
        "down":  { "uv": [ 8.5, 4, 10, 2.5 ], "texture": "#fence_jungle_post", "cullface": "down" },
        "up":    { "uv": [ 8.5, 2.5, 10, 4 ], "texture": "#fence_jungle_post" },
        "north": { "uv": [ 6, 0, 7.5, 16 ], "texture": "#fence_jungle_post" },
        "south": { "uv": [ 8.5, 0, 10, 16 ], "texture": "#fence_jungle_post" },
        "west":  { "uv": [ 2.5, 0, 4, 16 ], "texture": "#fence_jungle_post" },
        "east":  { "uv": [ 12, 0, 13.5, 16 ], "texture": "#fence_jungle_post" }
    }
},
{
    "__comment": "North-south lower bar*",
    "from": [ 7.5, 4, 0 ],
    "to": [ 8.5, 5.5, 16 ],
    "faces": {
        "down":  { "uv": [ 9.5, 16, 10.5, 0 ], "texture": "#fence_jungle_post", "cullface": "down" },
        "up":    { "uv": [ 9.5, 0, 10.5, 16 ], "texture": "#fence_jungle_post" },
        "west":  { "uv": [ 0, 10.5, 16, 12 ], "texture": "#fence_jungle" },
        "east":  { "uv": [ 0, 10.5, 16, 12 ], "texture": "#fence_jungle" }
    }
},
{
    "__comment": "North-south lower bar*",
    "from": [ 0, 10, 7.5 ],
    "to": [ 16, 12, 8.5 ],
    "faces": {
        "down":  { "uv": [ 0, 8.5, 16, 7.5 ], "texture": "#fence_jungle_post", "cullface": "down" },
        "up":    { "uv": [ 0, 7.5, 16, 8.5 ], "texture": "#fence_jungle_post" },
        "north": { "uv": [ 0, 4, 16, 6 ], "texture": "#fence_jungle" },
        "south": { "uv": [ 0, 4, 16, 6 ], "texture": "#fence_jungle" }
    }
},
{
    "__comment": "North-south lower bar*",
    "from": [ 0, 4, 7.5 ],
    "to": [ 16, 5.5, 8.5 ],
    "faces": {
        "down":  { "uv": [ 8.5, 8.5, 16, 7.5 ], "texture": "#fence_jungle_post", "cullface": "down" },
        "up":    { "uv": [ 8.5, 7.5, 16, 8.5 ], "texture": "#fence_jungle_post" },
        "north": { "uv": [ 0, 4, 7.5, 6 ], "texture": "#fence_jungle" },
        "south": { "uv": [ 8.5, 4, 16, 6 ], "texture": "#fence_jungle" }
    }
},
{
    "__comment": "Center post*",
    "from": [ 12.5, 0, 6 ],
    "to": [ 14, 14, 7.5 ],
    "faces": {
        "down":  { "uv": [ 12.5, 7.5, 14, 6 ], "texture": "#fence_jungle_post", "cullface": "down" },
        "up":    { "uv": [ 12.5, 6, 14, 7.5 ], "texture": "#fence_jungle_post" },
        "north": { "uv": [ 2, 2, 3.5, 16 ], "texture": "#fence_jungle_post" },
        "south": { "uv": [ 12.5, 2, 14, 16 ], "texture": "#fence_jungle_post" },
        "west":  { "uv": [ 6, 2, 7.5, 16 ], "texture": "#fence_jungle_post" },
        "east":  { "uv": [ 8.5, 2, 10, 16 ], "texture": "#fence_jungle_post" }
    }
},
{
    "__comment": "Center post*",
    "from": [ 2, 0, 8.5 ],
    "to": [ 3.5, 14, 10 ],
    "faces": {
        "down":  { "uv": [ 2, 10, 3.5, 8.5 ], "texture": "#fence_jungle_post", "cullface": "down" },
        "up":    { "uv": [ 2, 8.5, 3.5, 10 ], "texture": "#fence_jungle_post" },
        "north": { "uv": [ 12.5, 2, 14, 16 ], "texture": "#fence_jungle_post" },
        "south": { "uv": [ 2, 2, 3.5, 16 ], "texture": "#fence_jungle_post" },
        "west":  { "uv": [ 8.5, 2, 10, 16 ], "texture": "#fence_jungle_post" },
        "east":  { "uv": [ 6, 2, 7.5, 16 ], "texture": "#fence_jungle_post" }
    }
}
]
}