{
"__comment": "Designed by Ozo with BDcraft Cubik PRO 0.76 Beta - http://bdcraft.net",
"ambientocclusion": false,
"textures": {
    "particle": "blocks/diamond_ore",
    "texture": "blocks/glass_silver"
},
"elements": [ 
{
    "from": [ 9, 15, 7.5 ],
    "to": [ 15, 16, 8.5 ],
    "faces": {
        "down":  { "uv": [ 9, 0.5, 15, 0 ], "texture": "#texture", "tintindex": 0 },
        "up":    { "uv": [ 1, 0, 7, 0.5 ], "texture": "#texture", "tintindex": 0 },
        "north": { "uv": [ 1, 0, 7, 0.5 ], "texture": "#texture", "tintindex": 0 },
        "south": { "uv": [ 9, 0, 15, 0.5 ], "texture": "#texture", "tintindex": 0 }
    }
},
{
    "from": [ 9, 0, 7.5 ],
    "to": [ 15, 1, 8.5 ],
    "faces": {
        "down":  { "uv": [ 9, 1, 15, 0 ], "texture": "#texture", "tintindex": 0 },
        "up":    { "uv": [ 9, 0, 15, 1 ], "texture": "#texture", "tintindex": 0 },
        "north": { "uv": [ 1, 15, 7, 16 ], "texture": "#texture", "tintindex": 0 },
        "south": { "uv": [ 9, 15, 15, 16 ], "texture": "#texture", "tintindex": 0 }
    }
},
{
    "from": [ 9, 1, 7.5 ],
    "to": [ 15, 15, 8 ],
    "faces": {
        "north": { "uv": [ 1, 1, 7, 15 ], "texture": "#texture", "tintindex": 0 },
        "south": { "uv": [ 9, 1, 15, 15 ], "texture": "#texture", "tintindex": 0 }
    }
},
{
    "from": [ 8, 1, 1 ],
    "to": [ 8.5, 15, 7 ],
    "faces": {
        "west":  { "uv": [ 1, 1, 7, 15 ], "texture": "#texture", "tintindex": 0 },
        "east":  { "uv": [ 9, 1, 15, 15 ], "texture": "#texture", "tintindex": 0 }
    }
},
{
    "from": [ 7.5, 0, 7 ],
    "to": [ 9, 16, 8.5 ],
    "faces": {
        "down":  { "uv": [ 7.5, 8.5, 8.5, 7.5 ], "texture": "#texture", "tintindex": 0 },
        "up":    { "uv": [ 7.5, 0, 8.5, 1 ], "texture": "#texture", "tintindex": 0 },
        "north": { "uv": [ 7, 0, 8.5, 16 ], "texture": "#texture", "tintindex": 0 },
        "south": { "uv": [ 7.5, 0, 9, 16 ], "texture": "#texture", "tintindex": 0 },
        "west":  { "uv": [ 7, 0, 8.5, 16 ], "texture": "#texture", "tintindex": 0 },
        "east":  { "uv": [ 7.5, 0, 9, 16 ], "texture": "#texture", "tintindex": 0 }
    }
},
{
    "from": [ 15, 0, 7.5 ],
    "to": [ 16, 16, 8.5 ],
    "faces": {
        "down":  { "uv": [ 7.5, 1, 8.5, 0 ], "texture": "#texture", "tintindex": 0 },
        "up":    { "uv": [ 7.5, 0, 8.5, 1 ], "texture": "#texture", "tintindex": 0 },
        "north": { "uv": [ 0, 0, 1, 16 ], "texture": "#texture", "tintindex": 0 },
        "south": { "uv": [ 15, 0, 16, 16 ], "texture": "#texture", "tintindex": 0 },
        "west":  { "uv": [ 7.5, 0, 8.5, 16 ], "texture": "#texture", "tintindex": 0 },
        "east":  { "uv": [ 7.5, 0, 8.5, 16 ], "texture": "#texture", "tintindex": 0 }
    }
},
{
    "from": [ 7.5, 0, 0 ],
    "to": [ 8.5, 16, 1 ],
    "faces": {
        "down":  { "uv": [ 7.5, 1, 8.5, 0 ], "texture": "#texture", "tintindex": 0 },
        "up":    { "uv": [ 7.5, 0, 8.5, 1 ], "texture": "#texture", "tintindex": 0 },
        "north": { "uv": [ 7.5, 0, 8.5, 16 ], "texture": "#texture", "tintindex": 0 },
        "south": { "uv": [ 7.5, 0, 8.5, 16 ], "texture": "#texture", "tintindex": 0 },
        "west":  { "uv": [ 0, 0, 1, 16 ], "texture": "#texture", "tintindex": 0 },
        "east":  { "uv": [ 15, 0, 16, 16 ], "texture": "#texture", "tintindex": 0 }
    }
},
{
    "from": [ 7.5, 0, 1 ],
    "to": [ 8.5, 1, 7 ],
    "faces": {
        "down":  { "uv": [ 7.5, 7, 8.5, 1 ], "texture": "#texture", "tintindex": 0 },
        "up":    { "uv": [ 7.5, 1, 8.5, 7 ], "texture": "#texture", "tintindex": 0 },
        "west":  { "uv": [ 1, 15, 7, 16 ], "texture": "#texture", "tintindex": 0 },
        "east":  { "uv": [ 9, 15, 15, 16 ], "texture": "#texture", "tintindex": 0 }
    }
},
{
    "from": [ 7.5, 15, 1 ],
    "to": [ 8.5, 16, 7 ],
    "faces": {
        "down":  { "uv": [ 7.5, 7, 8.5, 1 ], "texture": "#texture", "tintindex": 0 },
        "up":    { "uv": [ 7.5, 1, 8.5, 7 ], "texture": "#texture", "tintindex": 0 },
        "west":  { "uv": [ 1, 0, 7, 1 ], "texture": "#texture", "tintindex": 0 },
        "east":  { "uv": [ 9, 0, 15, 1 ], "texture": "#texture", "tintindex": 0 }
    }
}
]
}