{
"__comment": "Designed by Ozo with BDcraft Cubik PRO 0.76 Beta - http://bdcraft.net",
"ambientocclusion": false,
"textures": {
    "particle": "blocks/diamond_ore",
    "texture": "blocks/glass_silver"
},
"elements": [ 
{
    "from": [ 7.75, 1, 1 ],
    "to": [ 8.25, 15, 15 ],
    "faces": {
        "west":  { "uv": [ 1, 1, 15, 15 ], "texture": "#texture", "tintindex": 0 },
        "east":  { "uv": [ 1, 1, 15, 15 ], "texture": "#texture", "tintindex": 0 }
    }
},
{
    "from": [ 7.5, 1, 7 ],
    "to": [ 8.5, 15, 9 ],
    "faces": {
        "north": { "uv": [ 7.5, 1, 8.5, 15 ], "texture": "#texture", "tintindex": 0 },
        "south": { "uv": [ 7.5, 1, 8.5, 15 ], "texture": "#texture", "tintindex": 0 },
        "west":  { "uv": [ 7, 1, 9, 15 ], "texture": "#texture", "tintindex": 0 },
        "east":  { "uv": [ 7, 1, 9, 15 ], "texture": "#texture", "tintindex": 0 }
    }
},
{
    "from": [ 7.5, 1, 15 ],
    "to": [ 8.5, 15, 16 ],
    "faces": {
        "north": { "uv": [ 7.5, 1, 8.5, 15 ], "texture": "#texture", "tintindex": 0 },
        "south": { "uv": [ 7.5, 1, 8.5, 15 ], "texture": "#texture", "tintindex": 0 },
        "west":  { "uv": [ 15, 1, 16, 15 ], "texture": "#texture", "tintindex": 0 },
        "east":  { "uv": [ 0, 1, 1, 15 ], "texture": "#texture", "tintindex": 0 }
    }
},
{
    "from": [ 7.5, 1, 0 ],
    "to": [ 8.5, 15, 1 ],
    "faces": {
        "north": { "uv": [ 7.5, 1, 8.5, 15 ], "texture": "#texture", "tintindex": 0 },
        "south": { "uv": [ 7.5, 1, 8.5, 15 ], "texture": "#texture", "tintindex": 0 },
        "west":  { "uv": [ 0, 1, 1, 15 ], "texture": "#texture", "tintindex": 0 },
        "east":  { "uv": [ 15, 1, 16, 15 ], "texture": "#texture", "tintindex": 0 }
    }
},
{
    "from": [ 7.5, 0, 0 ],
    "to": [ 8.5, 1, 16 ],
    "faces": {
        "down":  { "uv": [ 7.5, 16, 8.5, 0 ], "texture": "#texture", "tintindex": 0 },
        "up":    { "uv": [ 7.5, 0, 8.5, 16 ], "texture": "#texture", "tintindex": 0 },
        "north": { "uv": [ 7.5, 15, 8.5, 16 ], "texture": "#texture", "tintindex": 0 },
        "south": { "uv": [ 7.5, 15, 8.5, 16 ], "texture": "#texture", "tintindex": 0 },
        "west":  { "uv": [ 0, 15, 16, 16 ], "texture": "#texture", "tintindex": 0 },
        "east":  { "uv": [ 0, 15, 16, 16 ], "texture": "#texture", "tintindex": 0 }
    }
},
{
    "from": [ 7.5, 15, 0 ],
    "to": [ 8.5, 16, 16 ],
    "faces": {
        "down":  { "uv": [ 7.5, 16, 8.5, 0 ], "texture": "#texture", "tintindex": 0 },
        "up":    { "uv": [ 7.5, 0, 8.5, 16 ], "texture": "#texture", "tintindex": 0 },
        "north": { "uv": [ 7.5, 0, 8.5, 1 ], "texture": "#texture", "tintindex": 0 },
        "south": { "uv": [ 7.5, 0, 8.5, 1 ], "texture": "#texture", "tintindex": 0 },
        "west":  { "uv": [ 0, 0, 16, 1 ], "texture": "#texture", "tintindex": 0 },
        "east":  { "uv": [ 0, 0, 16, 1 ], "texture": "#texture", "tintindex": 0 }
    }
}
]
}