{
"__comment": "Designed by Ozo with BDcraft Cubik PRO 0.95 Beta - http://bdcraft.net",
"textures": {
    "particle": "blocks/stonebrick",
    "texture": "blocks/stonebrick",
    "stairs_stonebrick_side": "blocks/stairs_stonebrick_side",
    "stairs_stonebrick_top": "blocks/stairs_stonebrick_top",
    "stonebrick_continuous": "blocks/stonebrick_continuous"
},
"elements": [ 
{
    "from": [ 8, 8, 0 ],
    "to": [ 16, 16, 16 ],
    "faces": {
        "up":    { "uv": [ 8, 0, 16, 16 ], "texture": "#stairs_stonebrick_top", "cullface": "up" },
        "north": { "uv": [ 8, 0, 16, 8 ], "texture": "#stairs_stonebrick_side", "cullface": "north" },
        "south": { "uv": [ 8, 0, 16, 8 ], "texture": "#stairs_stonebrick_side", "cullface": "south" },
        "west":  { "uv": [ 0, 0, 16, 8 ], "texture": "#texture" },
        "east":  { "uv": [ 0, 0, 16, 8 ], "texture": "#texture", "cullface": "east" }
    }
},
{
    "from": [ 0, 0, 0 ],
    "to": [ 16, 8, 16 ],
    "faces": {
        "down":  { "uv": [ 0, 0, 16, 16 ], "texture": "#texture", "cullface": "down" },
        "up":    { "uv": [ 0, 0, 16, 16 ], "texture": "#stairs_stonebrick_top" },
        "north": { "uv": [ 0, 0, 16, 8 ], "texture": "#stonebrick_continuous", "cullface": "north" },
        "south": { "uv": [ 0, 0, 16, 8 ], "texture": "#stonebrick_continuous", "cullface": "south" },
        "west":  { "uv": [ 0, 8, 16, 16 ], "texture": "#stonebrick_continuous", "cullface": "west" },
        "east":  { "uv": [ 0, 8, 16, 16 ], "texture": "#stonebrick_continuous", "cullface": "east" }
    }
}
]
}