{
"textures": {
    "particle": "blocks/brewing_stand_3d",
    "stand": "blocks/brewing_stand_3d"
},
"elements": [ 
{
    "from": [ 9, 2.5, 1.5 ],
    "to": [ 14, 6.5, 6.5 ],
    "faces": {
        "down":  { "uv": [ 8, 5.5, 3, 0.5 ], "texture": "#stand" },
        "up":    { "uv": [ 3, 0.5, 8, 5.5 ], "texture": "#stand" },
        "north": { "uv": [ 11, 4.5, 16, 8.5 ], "texture": "#stand" },
        "south": { "uv": [ 11, 4.5, 16, 8.5 ], "texture": "#stand" },
        "west":  { "uv": [ 11, 4.5, 16, 8.5 ], "texture": "#stand" },
        "east":  { "uv": [ 11, 4.5, 16, 8.5 ], "texture": "#stand" }
    }
},
{
    "from": [ 10, 8, 2.5 ],
    "to": [ 13, 9, 5.5 ],
    "faces": {
        "down":  { "uv": [ 5, 8.5, 2, 5.5 ], "texture": "#stand" },
        "up":    { "uv": [ 2, 5.5, 5, 8.5 ], "texture": "#stand" },
        "north": { "uv": [ 2, 8.5, 5, 9.5 ], "texture": "#stand" },
        "south": { "uv": [ 2, 8.5, 5, 9.5 ], "texture": "#stand" },
        "west":  { "uv": [ 2, 8.5, 5, 9.5 ], "texture": "#stand" },
        "east":  { "uv": [ 2, 8.5, 5, 9.5 ], "texture": "#stand" }
    }
},
{
    "from": [ 10.5, 6.5, 3 ],
    "to": [ 12.5, 8, 5 ],
    "faces": {
        "down":  { "uv": [ 14.5, 9, 12.5, 7 ], "texture": "#stand" },
        "up":    { "uv": [ 1.5, 7, 3.5, 9 ], "texture": "#stand" },
        "north": { "uv": [ 2, 9.5, 4, 11 ], "texture": "#stand" },
        "south": { "uv": [ 2, 9.5, 4, 11 ], "texture": "#stand" },
        "west":  { "uv": [ 2, 9.5, 4, 11 ], "texture": "#stand" },
        "east":  { "uv": [ 2, 9.5, 4, 11 ], "texture": "#stand" }
    }
}
]
}